{"type":"FeatureCollection","name":"provincias_IGN_simplificadas","features":[{"type":"Feature","properties":{"gid":"54","name":"Ciudad Autónoma de Buenos Aires","in1":"02","source":"IGN"},"geometry":{"type":"MultiPolygon","coordinates":[[[[-58.45535088799994,-34.52776287599994],[-58.361636344999965,-34.581155569999964],[-58.33514580499997,-34.62706726999994],[-58.461206441999934,-34.70541232199997],[-58.528880379999976,-34.654626909999934],[-58.53151210999994,-34.61551402999993],[-58.50077014999994,-34.54946027999995],[-58.45535088799994,-34.52776287599994]]]]}},{"type":"Feature","properties":{"gid":"55","name":"San Luis","in1":"74","source":"IGN"},"geometry":{"type":"MultiPolygon","coordinates":[[[[-67.05547011299996,-31.85605263499997],[-66.60453846599995,-31.923379482999962],[-66.36695320799998,-31.99801692999995],[-66.33745978999997,-31.94320604899997],[-66.29903148999995,-31.931308739999963],[-66.16018993999995,-31.962789009999938],[-66.13912400899994,-31.940982418999965],[-66.07925424999996,-31.971929129999978],[-66.06924302999994,-31.936466518999964],[-65.97902576899997,-31.889162832999943],[-65.90167339999994,-31.910417070999983],[-65.62804133099996,-31.89862684899998],[-65.24582926899996,-32.08901481999993],[-65.21204515699998,-32.32673626899998],[-64.97717965999993,-32.32135088999996],[-64.94354861899996,-32.29798722099997],[-64.92333222099995,-32.32778955999993],[-64.91915104999998,-32.48378839999998],[-64.88269853999998,-32.531611339999984],[-64.92146840999993,-32.62361777099994],[-64.90946221099995,-32.68539709999993],[-64.94818856699999,-32.72283997699998],[-64.96306225999996,-32.863254679999955],[-65.02230877599999,-32.973040296999955],[-64.99970389699996,-33.00266458599998],[-65.07080072999997,-33.138276649999966],[-65.14299923999994,-33.19477482999997],[-65.10922556999998,-33.95056865099997],[-65.10780944899994,-35.99906178899994],[-66.63784831099997,-36.00059325899997],[-66.62224128299994,-35.84835687299994],[-66.54767338999994,-35.63877404999994],[-66.57023591799998,-35.58116432099996],[-66.52515323899996,-35.54019725999996],[-66.49556448899995,-35.31053609099996],[-66.51951071999997,-35.27429053999998],[-66.48415585999999,-35.24080732899995],[-66.47799519999995,-35.14187002999995],[-66.54091673099998,-35.014867719999984],[-66.52491555899996,-34.943596888999934],[-66.55474435999997,-34.91051478999998],[-66.56116171099995,-34.832748299999935],[-66.64966744999998,-34.75833071699998],[-66.64061329099997,-34.717475579999984],[-66.69011009899998,-34.69073143999998],[-66.70306363999998,-34.61978043999994],[-66.75720470999994,-34.56659825999998],[-66.75437156899994,-34.44312453099997],[-66.79531189999994,-34.411366699999974],[-66.76417585099995,-34.37905476999998],[-66.81189005999994,-34.34510383999998],[-66.77611925999997,-34.29861439999996],[-66.80119446999998,-34.25836503099998],[-66.78425978999996,-34.23255772099998],[-66.71888339999998,-34.21193300999994],[-66.71133706999996,-34.14733916999995],[-66.73373838099997,-34.13696394999994],[-66.66611849999998,-33.959200359999954],[-66.87325638099998,-33.832945569999936],[-66.88325556999996,-33.76870931999997],[-67.00481728199998,-33.66730685799996],[-66.99847081999997,-33.63272705899993],[-67.13543375999996,-33.46456069899995],[-67.18017696999993,-33.252241340999944],[-67.17420950999997,-33.07717428899997],[-67.19798929299998,-33.04417064099994],[-67.17928566999996,-33.00350862999994],[-67.23235004999998,-32.88499866899997],[-67.17798080999995,-32.82034989899995],[-67.16633449999995,-32.75871632899998],[-67.25687146899998,-32.62553029999998],[-67.26280742399996,-32.553145368999935],[-67.29733643999998,-32.53613163999995],[-67.28925532999995,-32.44306566999995],[-67.32048127099995,-32.389168050999956],[-67.26379929899997,-32.38185943099995],[-67.27800789399998,-32.29232398999994],[-67.37039046599995,-32.246281420999935],[-67.38197033299997,-32.211264324999945],[-67.37924421599996,-31.86811593899995],[-67.24153625099996,-31.880804981999972],[-67.13672870499994,-31.833804675999943],[-67.05547011299996,-31.85605263499997]]]]}},{"type":"Feature","properties":{"gid":"56","name":"Santa Fe","in1":"82","source":"IGN"},"geometry":{"type":"MultiPolygon","coordinates":[[[[-61.046389630999954,-27.99800093999994],[-58.88400466999997,-28.000000916999966],[-58.88082187799995,-28.066824880999945],[-58.94511298599997,-28.133774296999945],[-59.06241250099998,-28.12810873999996],[-59.10786811599996,-28.222766134999972],[-59.08597707499996,-28.435965838999948],[-59.04885748399994,-28.493310847999965],[-59.100007983999944,-28.576399183999968],[-59.105012762999934,-28.633936990999928],[-59.07860074599995,-28.667487388999973],[-59.16045420299997,-28.794788551999943],[-59.15807474099995,-28.877355846999933],[-59.210898775999965,-28.977531151999983],[-59.19971530899994,-29.031544915999973],[-59.257536210999945,-29.089603764999936],[-59.34676599699998,-29.11435015799998],[-59.40781438999994,-29.22137577899997],[-59.50063342499993,-29.243517511999983],[-59.51978798499994,-29.343189025999948],[-59.60428319099998,-29.39474316299993],[-59.57995317099994,-29.459847889999935],[-59.59018485299998,-29.56977898699995],[-59.61754865399996,-29.775840305999964],[-59.65966511299996,-29.843179050999936],[-59.604699564999976,-29.902665574999958],[-59.566390242999944,-30.008075694999945],[-59.636584341999935,-30.237455731999944],[-59.71082352399998,-30.270292292999954],[-59.666512299999965,-30.366249101999983],[-59.723559877999946,-30.408900939999967],[-59.65140272299993,-30.510979816999964],[-59.64585632899997,-30.59703743299997],[-59.678405761999954,-30.64691162099996],[-59.633300780999946,-30.713928222999982],[-59.69939420099996,-30.76907246099995],[-59.734848168999974,-30.876624095999944],[-59.81817626999998,-30.94250488299997],[-59.87792968799994,-31.056213378999928],[-59.963378905999946,-31.119873046999942],[-60.00268554699994,-31.238586425999983],[-60.105590819999975,-31.289916990999984],[-60.086791991999974,-31.346984862999932],[-60.14349365199996,-31.44360351499995],[-60.21235440799995,-31.467815508999934],[-60.24400123899994,-31.530395330999966],[-60.332806708999954,-31.547156194999957],[-60.33066519399995,-31.608546287999957],[-60.467590331999986,-31.698303222999982],[-60.584077785999966,-31.70848364799997],[-60.638793944999975,-31.74200439499998],[-60.63856744199995,-31.787481751999962],[-60.67578124999994,-31.811706542999957],[-60.65722656299994,-31.911315916999968],[-60.72184857599996,-31.96617926899995],[-60.65600585899995,-32.067077636999954],[-60.700381850999975,-32.14976901999995],[-60.679018277999944,-32.31952922299996],[-60.718993222999984,-32.334043934999954],[-60.72381591699997,-32.456115721999936],[-60.776184081999986,-32.50701904299996],[-60.71600341799996,-32.77362060499996],[-60.658874511999954,-32.83117675799997],[-60.67620849599996,-32.89959716699997],[-60.493408202999944,-33.13140869099993],[-60.39205528699995,-33.18898425699996],[-60.30306344699994,-33.18351149799997],[-60.29782863199995,-33.24228418399997],[-60.25239243899995,-33.27541506999995],[-60.272714108999935,-33.26386310199996],[-60.33528776999998,-33.41210453999997],[-60.41021699999993,-33.467886239999984],[-60.413831399999935,-33.54501170999998],[-60.457380290999936,-33.58235972999995],[-60.462817359999974,-33.63418676999993],[-60.55694883999996,-33.64659803999996],[-60.68458224899996,-33.585156576999964],[-60.78195066999996,-33.57896899999997],[-60.818249349999974,-33.54029323999998],[-60.879089789999966,-33.55473418999998],[-60.93403320999994,-33.654726660999984],[-61.719753407999974,-34.38555468799996],[-62.88390871099995,-34.38654976799995],[-61.92324889099996,-33.119580611999936],[-61.787668387999986,-33.00620171299994],[-61.77155220999998,-32.90146499999997],[-61.795699068999966,-32.77396632099993],[-61.857987898999966,-32.694551528999966],[-61.94662570099996,-32.67848054999996],[-61.88949484099999,-32.61079757099998],[-61.92638057099998,-32.58403440999996],[-61.90247738099998,-32.568618836999974],[-61.930573409999965,-32.54450597999994],[-61.914512188999936,-32.494663610999964],[-62.03788935999995,-32.26291441999996],[-62.14534581899994,-32.193478778999975],[-62.19677964999994,-32.11476977899997],[-62.16779747999993,-31.98601033899996],[-62.22349012899997,-31.883933639999952],[-62.218088749999936,-31.74057111899998],[-62.241683128999966,-31.699676787999977],[-62.123494849999986,-31.60540760999993],[-61.84217548999993,-30.744316089999984],[-62.13065311099996,-30.480432519999965],[-61.712044910999964,-27.998552208999968],[-61.046389630999954,-27.99800093999994]]]]}},{"type":"Feature","properties":{"gid":"57","name":"Tucumán","in1":"90","source":"IGN"},"geometry":{"type":"MultiPolygon","coordinates":[[[[-65.35915425099995,-26.059437688999935],[-65.29790603099997,-26.081735545999948],[-65.27533764999998,-26.171236808999936],[-65.04072531399999,-26.229932996999935],[-65.03950901899998,-26.290333733999944],[-64.97251806399998,-26.274381328999937],[-64.95118208799994,-26.30684808199993],[-64.79041182699996,-26.223718168999937],[-64.66649795099994,-26.24269850099995],[-64.49752310799994,-26.21614505699995],[-64.48178757999995,-26.307587079999962],[-64.53476746999996,-26.410118058999956],[-64.49858154099996,-26.673589859999936],[-64.58702018999998,-26.657929068999977],[-64.58707692299998,-26.658195124999963],[-64.61788942299995,-26.80269319699994],[-64.67223487999996,-26.794222549999972],[-64.67770763999994,-26.82497707999994],[-64.70730480999998,-26.82005410599993],[-64.70739141999996,-26.82003969999994],[-64.74258639899995,-27.004409796999937],[-64.76686426099997,-27.01481285999995],[-64.85425888999998,-27.318301210999948],[-64.97436526999996,-27.350918409999963],[-65.00886790899995,-27.48371254999995],[-64.96811963999994,-27.505365642999948],[-64.96621607099996,-27.55128924099995],[-65.02711523699998,-27.587145178999947],[-64.98602508199997,-27.741646118999938],[-65.02814154199996,-27.75271061099994],[-65.03903723999997,-27.879260578999947],[-65.15958364899996,-27.877018668999938],[-65.17079821899995,-27.946464539999965],[-65.37088445999996,-27.846144769999967],[-65.49844727199996,-27.92277188299994],[-65.57632827999998,-28.014122719999932],[-65.61748724199998,-27.97168839699998],[-65.66626619099998,-27.973235046999946],[-65.70391372599994,-27.808093763999977],[-65.75323549099994,-27.769969593999974],[-65.79882224099998,-27.786764867999977],[-65.83225787799995,-27.85092137999993],[-65.86548656099995,-27.68900843299997],[-65.93003202899996,-27.646509140999967],[-65.97118480899996,-27.524442798999928],[-65.97197386799996,-27.332926131999955],[-66.13958189899995,-27.26182825999996],[-65.85778963299998,-26.929196342999944],[-65.90047450299994,-26.863790088999963],[-65.83016143199995,-26.744222176999983],[-66.04218983799996,-26.600372424999932],[-66.17123985899997,-26.631212371999936],[-66.17693243999997,-26.472451280999962],[-66.15827179699994,-26.40135644099996],[-66.11912966299997,-26.376966967999977],[-66.09975697099998,-26.220485677999932],[-65.71775866999997,-26.352467386999933],[-65.68851522099993,-26.117262021999977],[-65.61363294599994,-26.123472968999977],[-65.54814569899997,-26.087534769999934],[-65.42455616999996,-26.109014875999947],[-65.35915425099995,-26.059437688999935]]]]}},{"type":"Feature","properties":{"gid":"58","name":"Jujuy","in1":"38","source":"IGN"},"geometry":{"type":"MultiPolygon","coordinates":[[[[-66.20766092199995,-21.78835416299995],[-66.07630555599997,-21.83497499999993],[-66.04327777799995,-21.871938888999978],[-66.04816666599999,-21.919016666999937],[-65.92477777799996,-21.93354999999997],[-65.74826351099995,-22.109144739999977],[-65.58900638299997,-22.098582161999957],[-65.57464464199995,-22.076203661999955],[-65.18656669899997,-22.08534968799995],[-65.24029501299998,-22.27924760299993],[-65.22661311299998,-22.32015053699996],[-65.26273333099994,-22.338258235999945],[-65.34712391799997,-22.520101417999967],[-65.35069368299997,-22.602261704999933],[-65.27166158299997,-22.648230418999958],[-65.30606135099998,-22.730399675999934],[-65.25168932799994,-22.927957033999974],[-65.19902392399996,-22.95805721599993],[-65.18891121499996,-22.998151133999954],[-65.06682963699996,-23.047260988999938],[-65.07169497999996,-23.137652310999954],[-65.04501953199997,-23.15573797099995],[-65.07197455799997,-23.22031834099994],[-65.03864838199996,-23.226903964999963],[-65.01011454899998,-23.285114130999943],[-64.94727832099994,-23.269147936999957],[-64.91017718699999,-23.31081230999996],[-64.90666463299993,-23.423791360999928],[-64.86422373999994,-23.484962767999946],[-64.78747552299996,-23.49616118199998],[-64.68253278299994,-23.45243253299998],[-64.53256050599998,-23.52135650599996],[-64.44833370999999,-23.63941589999996],[-64.39319200999995,-23.610071019999964],[-64.35433137799998,-23.517996720999975],[-64.15705693099994,-23.51804197599995],[-64.16184118699994,-24.22106069199998],[-64.28877696599994,-24.407115615999942],[-64.31834031799997,-24.427159655999958],[-64.42165196299999,-24.40220558599998],[-64.49999993699998,-24.50636901699994],[-64.53575587099994,-24.50761917099993],[-64.56013221899997,-24.57722863799995],[-64.64754777099995,-24.613357166999947],[-64.72582629199997,-24.529900532999932],[-64.84269817799998,-24.467084530999955],[-64.88547892999998,-24.520844825999973],[-64.88371136099994,-24.57187996999994],[-64.92740747999994,-24.599772542999972],[-65.07967223699995,-24.562184641999977],[-65.19411898599998,-24.45986030299997],[-65.31731183599999,-24.50233763899996],[-65.35884344399994,-24.46132180999996],[-65.43466258999996,-24.462178415999972],[-65.46428519399996,-24.430577151999955],[-65.54042019299993,-24.451516408999964],[-65.65633148899997,-24.37741999399998],[-65.68268702999995,-24.307724194999935],[-65.67083803799994,-24.252932845999965],[-65.72501731899996,-24.18599989699993],[-65.74626835499998,-24.062438552999936],[-65.86736956899995,-24.003330166999945],[-65.94754539499996,-24.007160858999953],[-65.94200957199996,-23.96746266499997],[-65.99257311699995,-23.979954833999955],[-66.02192638399998,-23.861713076999933],[-65.98721932999996,-23.509654375999958],[-66.16374467599996,-23.41543575999998],[-66.23961615799993,-23.49245921599993],[-66.26490586299997,-23.566252910999935],[-66.31112689299994,-23.561375015999943],[-66.33034104099994,-23.65661294299997],[-66.36757960499995,-23.694624830999942],[-66.36814076199994,-23.971905405999962],[-66.33944907899996,-23.98434681799995],[-66.36228728699996,-24.08735685299996],[-66.48335545299994,-24.212997677999965],[-66.64627618099996,-24.172513109999954],[-66.74573764899998,-24.08923197699994],[-66.83737151199995,-24.070738560999928],[-66.88064055999996,-23.974390565999954],[-66.94112128899997,-23.984036163999974],[-66.99283618299995,-23.889906818999975],[-67.21304744099996,-23.694916735999982],[-66.99050277799995,-23.000005555999962],[-67.18049999999994,-22.814127777999943],[-67.12774999999993,-22.722113888999957],[-67.01408333299997,-22.654813888999968],[-67.02724999999998,-22.540883332999954],[-66.97294444399995,-22.540658332999953],[-66.92855555599994,-22.492227776999982],[-66.78247222199997,-22.43807499999997],[-66.73927777799997,-22.238458331999936],[-66.34775253299995,-22.128026509999927],[-66.32553592599999,-22.088322001999927],[-66.28860427799998,-22.08695494699998],[-66.24279396899993,-21.793294113999934],[-66.20766092199995,-21.78835416299995]]]]}},{"type":"Feature","properties":{"gid":"59","name":"Santiago del Estero","in1":"86","source":"IGN"},"geometry":{"type":"MultiPolygon","coordinates":[[[[-62.37913129999998,-25.651949959999968],[-61.71181554999998,-25.654743761999953],[-61.712044910999964,-27.998552208999968],[-62.13065311099996,-30.480432519999965],[-62.157560030999946,-30.396158759999935],[-62.17379362599996,-30.345314362999943],[-62.52007745399993,-30.341897535999976],[-62.59361800399995,-30.259582672999954],[-62.59680123099997,-30.16574221199994],[-62.556483207999975,-30.062786762999963],[-62.655439667999985,-30.05529213099993],[-62.66236922099995,-29.999255157999983],[-62.79133600299997,-29.960588917999928],[-62.83854986999995,-29.86587591999995],[-62.806339510999976,-29.83377349799997],[-63.45961706999998,-29.756934358999956],[-63.48046870999997,-29.72554550999996],[-63.465352279999934,-29.664483829999938],[-63.71899512999994,-29.666216841999983],[-63.81182149099993,-29.579125829999953],[-63.87385556899994,-29.63078669099997],[-63.95779810099998,-29.623503098999947],[-63.98080164999993,-29.551029339999957],[-64.27548152899993,-29.498673708999945],[-64.82462822799994,-29.574304841999947],[-64.82593692999995,-29.473653645999946],[-64.78596949299998,-29.40549701799995],[-64.84229418999996,-29.31274849099998],[-64.82474719999993,-29.273778925999977],[-64.78096511799998,-29.26759232699993],[-64.85449046099995,-29.19739822799994],[-64.90112789699998,-28.84131189599998],[-65.01662655999996,-28.737805341999945],[-65.12683540099994,-28.716219096999964],[-65.13652164899997,-28.64688019099998],[-65.18832537099996,-28.61915332999996],[-65.12589062699993,-28.611467689999984],[-65.09708862999997,-28.470938028999967],[-65.11239141999994,-28.186654129999965],[-65.17813190199996,-27.916417209999963],[-65.15958364899996,-27.877018668999938],[-65.03903723999997,-27.879260578999947],[-65.02814154199996,-27.75271061099994],[-64.98602508199997,-27.741646118999938],[-65.02711523699998,-27.587145178999947],[-64.96621607099996,-27.55128924099995],[-64.96811963999994,-27.505365642999948],[-65.00886790899995,-27.48371254999995],[-64.97436526999996,-27.350918409999963],[-64.85425888999998,-27.318301210999948],[-64.76686426099997,-27.01481285999995],[-64.74258639899995,-27.004409796999937],[-64.70739141999996,-26.82003969999994],[-64.70730480999998,-26.82005410599993],[-64.67770763999994,-26.82497707999994],[-64.67223487999996,-26.794222549999972],[-64.61788942299995,-26.80269319699994],[-64.58707692299998,-26.658195124999963],[-64.58702018999998,-26.657929068999977],[-64.49858154099996,-26.673589859999936],[-64.53476746999996,-26.410118058999956],[-64.48178757999995,-26.307587079999962],[-64.50210222999993,-26.23947500999998],[-64.41668277799994,-26.114299081999945],[-64.41301054099995,-26.04048260999997],[-64.26796553899999,-25.700569279999968],[-64.02554660899995,-25.753939469999978],[-64.02544528599998,-25.753480769999953],[-64.00783738999996,-25.67376637999996],[-63.475520089999975,-25.709950068999945],[-63.422411840999985,-25.649220129999946],[-62.37913129999998,-25.651949959999968]]]]}},{"type":"Feature","properties":{"gid":"60","name":"Córdoba","in1":"14","source":"IGN"},"geometry":{"type":"MultiPolygon","coordinates":[[[[-63.89430790899996,-29.628595959999984],[-63.84191174999995,-29.580767099999946],[-63.78376998999994,-29.584166538999966],[-63.79605454099993,-29.61443189099998],[-63.71899512999994,-29.666216841999983],[-63.465352279999934,-29.664483829999938],[-63.48046870999997,-29.72554550999996],[-63.45961706999998,-29.756934358999956],[-62.806339510999976,-29.83377349799997],[-62.83854986999995,-29.86587591999995],[-62.79133600299997,-29.960588917999928],[-62.66236922099995,-29.999255157999983],[-62.655439667999985,-30.05529213099993],[-62.556483207999975,-30.062786762999963],[-62.59680123099997,-30.16574221199994],[-62.59361800399995,-30.259582672999954],[-62.52007745399993,-30.341897535999976],[-62.17379362599996,-30.345314362999943],[-62.157560030999946,-30.396158759999935],[-62.13065311099996,-30.480432519999965],[-61.84217548999993,-30.744316089999984],[-62.123494849999986,-31.60540760999993],[-62.241683128999966,-31.699676787999977],[-62.218088749999936,-31.74057111899998],[-62.22349012899997,-31.883933639999952],[-62.16779747999993,-31.98601033899996],[-62.19677964999994,-32.11476977899997],[-62.14534581899994,-32.193478778999975],[-62.03788935999995,-32.26291441999996],[-61.914512188999936,-32.494663610999964],[-61.930573409999965,-32.54450597999994],[-61.90247738099998,-32.568618836999974],[-61.92638057099998,-32.58403440999996],[-61.88949484099999,-32.61079757099998],[-61.94662570099996,-32.67848054999996],[-61.857987898999966,-32.694551528999966],[-61.795699068999966,-32.77396632099993],[-61.77155220999998,-32.90146499999997],[-61.787668387999986,-33.00620171299994],[-61.92324889099996,-33.119580611999936],[-62.88390871099995,-34.38654976799995],[-63.385083178999935,-34.38576131199994],[-63.38573379799993,-35.00221764999998],[-65.10675931799994,-35.01533023099995],[-65.10922556999998,-33.95056865099997],[-65.14299923999994,-33.19477482999997],[-65.07080072999997,-33.138276649999966],[-64.99970389699996,-33.00266458599998],[-65.02230877599999,-32.973040296999955],[-64.96306225999996,-32.863254679999955],[-64.97067447199998,-32.80505035199997],[-64.90946221099995,-32.68539709999993],[-64.92146840999993,-32.62361777099994],[-64.88287413899997,-32.529721249999966],[-64.91915104999998,-32.48378839999998],[-64.94140710099998,-32.29834414099997],[-64.97717965999993,-32.32135088999996],[-65.21204515699998,-32.32673626899998],[-65.24582926899996,-32.08901481999993],[-65.62804133099996,-31.89862684899998],[-65.76982155799993,-31.888605798999947],[-65.77145966099994,-31.044159168999954],[-65.52524493899995,-30.490815509999948],[-65.42298521799995,-30.119602481999948],[-65.15827018299996,-30.047266870999977],[-64.93793209899997,-29.847511122999947],[-64.96405219199994,-29.596091497999964],[-64.27548152899993,-29.498673708999945],[-63.98080164999993,-29.551029339999957],[-63.95779810099998,-29.623503098999947],[-63.89430790899996,-29.628595959999984]]]]}},{"type":"Feature","properties":{"gid":"61","name":"La Pampa","in1":"42","source":"IGN"},"geometry":{"type":"MultiPolygon","coordinates":[[[[-63.385884147999946,-35.01092790599995],[-63.383269419999976,-39.32849159799997],[-63.512012409999954,-39.31266035099998],[-63.558031479999954,-39.261445709999975],[-63.742993840999986,-39.18884739999993],[-63.78820800799997,-39.109191892999945],[-63.83495287299996,-39.13630659199998],[-63.87029555699996,-39.095952635999936],[-63.93280029199997,-39.09350585899995],[-63.933462557999974,-39.06159151899993],[-63.99861125999996,-39.03557289099996],[-63.991599709999946,-39.010914398999944],[-64.02356762999995,-39.01749702099994],[-64.01370391999995,-39.00090019999993],[-64.06248768899997,-39.01003357899998],[-64.39739990099997,-38.87322997999996],[-65.11344681999998,-38.79971175899993],[-65.19159236099995,-38.809818838999945],[-65.19182053899993,-38.83636967999996],[-65.28051757799994,-38.82141113199998],[-65.37453206999999,-38.85587948899996],[-65.58494051099996,-38.77452746999995],[-65.69112146999998,-38.83478304899995],[-65.78726291999993,-38.794617338999956],[-65.86430680099994,-38.79979645999998],[-65.95100750699999,-38.74726472699996],[-66.06467081099998,-38.75114292999996],[-66.08463590999997,-38.72526758899994],[-66.31506165099995,-38.76129036999998],[-66.53861539099995,-38.720852710999964],[-66.60714386799998,-38.67909317099998],[-66.57818603299995,-38.62280273199997],[-66.63587936999994,-38.54206501999994],[-66.89697265599995,-38.44372558599997],[-66.99578857299997,-38.44567870999998],[-67.15299221099997,-38.356795181999985],[-67.15311323999998,-38.29134194899996],[-67.19659423799993,-38.25378417999997],[-67.18761336899996,-38.214503417999936],[-67.34417724599996,-38.251770018999935],[-67.54791259799998,-38.25628662099996],[-67.65649414099994,-38.20178222699997],[-67.75065195999997,-38.05612733999993],[-67.85075315899996,-38.06547168999998],[-67.90328037899997,-37.98208639899997],[-67.73647673999994,-37.858046488999946],[-67.72078987999998,-37.81059018099995],[-67.78558349599996,-37.65228271299998],[-67.87058741999994,-37.61288282099997],[-68.25425276999994,-37.571931208999956],[-68.25018310199994,-36.17248535099998],[-68.29613164999995,-36.172546670999964],[-68.29641030199997,-35.997621719999984],[-65.10780944899994,-35.99906178899994],[-65.10675931799994,-35.01533023099995],[-63.385884147999946,-35.01092790599995]]]]}},{"type":"Feature","properties":{"gid":"62","name":"Chaco","in1":"22","source":"IGN"},"geometry":{"type":"MultiPolygon","coordinates":[[[[-62.324339549999934,-24.12318408899995],[-62.18268243899996,-24.15502860999993],[-62.18078099899998,-24.195150009999963],[-62.136097209999946,-24.19602206999997],[-62.138474008999935,-24.21869357999998],[-62.076428490999945,-24.201301040999965],[-62.08285694999995,-24.230463719999932],[-62.05528609999993,-24.211282189999963],[-62.04102531899997,-24.240489259999947],[-61.94500270899994,-24.239181629999962],[-61.95450989899996,-24.261409568999966],[-61.90783785899998,-24.259432068999956],[-61.90851647699998,-24.306762291999974],[-61.88368133999995,-24.266639099999963],[-61.87932076599998,-24.307321472999945],[-61.83994826999998,-24.30149708899995],[-61.79859199899994,-24.336345389999963],[-61.761513959999945,-24.306724949999932],[-61.69401291899999,-24.365958838999973],[-61.71397800999995,-24.383375230999945],[-61.694488270999955,-24.41515390899997],[-61.61034964999993,-24.42168276999996],[-61.60416997999994,-24.45562734999993],[-61.58284424799996,-24.441594150999947],[-61.596402730999955,-24.479292726999972],[-61.518605278999985,-24.51913978899995],[-61.45395638999997,-24.61217468999996],[-61.38272515899996,-24.612757318999968],[-61.381226390999984,-24.637812218999954],[-61.25573149899998,-24.621735069999943],[-61.24432286999996,-24.653452839999943],[-61.230062088999944,-24.635205249999956],[-61.19726228099995,-24.661272408999935],[-61.217702739999936,-24.665616399999976],[-61.208073845999934,-24.69802644899994],[-61.18014934099995,-24.72250854899994],[-61.15685672999996,-24.703836919999958],[-61.17159287099997,-24.734231139999963],[-61.144022028999984,-24.804977149999957],[-60.92155379999997,-24.97928049899997],[-60.94009281999996,-25.004408179999928],[-60.82172831099996,-25.034294699999975],[-60.81412255999999,-25.07456487999997],[-60.748522959999946,-25.069369479999978],[-60.767537338999944,-25.090582628999982],[-60.72144681999998,-25.12521023299996],[-60.65345106999996,-25.119582340999955],[-60.670564009999964,-25.149007779999977],[-60.63063381099994,-25.177560908999965],[-60.57121387999996,-25.169774359999963],[-60.568361728999946,-25.198755068999958],[-60.52964797299995,-25.171783646999927],[-60.42749900999996,-25.315397149999967],[-60.35429364999993,-25.322742219999952],[-60.346212539999954,-25.380191028999946],[-60.31293737999994,-25.388395740999954],[-60.333853198999975,-25.391418390999945],[-60.307708428999945,-25.405666990999975],[-60.322919929999955,-25.424230799999975],[-60.29582443999993,-25.409984418999954],[-60.274433260999956,-25.46652820999998],[-60.22452051999994,-25.485082530999932],[-60.23783058899994,-25.559270869999978],[-60.20503078099995,-25.573930510999958],[-60.22642195999998,-25.586001799999963],[-60.18411496999994,-25.611433698999974],[-60.20312934899994,-25.613588689999972],[-60.176984578999964,-25.659696139999937],[-60.14228333899996,-25.63729102999997],[-60.034852099999966,-25.689419430999976],[-60.01155948899998,-25.72946939999997],[-59.97971039999999,-25.723010649999935],[-59.954991709999945,-25.76993615999993],[-59.87750811999996,-25.80221346899998],[-59.87906330599998,-25.84198661299996],[-59.826802896999936,-25.889937050999947],[-59.75345839099998,-25.920720839999944],[-59.72509392899997,-25.999757560999967],[-59.671167828999955,-26.003304008999976],[-59.66045641299996,-26.14340154699994],[-59.60586074599996,-26.114628911999944],[-59.57422878899996,-26.152814758999966],[-59.43830118699998,-26.149131920999935],[-59.38130715699998,-26.261717060999956],[-59.40328763799994,-26.299483967999947],[-59.35750553699995,-26.33796960099994],[-59.31298819699998,-26.318949626999938],[-59.25241043899996,-26.34870552999996],[-59.14022560099994,-26.29944279999995],[-59.153871865999974,-26.316859910999938],[-59.11027795999996,-26.32600446899994],[-59.128816978999964,-26.343994358999964],[-58.98571501299995,-26.379998829999977],[-58.845613872999934,-26.519216188999962],[-58.772284302999935,-26.536917460999973],[-58.74437707799996,-26.602646338999932],[-58.68942351199996,-26.59415089299995],[-58.68154573999993,-26.64249381999997],[-58.57218138899998,-26.687516699999946],[-58.56911728599994,-26.727701742999955],[-58.53081477999996,-26.74076163999996],[-58.47329628999995,-26.828222060999963],[-58.39676341899997,-26.832486680999978],[-58.38151982299996,-26.889278752999928],[-58.50282275699993,-26.927890272999946],[-58.468094132999965,-26.99144329099994],[-58.52108511999995,-27.003854564999983],[-58.50020534999999,-27.05376375999998],[-58.55603901099994,-27.035701264999943],[-58.557371899999964,-27.112179527999956],[-58.65220730699997,-27.130556097999943],[-58.66162997299995,-27.18657812899994],[-58.59110075999996,-27.229130035999958],[-58.61648800399996,-27.31863248199994],[-58.66878652599996,-27.359091760999945],[-58.78101216599998,-27.38177796599996],[-58.88140232899997,-27.497892071999956],[-58.88274647099996,-27.60852289099995],[-58.818775210999945,-27.681178080999928],[-58.80970753099996,-27.78340707999996],[-58.86529877799995,-28.05665345899996],[-58.892414935999966,-28.045668771999942],[-58.88400466999997,-28.000000916999966],[-61.712044910999964,-27.998552208999968],[-61.71181554999998,-25.654743761999953],[-63.422411840999985,-25.649220129999946],[-62.34235209999997,-24.39211339899998],[-62.32671634999997,-24.078675570999962],[-62.324339549999934,-24.12318408899995]]]]}},{"type":"Feature","properties":{"gid":"63","name":"Formosa","in1":"34","source":"IGN"},"geometry":{"type":"MultiPolygon","coordinates":[[[[-62.312005271999965,-22.48665958999993],[-62.29036565499996,-22.474434430999963],[-62.287070218999986,-22.52265721599997],[-62.25228615399993,-22.515300383999943],[-62.234095396999976,-22.54432981399998],[-62.26421040499997,-22.60020901699994],[-62.24235398899998,-22.628359399999965],[-62.20719999999994,-22.64579999999995],[-62.18895570999996,-22.622547606999944],[-62.19698655899998,-22.71427686499993],[-61.998988088999965,-22.930509737999955],[-61.997119950999945,-23.01017533399994],[-61.75442400899993,-23.17109278099997],[-61.73489675999997,-23.235754266999948],[-61.67079687199998,-23.28451733999998],[-61.57295354199994,-23.30402956499995],[-61.566557012999965,-23.339380612999946],[-61.51496122499998,-23.352150645999927],[-61.49412175499998,-23.424435504999963],[-61.35206994699996,-23.449954331999947],[-61.24690088299997,-23.54080076799994],[-61.18973764699996,-23.540672451999967],[-61.12188972299998,-23.58490435799996],[-61.089515192999954,-23.61386125399997],[-61.09517818899997,-23.66666136799995],[-60.98680912899994,-23.812866534999955],[-60.93393161599994,-23.800325761999943],[-60.84733900899994,-23.871547687999964],[-60.612366032999944,-23.90358189099993],[-60.586599999999976,-23.91809999999998],[-60.58883508099996,-23.95885203199998],[-60.477799999999945,-23.950999999999965],[-60.37459999999999,-24.022599999999954],[-60.295099999999934,-24.041399999999953],[-60.03899999999999,-24.011699999999962],[-59.47419471799998,-24.33346635999993],[-59.42127550599997,-24.40887861799996],[-59.37410388099994,-24.421866905999934],[-59.35048772999994,-24.48304879699998],[-59.12780587199995,-24.61795233899994],[-58.972970774999965,-24.662055647999978],[-58.80736116199995,-24.77240874399996],[-58.72699248699996,-24.774331348999965],[-58.67350220299994,-24.831514555999945],[-58.573583876999976,-24.821025891999966],[-58.47370362199996,-24.86090565799998],[-58.33367709999993,-25.000018465999972],[-58.22465257699997,-24.92710583199994],[-58.137159794999945,-25.011676634999958],[-58.09057470799996,-25.008749897999962],[-58.068674148999946,-25.045712445999982],[-58.00574216399997,-25.03506197799993],[-57.97537548299994,-25.086272737999934],[-57.861131848999946,-25.081589958999928],[-57.83701363199998,-25.131425389999947],[-57.75350406899997,-25.176473345999966],[-57.75906248999996,-25.220274463999942],[-57.69444584699994,-25.28596662299998],[-57.702850102999946,-25.322201055999983],[-57.56060157199994,-25.45271443699994],[-57.572647038999946,-25.556052473999955],[-57.60456988799996,-25.568787348999933],[-57.616847905999975,-25.61607199799994],[-57.67498289799994,-25.59699823899996],[-57.67806667899998,-25.661072365999928],[-57.74278497399996,-25.651878416999978],[-57.766649780999956,-25.700130593999972],[-57.72712164699993,-25.715038539999966],[-57.77356466699996,-25.75760738599996],[-57.82735326399995,-25.753745238999954],[-57.79656383699995,-25.824855424999953],[-57.85846874799995,-25.858001472999945],[-57.83676720999995,-25.91559854999997],[-57.895301950999965,-25.960713130999977],[-57.85475593599995,-26.008454635999954],[-58.015404055999966,-26.10166764199994],[-58.09092814799993,-26.116279911999982],[-58.11966013999995,-26.186495425999965],[-58.15900928599996,-26.18118684899997],[-58.104226955999934,-26.22989441599998],[-58.16382531499994,-26.264372804999937],[-58.15966601799994,-26.34881749799996],[-58.22172711999997,-26.399495257999945],[-58.18090032699996,-26.457397061999927],[-58.23400314999998,-26.47424603199994],[-58.207457491999946,-26.49843800499997],[-58.22493225399995,-26.53607156099997],[-58.19129619299997,-26.64634530099994],[-58.26022441899994,-26.645088946999977],[-58.24600475999995,-26.750337265999974],[-58.293346515999986,-26.757761183999946],[-58.28398095799997,-26.79539473799997],[-58.33486335199996,-26.809557290999976],[-58.32527162699995,-26.869673874999933],[-58.37823561699997,-26.87984234499993],[-58.40104164999997,-26.82992792999994],[-58.47329628999995,-26.828222060999963],[-58.53081477999996,-26.74076163999996],[-58.56911728599994,-26.727701742999955],[-58.57218138899998,-26.687516699999946],[-58.68154573999993,-26.64249381999997],[-58.68942351199996,-26.59415089299995],[-58.74437707799996,-26.602646338999932],[-58.772284302999935,-26.536917460999973],[-58.845613872999934,-26.519216188999962],[-58.98571501299995,-26.379998829999977],[-59.128816978999964,-26.343994358999964],[-59.11027795999996,-26.32600446899994],[-59.153871865999974,-26.316859910999938],[-59.14022560099994,-26.29944279999995],[-59.25241043899996,-26.34870552999996],[-59.31298819699998,-26.318949626999938],[-59.35750553699995,-26.33796960099994],[-59.40328763799994,-26.299483967999947],[-59.38130715699998,-26.261717060999956],[-59.43830118699998,-26.149131920999935],[-59.57422878899996,-26.152814758999966],[-59.60586074599996,-26.114628911999944],[-59.66045641299996,-26.14340154699994],[-59.671167828999955,-26.003304008999976],[-59.72509392899997,-25.999757560999967],[-59.75345839099998,-25.920720839999944],[-59.826802896999936,-25.889937050999947],[-59.87906330599998,-25.84198661299996],[-59.87750811999996,-25.80221346899998],[-59.954991709999945,-25.76993615999993],[-59.97971039999999,-25.723010649999935],[-60.01155948899998,-25.72946939999997],[-60.034852099999966,-25.689419430999976],[-60.14228333899996,-25.63729102999997],[-60.176984578999964,-25.659696139999937],[-60.20312934899994,-25.613588689999972],[-60.18411496999994,-25.611433698999974],[-60.22642195999998,-25.586001799999963],[-60.20503078099995,-25.573930510999958],[-60.23783058899994,-25.559270869999978],[-60.22452051999994,-25.485082530999932],[-60.274433260999956,-25.46652820999998],[-60.29582443999993,-25.409984418999954],[-60.322919929999955,-25.424230799999975],[-60.307708428999945,-25.405666990999975],[-60.333853198999975,-25.391418390999945],[-60.31293737999994,-25.388395740999954],[-60.346212539999954,-25.380191028999946],[-60.35429364999993,-25.322742219999952],[-60.42749900999996,-25.315397149999967],[-60.52964797299995,-25.171783646999927],[-60.568361728999946,-25.198755068999958],[-60.57121387999996,-25.169774359999963],[-60.63063381099994,-25.177560908999965],[-60.670564009999964,-25.149007779999977],[-60.65345106999996,-25.119582340999955],[-60.72144681999998,-25.12521023299996],[-60.767537338999944,-25.090582628999982],[-60.748522959999946,-25.069369479999978],[-60.81412255999999,-25.07456487999997],[-60.82172831099996,-25.034294699999975],[-60.94009281999996,-25.004408179999928],[-60.92155379999997,-24.97928049899997],[-61.144022028999984,-24.804977149999957],[-61.17159287099997,-24.734231139999963],[-61.15685672999996,-24.703836919999958],[-61.18014934099995,-24.72250854899994],[-61.208073845999934,-24.69802644899994],[-61.217702739999936,-24.665616399999976],[-61.19726228099995,-24.661272408999935],[-61.230062088999944,-24.635205249999956],[-61.24432286999996,-24.653452839999943],[-61.25573149899998,-24.621735069999943],[-61.381226390999984,-24.637812218999954],[-61.38272515899996,-24.612757318999968],[-61.45395638999997,-24.61217468999996],[-61.518605278999985,-24.51913978899995],[-61.596402730999955,-24.479292726999972],[-61.58284424799996,-24.441594150999947],[-61.60416997999994,-24.45562734999993],[-61.61034964999993,-24.42168276999996],[-61.694488270999955,-24.41515390899997],[-61.71397800999995,-24.383375230999945],[-61.69401291899999,-24.365958838999973],[-61.761513959999945,-24.306724949999932],[-61.79859199899994,-24.336345389999963],[-61.83994826999998,-24.30149708899995],[-61.87932076599998,-24.307321472999945],[-61.88368133999995,-24.266639099999963],[-61.90851647699998,-24.306762291999974],[-61.90783785899998,-24.259432068999956],[-61.95450989899996,-24.261409568999966],[-61.94500270899994,-24.239181629999962],[-62.04102531899997,-24.240489259999947],[-62.05528609999993,-24.211282189999963],[-62.08285694999995,-24.230463719999932],[-62.076428490999945,-24.201301040999965],[-62.138474008999935,-24.21869357999998],[-62.136097209999946,-24.19602206999997],[-62.18078099899998,-24.195150009999963],[-62.18268243899996,-24.15502860999993],[-62.324339549999934,-24.12318408899995],[-62.32671634999997,-24.078675570999962],[-62.342156890999945,-24.110248638999963],[-62.342255619999946,-22.460940697999945],[-62.312005271999965,-22.48665958999993]]]]}},{"type":"Feature","properties":{"gid":"64","name":"Chubut","in1":"26","source":"IGN"},"geometry":{"type":"MultiPolygon","coordinates":[[[[-67.75056884999998,-41.999988059999964],[-65.06925398299995,-41.99999994999996],[-65.01398807499999,-42.09337525099994],[-64.88027852799996,-42.18079802099993],[-64.46420936599998,-42.23952260799996],[-64.55855923799999,-42.30745535899996],[-64.61880719099997,-42.415030790999936],[-64.43854517399996,-42.43980692799994],[-64.30154090499997,-42.40393608599993],[-64.12424811799997,-42.42966447599997],[-64.04303626099994,-42.35130240899997],[-64.07016211499996,-42.333075736999945],[-64.04946080599996,-42.29181588299997],[-64.08981646399997,-42.25341138299996],[-64.37875021099995,-42.23834479399994],[-64.07511313999998,-42.17832883999995],[-63.93496288699998,-42.103280638999934],[-63.770304184999986,-42.07377532199996],[-63.603028076999976,-42.31543338199998],[-63.582802657999935,-42.607345658999975],[-63.63981454399993,-42.69976392299998],[-63.62996357499998,-42.76462803099997],[-63.67732704499997,-42.79203973099993],[-64.11045271299997,-42.878947885999935],[-64.25356372999994,-42.76515383799995],[-64.24940566799995,-42.68304527299995],[-64.21114097099996,-42.62541137699998],[-64.27340663299998,-42.61772685799997],[-64.26277462599995,-42.585620303999974],[-64.30896326099997,-42.58594465199997],[-64.34372718499998,-42.53150258399995],[-64.62916732899998,-42.496334150999985],[-64.83361061799997,-42.61054827999993],[-64.97979637399993,-42.64913733699996],[-65.03607062699996,-42.73056249299998],[-65.01534483999995,-42.781702827999936],[-64.62913452399994,-42.919378440999935],[-64.39682179699997,-42.959591331999945],[-64.33031586199996,-42.93591569399996],[-64.30768123999997,-42.97916239899996],[-64.45895547299995,-43.064466075999974],[-64.75760757299997,-43.150602564999986],[-64.97633952599995,-43.254971671999954],[-65.05029317399993,-43.32827572799994],[-65.05257919499996,-43.40257936399996],[-65.33290596899997,-43.657499937999944],[-65.35461904599998,-43.76446712099994],[-65.31119388299999,-43.79557857399993],[-65.32857584599998,-43.84566622799997],[-65.29942149999994,-43.933438594999984],[-65.23114286599997,-43.97269970299993],[-65.25158243599998,-44.027639077999936],[-65.18794375199997,-44.03545560599997],[-65.24112470499995,-44.077821910999944],[-65.22040197899997,-44.136789712999985],[-65.28769313599997,-44.15475940299996],[-65.31177328199993,-44.204271225999946],[-65.21673522999998,-44.366740823999976],[-65.33445906299994,-44.45600035599995],[-65.27928531099997,-44.517420192999964],[-65.36789048999998,-44.51150128399996],[-65.35941365999997,-44.53737792099997],[-65.39448096699994,-44.55534285199997],[-65.36633789199993,-44.58734660199997],[-65.46163530499996,-44.57577647399995],[-65.46339015799998,-44.60022543599996],[-65.63836977099999,-44.66586881599994],[-65.72870005999994,-44.81158105999998],[-65.70466750399999,-44.87526138499993],[-65.51981520899994,-44.92974033399997],[-65.59453028399997,-44.95736587699997],[-65.58431049899997,-45.00666830799997],[-65.62560604499998,-45.00934520199996],[-65.60225639399994,-45.027150708999955],[-65.64558637899995,-45.05092152399993],[-65.68130208899998,-45.02886392099998],[-65.68993953099994,-45.062009812999975],[-65.74045548899994,-45.023962230999985],[-65.80941226899995,-45.01542234599998],[-65.82872159499993,-45.039121776999934],[-65.84653186099996,-45.00207356899995],[-65.93444104799994,-45.049436740999965],[-66.01968603199998,-44.99886863399996],[-66.19461210699995,-44.982200509999984],[-66.27623356899994,-45.06533887699993],[-66.35919823499995,-45.03973944599994],[-66.36327306199996,-45.061600742999985],[-66.51713495999996,-45.096935739999935],[-66.53301786199995,-45.14238344399996],[-66.45898688099999,-45.14696390599994],[-66.47317441799999,-45.165880620999985],[-66.59970225699993,-45.139409117999946],[-66.59446744199994,-45.17162107099995],[-66.51410114699996,-45.19678387199997],[-66.51865186599997,-45.22289845599994],[-66.84131272699994,-45.230013043999975],[-66.96402153099996,-45.272986110999966],[-67.34506841699994,-45.62301672199993],[-67.36855295299995,-45.787256043999946],[-67.45474892799996,-45.81946799699995],[-67.47577741499998,-45.853761977999966],[-67.45641455099997,-45.86143573999993],[-67.55206888299995,-45.92568118799994],[-67.53121885599995,-45.95896389899997],[-67.59570509499997,-45.99987169499997],[-71.64601405099995,-45.99991230999996],[-71.61314180599999,-45.963090153999985],[-71.65258657299995,-45.889756371999965],[-71.76913635299996,-45.84618547799994],[-71.74227150199994,-45.80610951299997],[-71.80105362999996,-45.72089417199993],[-71.77304722099996,-45.681236110999976],[-71.79552598299995,-45.66493141799998],[-71.72659641699994,-45.57745664099997],[-71.76353040999999,-45.56031024499998],[-71.68213485499996,-45.515075682999964],[-71.55956200899993,-45.52358431699997],[-71.46891984899997,-45.49363560799998],[-71.53394473499998,-45.432974454999965],[-71.52945809499994,-45.39270363199995],[-71.43825277799994,-45.39581944399998],[-71.44627198199998,-45.36765908299998],[-71.33590936399997,-45.322034481999935],[-71.33297786799994,-45.24138504299998],[-71.41810516699996,-45.157444332999944],[-71.48748611099995,-45.144116665999945],[-71.49144910399997,-45.10781221199994],[-71.52654444299998,-45.10312499999998],[-71.50542489699995,-45.07221249199995],[-71.55798640099994,-45.031479898999976],[-71.54095462599997,-45.000202909999985],[-71.55971666599999,-44.97744722199997],[-71.74211004499995,-44.95835171599998],[-71.75383652999994,-44.92648221799993],[-71.81721942299998,-44.919789983999976],[-71.87990896699995,-44.95938931899997],[-71.97924670499998,-44.903562403999956],[-72.03715326799994,-44.90282001199995],[-72.06582101499998,-44.875922585999945],[-72.03635376999995,-44.86233110499995],[-72.06559258599998,-44.84999597799998],[-72.02698325899996,-44.80582477099995],[-72.07392049999999,-44.78107361999997],[-72.06693537699994,-44.75960446499994],[-71.92750483899994,-44.80403543699998],[-71.91461181599993,-44.776611326999955],[-71.81545796199998,-44.79309161599997],[-71.78648353699998,-44.75226449499996],[-71.66634294599999,-44.787206486999935],[-71.47420664099997,-44.73707317199995],[-71.29181557899994,-44.813948248999964],[-71.20596939699993,-44.75045472099998],[-71.19584241299998,-44.68489582099994],[-71.23548888899995,-44.64091944299997],[-71.20084722199994,-44.59163611099996],[-71.10190130599995,-44.590688213999954],[-71.09146296799997,-44.53254933499994],[-71.16372921199996,-44.50104441499997],[-71.12968864699997,-44.47180322199995],[-71.17110954399993,-44.439101661999985],[-71.34888502499996,-44.424795152999934],[-71.38619741499997,-44.38527467599994],[-71.65788265099997,-44.40898667499994],[-71.71169265999998,-44.379223741999965],[-71.81506666699994,-44.41611666699998],[-71.83901792999995,-44.34997604199998],[-71.78696782199995,-44.330425341999955],[-71.80312024899996,-44.27168941799994],[-71.82953637899993,-44.26537087799994],[-71.78001979599998,-44.21718679199995],[-71.84666733399996,-44.15923568599993],[-71.84865945799999,-44.11352539099994],[-71.75942605999995,-44.09960937499994],[-71.64878055599996,-43.94592499899994],[-71.66642577999994,-43.901228414999935],[-71.70737630399998,-43.89449453999998],[-71.70871666699998,-43.85573888799996],[-71.76274636199997,-43.840575952999984],[-71.75341887499997,-43.78818022299998],[-71.66035815499998,-43.70237685899997],[-71.59978055599998,-43.69696944399993],[-71.61199722199996,-43.676041666999936],[-71.58145522799998,-43.65168006299996],[-71.70346446999997,-43.62524900999995],[-71.70798259099996,-43.58450347699994],[-71.75741393999994,-43.58423030499995],[-71.77652222199998,-43.538691666999966],[-71.87747960499996,-43.55108306499994],[-71.84863458899997,-43.482888902999946],[-71.93423212899995,-43.449100715999975],[-71.91410664799997,-43.41665438399997],[-71.93321028699995,-43.386559001999956],[-71.89374157499998,-43.38009354199994],[-71.90438934199994,-43.32188634499994],[-71.84009723699995,-43.33520548499996],[-71.78640422799998,-43.29696799699997],[-71.73460336099998,-43.31433325199998],[-71.75725384699996,-43.22827147999993],[-71.72920476099995,-43.20025094699997],[-71.76053203099997,-43.16462196799995],[-71.93290240699997,-43.102130183999975],[-71.93630979499994,-43.05277064499995],[-72.03616538599994,-43.01338991599994],[-72.14254739599994,-42.89986548099995],[-72.11829424299998,-42.88169934499996],[-72.16501884299998,-42.79831363699998],[-72.13133014199997,-42.77712662499994],[-72.14715709999996,-42.74156339799998],[-72.12842481999996,-42.73105074199998],[-72.17870398699995,-42.68919623099998],[-72.12263930699999,-42.67244791199994],[-72.09624743799998,-42.64149631699996],[-72.11897129099998,-42.60280628099997],[-72.05208464199995,-42.564925260999985],[-72.01211335399995,-42.49490941499994],[-72.04750315399997,-42.45208831999997],[-72.02798711199995,-42.40792257199996],[-72.13179166599997,-42.38416461999998],[-72.12073055599996,-42.32421541499997],[-72.16814069599997,-42.25937667599993],[-72.17529931799999,-42.141951940999945],[-72.06726544299994,-42.14743263299994],[-72.07971397699998,-42.13006486699993],[-72.05227483899995,-42.11402499999997],[-71.95684685299994,-42.14133394399994],[-71.92465557299994,-42.19028396699997],[-71.87482207299996,-42.15489211399995],[-71.78008764999998,-42.14778906699996],[-71.72547901999997,-42.109908047999966],[-71.72618595599994,-42.048291216999985],[-71.77374240999995,-42.00000004899994],[-67.75056884999998,-41.999988059999964]]],[[[-65.99297332799995,-45.09107971199995],[-65.96412658699995,-45.10888671899994],[-66.01975250199996,-45.08640670699998],[-65.99297332799995,-45.09107971199995]]],[[[-65.59758758499999,-45.04343032699995],[-65.62401580799997,-45.04605865399998],[-65.59758758499999,-45.04343032699995]]],[[[-65.95083618199993,-45.10877227699996],[-65.95083618199993,-45.10877227699996]]],[[[-65.71040344199997,-45.05282592799995],[-65.71040344199997,-45.05282592799995]]],[[[-66.40449523899997,-45.185596465999936],[-66.40449523899997,-45.185596465999936]]],[[[-65.58100128199999,-45.05955123899997],[-65.58100128199999,-45.05955123899997]]],[[[-66.49806213399995,-45.17858505199996],[-66.49806213399995,-45.17858505199996]]],[[[-65.65555572499994,-44.77313232299997],[-65.65555572499994,-44.77313232299997]]],[[[-65.75471496599994,-45.036041259999934],[-65.75471496599994,-45.036041259999934]]],[[[-65.86140441799995,-45.038993834999985],[-65.86140441799995,-45.038993834999985]]],[[[-66.33431243899997,-45.05717086699997],[-66.33431243899997,-45.05717086699997]]],[[[-65.25907897899998,-44.15483856199995],[-65.25907897899998,-44.15483856199995]]],[[[-66.05103301999998,-45.128883360999964],[-66.05103301999998,-45.128883360999964]]],[[[-65.26077270499997,-44.261775969999974],[-65.26077270499997,-44.261775969999974]]],[[[-65.80760955799997,-45.06505203199998],[-65.80760955799997,-45.06505203199998]]],[[[-65.38571929899996,-44.60046768099994],[-65.38571929899996,-44.60046768099994]]],[[[-66.50248718299997,-45.18616485599995],[-66.50248718299997,-45.18616485599995]]],[[[-65.96598052899998,-45.05299377399996],[-65.96598052899998,-45.05299377399996]]],[[[-65.23679351799996,-44.28204727099995],[-65.23679351799996,-44.28204727099995]]],[[[-65.53549194299995,-44.90779495099997],[-65.53549194299995,-44.90779495099997]]],[[[-65.61579132099996,-45.06153869599996],[-65.61579132099996,-45.06153869599996]]],[[[-66.36227416999998,-45.15509414599995],[-66.36227416999998,-45.15509414599995]]],[[[-65.38999938999996,-44.59740829499998],[-65.38999938999996,-44.59740829499998]]],[[[-66.40806579599996,-45.08838271999997],[-66.40806579599996,-45.08838271999997]]],[[[-66.48746490499997,-45.18309783899997],[-66.48746490499997,-45.18309783899997]]],[[[-65.62335967999996,-45.05379486099997],[-65.62335967999996,-45.05379486099997]]],[[[-65.57038116499996,-44.990592955999944],[-65.57038116499996,-44.990592955999944]]],[[[-65.56446838399995,-44.964469909999934],[-65.56446838399995,-44.964469909999934]]],[[[-66.69851684599996,-45.247474669999974],[-66.69851684599996,-45.247474669999974]]],[[[-65.87502288799993,-45.040443419999974],[-65.87502288799993,-45.040443419999974]]],[[[-65.85845947299998,-45.05049133299997],[-65.85845947299998,-45.05049133299997]]],[[[-65.64034271199995,-44.76862335199996],[-65.64034271199995,-44.76862335199996]]],[[[-66.40718078599997,-45.08528899999993],[-66.40718078599997,-45.08528899999993]]],[[[-66.41954803499993,-45.09645843399994],[-66.41954803499993,-45.09645843399994]]],[[[-64.51540034899995,-42.42045565999996],[-64.51540034899995,-42.42045565999996]]],[[[-66.31976318399995,-45.066326139999944],[-66.31976318399995,-45.066326139999944]]],[[[-66.51522064199997,-45.18223953099994],[-66.51522064199997,-45.18223953099994]]],[[[-66.49703216599994,-45.17052841199995],[-66.49703216599994,-45.17052841199995]]],[[[-66.29492950399998,-45.07782745399993],[-66.29492950399998,-45.07782745399993]]],[[[-65.57327270499997,-45.06588745099998],[-65.57327270499997,-45.06588745099998]]],[[[-65.56071472199994,-45.00005340499996],[-65.56071472199994,-45.00005340499996]]],[[[-65.84365844699994,-45.04821014399994],[-65.84365844699994,-45.04821014399994]]],[[[-65.96414184599996,-45.09860229499998],[-65.96414184599996,-45.09860229499998]]],[[[-65.91662597699997,-45.04826736299998],[-65.91662597699997,-45.04826736299998]]],[[[-65.30879211399997,-44.537723540999934],[-65.30879211399997,-44.537723540999934]]],[[[-66.09631347699997,-45.11952590899995],[-66.09631347699997,-45.11952590899995]]],[[[-66.33896636999998,-45.066089628999976],[-66.33896636999998,-45.066089628999976]]],[[[-65.64964294399994,-44.767627714999946],[-65.64964294399994,-44.767627714999946]]],[[[-65.85848236099997,-45.03455352799995],[-65.85848236099997,-45.03455352799995]]],[[[-65.96180725099998,-45.04597854499997],[-65.96180725099998,-45.04597854499997]]],[[[-66.07056426999998,-45.00583267199994],[-66.07056426999998,-45.00583267199994]]],[[[-66.24846649199998,-45.03243637099996],[-66.24846649199998,-45.03243637099996]]],[[[-66.50966644299996,-45.17412948499998],[-66.50966644299996,-45.17412948499998]]],[[[-66.03570556599993,-45.09350967299997],[-66.03570556599993,-45.09350967299997]]],[[[-65.97473907499995,-45.051921843999935],[-65.97473907499995,-45.051921843999935]]],[[[-66.04499816899994,-45.09160232499994],[-66.04499816899994,-45.09160232499994]]],[[[-65.74801635699998,-45.03651046799996],[-65.74801635699998,-45.03651046799996]]],[[[-66.02788543699995,-45.10062026899993],[-66.02788543699995,-45.10062026899993]]],[[[-65.84347534199998,-45.041351317999954],[-65.84347534199998,-45.041351317999954]]],[[[-65.93836975099998,-45.118202208999946],[-65.93836975099998,-45.118202208999946]]],[[[-65.91529083299997,-45.041225431999976],[-65.91529083299997,-45.041225431999976]]],[[[-65.71522521999998,-45.058197020999955],[-65.71522521999998,-45.058197020999955]]],[[[-65.80326843299997,-45.04751586899994],[-65.80326843299997,-45.04751586899994]]],[[[-65.84178161599993,-45.04882430999993],[-65.84178161599993,-45.04882430999993]]],[[[-66.40106201199995,-45.069725036999955],[-66.40106201199995,-45.069725036999955]]],[[[-65.91208648699995,-45.04610061599993],[-65.91208648699995,-45.04610061599993]]]]}},{"type":"Feature","properties":{"gid":"65","name":"Río Negro","in1":"62","source":"IGN"},"geometry":{"type":"MultiPolygon","coordinates":[[[[-68.23828808599995,-37.58521797999998],[-67.87058741999994,-37.61288282099997],[-67.78558349599996,-37.65228271299998],[-67.72078987999998,-37.81059018099995],[-67.73647673999994,-37.858046488999946],[-67.90328037899997,-37.98208639899997],[-67.85075315899996,-38.06547168999998],[-67.75065195999997,-38.05612733999993],[-67.65649414099994,-38.20178222699997],[-67.54791259799998,-38.25628662099996],[-67.34417724599996,-38.251770018999935],[-67.18761336899996,-38.214503417999936],[-67.19659423799993,-38.25378417999997],[-67.15311323999998,-38.29134194899996],[-67.15299221099997,-38.356795181999985],[-66.99578857299997,-38.44567870999998],[-66.89697265599995,-38.44372558599997],[-66.63587936999994,-38.54206501999994],[-66.57818603299995,-38.62280273199997],[-66.60714386799998,-38.67909317099998],[-66.53861539099995,-38.720852710999964],[-66.31506165099995,-38.76129036999998],[-66.08463590999997,-38.72526758899994],[-66.06467081099998,-38.75114292999996],[-65.95100750699999,-38.74726472699996],[-65.86430680099994,-38.79979645999998],[-65.78726291999993,-38.794617338999956],[-65.69112146999998,-38.83478304899995],[-65.58494051099996,-38.77452746999995],[-65.37453206999999,-38.85587948899996],[-65.28051757799994,-38.82141113199998],[-65.19182053899993,-38.83636967999996],[-65.19159236099995,-38.809818838999945],[-65.11344681999998,-38.79971175899993],[-64.39739990099997,-38.87322997999996],[-64.06248768899997,-39.01003357899998],[-64.01370391999995,-39.00090019999993],[-64.02356762999995,-39.01749702099994],[-63.991599709999946,-39.010914398999944],[-63.99861125999996,-39.03557289099996],[-63.933462557999974,-39.06159151899993],[-63.93280029199997,-39.09350585899995],[-63.87029555699996,-39.095952635999936],[-63.83495287299996,-39.13630659199998],[-63.78820800799997,-39.109191892999945],[-63.742993840999986,-39.18884739999993],[-63.558031479999954,-39.261445709999975],[-63.512012409999954,-39.31266035099998],[-63.383269419999976,-39.32849159799997],[-63.379348006999976,-40.71037139699996],[-63.36604865999993,-40.689204779999955],[-63.285307640999974,-40.72943157999998],[-63.19208200999998,-40.716685079999934],[-62.95758898099996,-40.81810980999995],[-62.789666573999966,-41.02416378199996],[-63.11651611299993,-41.155517577999944],[-63.78857421899994,-41.15899658199993],[-64.11437988299997,-41.03009033199993],[-64.08178710899995,-41.02667236299993],[-64.09887695299994,-41.001770018999935],[-64.11199951099996,-41.02288818399995],[-64.20617675799997,-41.00982665999993],[-64.54119872999996,-40.86492919799997],[-64.74627685499996,-40.81860351499995],[-64.87530517599998,-40.82891845699993],[-64.90490722699997,-40.80548095699993],[-64.84521484399994,-40.782470702999944],[-64.84527587899998,-40.81488037099996],[-64.83599853499999,-40.785827635999965],[-64.74200439499998,-40.81072997999996],[-64.73358154299996,-40.78692626999998],[-64.79748535199997,-40.780517577999944],[-64.80059814499998,-40.74829101599994],[-64.77349853499999,-40.74279785199997],[-64.80627441399997,-40.72552490099997],[-64.99591064499998,-40.716918943999985],[-64.91668701199995,-40.72729492199994],[-64.95922851599994,-40.74810790899994],[-64.89990234399994,-40.760803221999936],[-65.00689697299998,-40.76116943399995],[-65.09271240199996,-40.814575194999975],[-65.16668701099996,-40.973999022999976],[-65.13800048799993,-41.22961425799997],[-65.07360839799998,-41.41522216799996],[-64.98779296899994,-41.518798827999944],[-65.00671386699997,-41.557312010999965],[-64.98638915999999,-41.57678222699997],[-65.01647949199997,-41.61029052699996],[-65.03710937499994,-41.59820556599993],[-64.99768066399997,-41.76660156199995],[-65.01586914099994,-41.83221435499996],[-65.04919433599997,-41.84289550799997],[-65.06925398299995,-41.99999994999996],[-71.77374240999995,-42.00000004899994],[-71.79770858899997,-41.84294479699997],[-71.75151269499997,-41.82449153899995],[-71.77407883099994,-41.794015127999955],[-71.75362727799995,-41.78671754299995],[-71.81006499899996,-41.72071557999993],[-71.79370938399995,-41.69502954999996],[-71.88539844799993,-41.606359906999955],[-71.84777652399998,-41.56672895299994],[-71.81762731599997,-41.57559956099993],[-71.85238516899994,-41.51552633699998],[-71.83583241799994,-41.43257702599993],[-71.91295074899995,-41.34039670599998],[-71.87638344199996,-41.30803587599996],[-71.89836966099995,-41.25514045799997],[-71.83434928799994,-41.271791046999965],[-71.88776775399998,-41.16693529999998],[-71.83942164099994,-41.14952015899996],[-71.85212289699996,-41.098437528999966],[-71.81793034999998,-41.06205117199994],[-71.86070292699998,-41.03073179199998],[-71.55059814499998,-41.02319335899995],[-71.30621337899998,-41.100097655999946],[-71.14164804499995,-41.05597585399994],[-71.03202253999996,-40.93314543899993],[-71.04683654999997,-40.87121588499997],[-71.11933427899999,-40.804063321999934],[-71.12079056999994,-40.75821976699996],[-71.09367529799994,-40.72671471899997],[-71.02972412099996,-40.72442626999998],[-70.97650146499996,-40.64868163999995],[-70.85540771499996,-40.59338378899997],[-70.65391707699996,-40.59133711399994],[-70.54248046899994,-40.50360107299997],[-70.42492675799997,-40.53631591699997],[-70.17056874199994,-40.48300863199995],[-70.17494235399994,-40.427609546999975],[-70.06268631299997,-40.374640246999945],[-70.05882286099995,-40.248955197999976],[-69.99203470599997,-40.17996776599995],[-69.95027805499996,-40.17898487999997],[-70.00537211199998,-40.04743376499994],[-69.93175359199995,-39.94358289899998],[-69.69705598399997,-39.84644541399996],[-69.50699653699996,-39.81542319099998],[-69.34896232499995,-39.71209513699995],[-69.27227783199999,-39.629028319999975],[-69.27709960799996,-39.596374511999954],[-69.11279296899994,-39.514709471999936],[-68.99987792999997,-39.515197753999985],[-68.91250405799997,-39.417871859999934],[-68.82396098799995,-39.37492582099998],[-68.80239062699997,-39.28490917199997],[-68.66315151399994,-39.214954098999954],[-68.66080290199994,-39.172343575999946],[-68.56173623999996,-39.07648478999994],[-68.30159195799996,-38.975430236999955],[-67.99808848299995,-38.995763539999984],[-68.09404894299996,-38.85864884499995],[-68.12060830099995,-38.747279582999965],[-68.25627814099994,-38.67954757199993],[-68.25425276999994,-37.571931208999956],[-68.23828808599995,-37.58521797999998]]],[[[-64.76547241199995,-40.78351211499995],[-64.76547241199995,-40.78351211499995]]],[[[-64.83967590299994,-40.756069182999966],[-64.83967590299994,-40.756069182999966]]],[[[-64.90510559099994,-40.74242782599998],[-64.90510559099994,-40.74242782599998]]]]}},{"type":"Feature","properties":{"gid":"66","name":"Misiones","in1":"54","source":"IGN"},"geometry":{"type":"MultiPolygon","coordinates":[[[[-54.335941884999954,-27.442589493999947],[-54.35333731399999,-27.466267371999947],[-54.41315696399994,-27.406519105999962],[-54.46987141699998,-27.427720104999935],[-54.44635044499995,-27.474155285999927],[-54.53019075399993,-27.50656354399996],[-54.58165571599994,-27.45340673499993],[-54.62227589399998,-27.542041308999956],[-54.67790769299995,-27.510251709999977],[-54.68366598799997,-27.574973048999937],[-54.742962156999965,-27.56226672599996],[-54.774466219999965,-27.58510955299994],[-54.81287072099997,-27.53261864199993],[-54.84680183499995,-27.620277985999962],[-54.90505103899994,-27.63864742499993],[-54.902814346999946,-27.72102436499995],[-54.93624121199997,-27.77186784299994],[-55.008277110999984,-27.797621756999945],[-55.055930573999944,-27.770048764999956],[-55.08393636499994,-27.785968453999942],[-55.02916372599998,-27.85394105699993],[-55.10849495599996,-27.847421332999943],[-55.134383491999984,-27.896152694999955],[-55.197201262999954,-27.857129534999956],[-55.264206884999965,-27.928894078999974],[-55.322598857999935,-27.924420691999956],[-55.339017138999964,-27.966299205999974],[-55.38441725499996,-27.982955431999983],[-55.376043514999935,-28.034973246999982],[-55.44775128699996,-28.09905803999993],[-55.49815549099998,-28.08098922499994],[-55.55992629799994,-28.16422277099997],[-55.58847983099997,-28.118489531999955],[-55.63021128699995,-28.13883852799995],[-55.71671760099997,-28.06126779999994],[-55.75846852899997,-28.06035286699995],[-55.74942657699995,-28.02709989999994],[-55.824391779999985,-27.948446840999964],[-55.84630304999996,-27.832436219999977],[-55.82553668999998,-27.791655840999965],[-56.05864361999994,-27.43576281999998],[-56.02426433099998,-27.324261578999938],[-55.97548919299999,-27.35562854699998],[-55.896346249999965,-27.34271762399993],[-55.78711170699995,-27.440210342999933],[-55.732774001999985,-27.443107676999944],[-55.68331601699998,-27.37875638199995],[-55.58963557799996,-27.331687424999927],[-55.602394009999955,-27.28461846999994],[-55.57408147399997,-27.250257114999954],[-55.61876140099997,-27.18717658099996],[-55.60773120299996,-27.161303903999965],[-55.561119719999965,-27.160948090999966],[-55.56132304199997,-27.10132402399995],[-55.455544965999934,-27.106254573999934],[-55.44574040599997,-27.02537784599997],[-55.37574122799998,-26.966165973999978],[-55.25705222899995,-26.93770094499996],[-55.20312116799994,-26.96987659299998],[-55.14146388499995,-26.953458371999943],[-55.14156554599998,-26.86633505599997],[-55.057542883999986,-26.798984765999933],[-54.956259820999946,-26.781355538999946],[-54.94215786199993,-26.682379814999933],[-54.88029725699994,-26.655998833999945],[-54.81242139799997,-26.66784223199994],[-54.78477788999999,-26.62326161699997],[-54.80054445799993,-26.53611520499993],[-54.706353493999984,-26.44913400799993],[-54.69664529299996,-26.377714485999945],[-54.64756890999996,-26.311470291999967],[-54.678585183999985,-26.262536675999968],[-54.61801600399997,-26.21424551499996],[-54.67251755799998,-26.156281843999977],[-54.64310741999998,-26.09360684199993],[-54.67969163299995,-26.003556139999944],[-54.61073485299994,-25.97778657699996],[-54.622013498999934,-25.91239898799995],[-54.586718892999954,-25.83062022599995],[-54.65524221599998,-25.670379647999937],[-54.583673905999945,-25.666262803999928],[-54.59492456799995,-25.59743530299994],[-54.55533235399997,-25.58770285199995],[-54.42892335999994,-25.694064776999937],[-54.38447762499993,-25.597515957999974],[-54.34734366799995,-25.606058013999927],[-54.28841677899993,-25.555730490999963],[-54.25051940099996,-25.59771608099993],[-54.23055572299995,-25.563011640999946],[-54.178779186999975,-25.584886025999936],[-54.205346057999975,-25.54009236899998],[-54.164054791999945,-25.54225466899993],[-54.102558114999965,-25.49431473599998],[-54.12372506199995,-25.56696154699995],[-54.101983340999936,-25.61711569499994],[-54.08109485899996,-25.558249719999935],[-54.04907745999998,-25.585373468999933],[-54.01636269099998,-25.56365494499994],[-53.96225918199997,-25.643476918999966],[-53.94784673699996,-25.611475200999962],[-53.89259183699994,-25.62228747299997],[-53.889993500999935,-25.661277480999956],[-53.842548533999945,-25.687295140999936],[-53.87930412999998,-25.707793564999974],[-53.82211854299993,-25.79332626599995],[-53.85008126399998,-25.839601423999966],[-53.823358019999944,-25.872081780999963],[-53.84989852899997,-25.883774452999944],[-53.819574676999935,-25.89843669199996],[-53.83678377199993,-25.970100226999932],[-53.734549597999944,-26.042611187999967],[-53.740641289999985,-26.11779019399995],[-53.64154863599998,-26.212599817999944],[-53.645307328999934,-26.285590707999972],[-53.710048893999954,-26.387650549999933],[-53.69584172699996,-26.489989382999966],[-53.72941532699997,-26.501320970999927],[-53.71686366999995,-26.527572374999977],[-53.74191166099996,-26.54495017399995],[-53.70761589499995,-26.560927658999958],[-53.73965950099995,-26.643750152999928],[-53.75956071799993,-26.641003660999957],[-53.72005571699998,-26.651199650999956],[-53.73499278299994,-26.717931634999957],[-53.757954189999964,-26.720287232999965],[-53.71394996799995,-26.752337461999957],[-53.743626605999964,-26.763768391999974],[-53.699282969999956,-26.768793813999935],[-53.71053306199997,-26.812794806999932],[-53.660012345999974,-26.86001283099995],[-53.69665604499994,-26.85917526099996],[-53.67089124199998,-26.89466730099997],[-53.69685591999996,-26.92921707499994],[-53.67265204199998,-26.945625837999955],[-53.708562866999955,-26.933747568999934],[-53.703175768999984,-26.960178620999955],[-53.736954596999965,-26.974303101999965],[-53.717852283999946,-26.990188383999964],[-53.763523658999986,-27.00839363999995],[-53.74724814499996,-27.032176351999965],[-53.78556936499996,-27.026346672999978],[-53.759430985999984,-27.06429907599994],[-53.80229697599998,-27.04031410999994],[-53.771697106999966,-27.073626563999937],[-53.80540217199996,-27.078611533999947],[-53.77634895299997,-27.103429312999936],[-53.818643872999985,-27.10215630099998],[-53.79886579299995,-27.146435689999976],[-53.836695876999954,-27.169661153999982],[-53.87340478799996,-27.125934254999947],[-53.91063403299995,-27.176806728999964],[-53.95180495499994,-27.152828759999977],[-53.960751966999965,-27.196127950999937],[-54.00843139899996,-27.199287179999942],[-54.02005344799994,-27.246754847999966],[-54.084459866999964,-27.299775671999953],[-54.15412037599998,-27.296880272999942],[-54.173277550999956,-27.254989080999962],[-54.21475155699994,-27.383515667999973],[-54.26279287299997,-27.39875611399998],[-54.28481478599997,-27.447832498999958],[-54.339994486999956,-27.40382436699997],[-54.335941884999954,-27.442589493999947]]],[[[-55.927543593999985,-27.33364396299993],[-55.960361912999986,-27.341869524999936],[-55.927543593999985,-27.33364396299993]]],[[[-56.00300054699994,-27.337085269999932],[-56.00300054699994,-27.337085269999932]]]]}},{"type":"Feature","properties":{"gid":"67","name":"Salta","in1":"66","source":"IGN"},"geometry":{"type":"MultiPolygon","coordinates":[[[[-62.811481741999955,-22.030225022999957],[-62.78959608099996,-22.163917569999967],[-62.765128292999975,-22.152307956999948],[-62.66022812699998,-22.250683425999966],[-62.63253240399996,-22.24156977399997],[-62.636644743999966,-22.305281410999953],[-62.56918822599994,-22.309773115999974],[-62.51860325599995,-22.378235220999954],[-62.46389431599994,-22.37206949499995],[-62.46546882599995,-22.402603365999937],[-62.38061329499993,-22.47358477599994],[-62.34234110699998,-22.45697548199996],[-62.34235209999997,-24.39211339899998],[-63.475520089999975,-25.709950068999945],[-64.00783738999996,-25.67376637999996],[-64.02544528599998,-25.753480769999953],[-64.02554660899995,-25.753939469999978],[-64.26796553899999,-25.700569279999968],[-64.41301054099995,-26.04048260999997],[-64.41668277799994,-26.114299081999945],[-64.49491980999994,-26.219496876999983],[-64.66779237799994,-26.242717536999976],[-64.79041182699996,-26.223718168999937],[-64.95118208799994,-26.30684808199993],[-64.97251806399998,-26.274381328999937],[-65.03950901899998,-26.290333733999944],[-65.04072531399999,-26.229932996999935],[-65.27533764999998,-26.171236808999936],[-65.29790603099997,-26.081735545999948],[-65.36108313099999,-26.05828794599995],[-65.42455616999996,-26.109014875999947],[-65.54814569899997,-26.087534769999934],[-65.61363294599994,-26.123472968999977],[-65.68851522099993,-26.117262021999977],[-65.71940072299998,-26.352777040999968],[-66.07138081299996,-26.238733887999956],[-66.19444788899995,-26.130588798999952],[-66.29295777999994,-26.229305745999966],[-66.38202389799994,-26.41679934299998],[-66.46102200099995,-26.36409428199994],[-66.53987674699994,-26.35316249899995],[-66.58418918299998,-26.15983016599995],[-66.65934888099997,-26.107205491999935],[-66.66220088799997,-26.075732371999948],[-66.77881340399995,-26.04813569099997],[-66.84663374199994,-25.970069421999938],[-66.84756582199998,-25.796267599999965],[-66.87356626599995,-25.766185348999954],[-66.84717909599993,-25.71701010299995],[-66.64857721299995,-25.71203184899997],[-66.60645822299995,-25.62866950199998],[-66.56390194099998,-25.621761980999963],[-66.51854821699999,-25.440329891999966],[-66.53709946899994,-25.37248276899993],[-66.59979826599994,-25.362251086999947],[-66.55819123599997,-25.300653718999968],[-66.87926595599998,-25.241731389999927],[-67.86460073999996,-25.238400143999968],[-68.50702824899997,-25.168328446999965],[-68.45974740699995,-25.125661090999984],[-68.41022130599998,-25.145263090999947],[-68.34424416399997,-25.110770486999968],[-68.37819955199996,-25.032445620999965],[-68.40701569599997,-25.03033179299996],[-68.43259403299999,-24.90587117399997],[-68.51960179699995,-24.873914353999965],[-68.56875543099994,-24.794125274999942],[-68.49263062999995,-24.665384376999953],[-68.49580497699998,-24.600213862999965],[-68.46791678999995,-24.623664464999933],[-68.43482172099993,-24.606703169999946],[-68.38775805299997,-24.48405394599996],[-68.30851326799996,-24.49179611699998],[-68.25989334399998,-24.40232838199995],[-67.32261666699998,-24.034158332999937],[-67.21304744099996,-23.694916735999982],[-66.99283618299995,-23.889906818999975],[-66.94112128899997,-23.984036163999974],[-66.88064055999996,-23.974390565999954],[-66.83737151199995,-24.070738560999928],[-66.74573764899998,-24.08923197699994],[-66.64627618099996,-24.172513109999954],[-66.48335545299994,-24.212997677999965],[-66.36228728699996,-24.08735685299996],[-66.33944907899996,-23.98434681799995],[-66.36814076199994,-23.971905405999962],[-66.36757960499995,-23.694624830999942],[-66.33034104099994,-23.65661294299997],[-66.31112689299994,-23.561375015999943],[-66.26419202499994,-23.56547958599998],[-66.18428894099998,-23.41460754899998],[-65.98721932999996,-23.509654375999958],[-66.01548107999997,-23.92171792599993],[-65.99090749399994,-23.981739430999937],[-65.93848142299998,-23.970167578999963],[-65.94754539499996,-24.007160858999953],[-65.86736956899995,-24.003330166999945],[-65.74626835499998,-24.062438552999936],[-65.72501731899996,-24.18599989699993],[-65.67083803799994,-24.252932845999965],[-65.68268702999995,-24.307724194999935],[-65.65344113499998,-24.38031034599993],[-65.54042019299993,-24.451516408999964],[-65.46428519399996,-24.430577151999955],[-65.43466258999996,-24.462178415999972],[-65.35884344399994,-24.46132180999996],[-65.32914965399993,-24.500434070999972],[-65.19411898599998,-24.45986030299997],[-65.07967223699995,-24.562184641999977],[-64.92740747999994,-24.599772542999972],[-64.88371136099994,-24.57187996999994],[-64.88547892999998,-24.520844825999973],[-64.84569550999998,-24.46670438999996],[-64.72582629199997,-24.529900532999932],[-64.66500646599997,-24.607421270999964],[-64.56013221899997,-24.57722863799995],[-64.53575587099994,-24.50761917099993],[-64.49999993699998,-24.50636901699994],[-64.42165196299999,-24.40220558599998],[-64.31834031799997,-24.427159655999958],[-64.28877696599994,-24.407115615999942],[-64.16184118699994,-24.22106069199998],[-64.15705693099994,-23.51804197599995],[-64.35433137799998,-23.517996720999975],[-64.39319200999995,-23.610071019999964],[-64.44833370999999,-23.63941589999996],[-64.53256050599998,-23.52135650599996],[-64.68253278299994,-23.45243253299998],[-64.78747552299996,-23.49616118199998],[-64.86422373999994,-23.484962767999946],[-64.90666463299993,-23.423791360999928],[-64.91017718699999,-23.31081230999996],[-64.94727832099994,-23.269147936999957],[-65.01011454899998,-23.285114130999943],[-65.03864838199996,-23.226903964999963],[-65.07197455799997,-23.22031834099994],[-65.04501953199997,-23.15573797099995],[-65.07169497999996,-23.137652310999954],[-65.06682963699996,-23.047260988999938],[-65.18891121499996,-22.998151133999954],[-65.19902392399996,-22.95805721599993],[-65.25168932799994,-22.927957033999974],[-65.30606135099998,-22.730399675999934],[-65.27166158299997,-22.648230418999958],[-65.35069368299997,-22.602261704999933],[-65.34712391799997,-22.520101417999967],[-65.26273333099994,-22.338258235999945],[-65.22661311299998,-22.32015053699996],[-65.24029501299998,-22.27924760299993],[-65.18656669899997,-22.08534968799995],[-64.99337222199995,-22.082433332999983],[-64.73684991799996,-22.193902092999963],[-64.61710407599998,-22.205163976999927],[-64.53758463699995,-22.284277308999947],[-64.56653899699995,-22.369301925999935],[-64.51284618799997,-22.412543876999962],[-64.52523510099996,-22.440809738999974],[-64.49210025699995,-22.435950238999965],[-64.48327706099997,-22.48020000599996],[-64.41207972699993,-22.538378012999942],[-64.44135165399996,-22.638785920999965],[-64.39472775999997,-22.685684461999983],[-64.40320996299994,-22.718700230999957],[-64.34433369699997,-22.73939771499994],[-64.34085642999997,-22.861582005999935],[-64.31575863599994,-22.88282748599994],[-64.24229238899994,-22.66605329799995],[-64.26458853799994,-22.650159922999933],[-64.23919152299999,-22.622973206999973],[-64.24169127599998,-22.55772627099998],[-64.11551579499996,-22.40560716899995],[-64.09508688099999,-22.308772011999963],[-64.06240805599998,-22.238380966999955],[-64.03351973299993,-22.24278266799996],[-64.00003756999996,-22.10767550399993],[-63.95806921199994,-22.085774108999942],[-63.93145674099998,-21.99937691499997],[-63.709074886999986,-21.99933573499993],[-63.68377555999996,-22.05476843599996],[-63.665266653999936,-21.999342381999952],[-62.81117567899997,-21.99876786899995],[-62.811481741999955,-22.030225022999957]]]]}},{"type":"Feature","properties":{"gid":"68","name":"Buenos Aires","in1":"06","source":"IGN"},"geometry":{"type":"MultiPolygon","coordinates":[[[[-60.24091059299997,-33.27285357699998],[-60.04484035599995,-33.44752702899996],[-59.82874365099997,-33.52462041499996],[-59.803580850999936,-33.595558095999934],[-59.65641118699995,-33.62167268099995],[-59.617417769999975,-33.69374060599995],[-59.51673682599994,-33.63083360599995],[-59.44897460899995,-33.72448730499997],[-59.24700927699996,-33.72497558599997],[-59.242309569999975,-33.807495116999974],[-59.17358398399995,-33.80700683499998],[-59.13067626999998,-33.84771728499993],[-58.992880681999964,-33.84180370399997],[-58.85487194899997,-33.94721382199998],[-58.76373859499995,-33.945310253999935],[-58.65499723199997,-34.035253876999946],[-58.46319580099998,-34.001892089999956],[-58.34498854399993,-34.03839716199997],[-58.37329101599994,-34.15808105499997],[-58.35396600499996,-34.20463842199996],[-58.38543437699997,-34.209873235999964],[-58.40268546899995,-34.25859269999995],[-58.54004767199996,-34.29572124699996],[-58.454121235999935,-34.38801827599997],[-58.51404282799996,-34.44244717999993],[-58.45957589999995,-34.52769294299998],[-58.50077014999994,-34.54946027999995],[-58.528880379999976,-34.654626909999934],[-58.461206441999934,-34.70541232199997],[-58.343101341999954,-34.63023846999994],[-58.179143582999984,-34.74447939399994],[-58.014475362999974,-34.78067099599997],[-57.94734029899996,-34.83347694499997],[-57.87373881099995,-34.826157723999984],[-57.75102524799996,-34.91493065499998],[-57.50845565599997,-35.02471422699995],[-57.223345663999964,-35.27280277999995],[-57.12793820099995,-35.445757620999984],[-57.364742159999935,-35.744771398999944],[-57.38245219099997,-35.966739417999975],[-57.27923950099995,-36.137590666999984],[-57.11518994099998,-36.28014893599993],[-56.97162994399997,-36.33435808099995],[-56.81379077799994,-36.33464004599995],[-56.77406567699995,-36.32138644899993],[-56.776825850999955,-36.29308275899996],[-56.74005128099998,-36.31442652399994],[-56.70020720699995,-36.41241272999997],[-56.666097632999936,-36.880607373999965],[-57.12550135999999,-37.49277487699993],[-57.491558829999974,-37.82823723699994],[-57.54140663499999,-37.96849456599995],[-57.52238522399995,-38.037122979999936],[-57.54034063599994,-38.04847300999995],[-57.51777858699995,-38.038969442999985],[-57.544866370999955,-38.100592723999966],[-57.85273055399995,-38.29639856899996],[-58.32981843399995,-38.48266753599995],[-59.11136667799997,-38.70043580799995],[-60.85281586499997,-38.97978155499993],[-61.60651668199995,-39.00406335899993],[-61.706739578999986,-38.96546612299994],[-61.80970361599998,-38.993020281999975],[-62.07340857199995,-38.92511105899996],[-62.165912497999955,-38.81204502099996],[-62.238395638999975,-38.788704887999984],[-62.337216041999966,-38.814464139999984],[-62.39747589199993,-38.79569613999996],[-62.388523169999985,-38.81502926199994],[-62.414013144999956,-38.81770615599993],[-62.394442079999976,-38.83531416699998],[-62.32705336499998,-38.83625048399995],[-62.35195204399997,-38.86303687099996],[-62.32052888199996,-38.904268169999966],[-62.345713097999976,-38.95031073999996],[-62.300384365999946,-38.99339801999997],[-62.306613794999976,-39.05289406299994],[-62.354160183999966,-39.10110670299997],[-62.33054641299998,-39.11658271799996],[-62.35201866899996,-39.11300400799996],[-62.34223432599998,-39.16295365399998],[-62.23741430999996,-39.25158857599996],[-62.31691567099995,-39.26605371599993],[-62.12989003599995,-39.29272271399998],[-62.00920615299998,-39.36749489799996],[-62.03181103299994,-39.39357973799997],[-62.08558685099996,-39.390105725999945],[-62.18501381899995,-39.298358468999936],[-62.28849657799998,-39.29863805499997],[-62.26260804299994,-39.347226648999936],[-62.20312151799993,-39.346845934999976],[-62.23931311899997,-39.36019471099996],[-62.19417474399995,-39.37696990999996],[-62.20759100199996,-39.40103910999994],[-62.14985575999998,-39.38002371099998],[-62.16048719199995,-39.400039737999975],[-62.04549973899998,-39.44742075399995],[-62.11905482699996,-39.662553772999956],[-62.09222640399997,-39.67956691899997],[-62.12271324799997,-39.70767430199993],[-62.115242999999964,-39.848792999999944],[-62.14151499999997,-39.871918999999934],[-62.179768999999965,-39.853524999999934],[-62.269938999999965,-39.87219399999998],[-62.279476999999986,-39.84867899999995],[-62.285672999999974,-39.87940699999996],[-62.32000199999999,-39.86848999999995],[-62.35186674899995,-40.06999720899995],[-62.33888976399999,-40.186874846999956],[-62.48826042899998,-40.30130312699998],[-62.41894672899997,-40.46366564699997],[-62.320365659999936,-40.50485411799997],[-62.282496537999975,-40.571479024999974],[-62.25077832299996,-40.55677395699996],[-62.31845019399998,-40.526412033999975],[-62.18194051599994,-40.57683281399994],[-62.17358860799993,-40.63458233199998],[-62.23231370499997,-40.68790605199996],[-62.31254913099997,-40.871148345999984],[-62.71042356399994,-41.037676113999964],[-62.789666573999966,-41.02416378199996],[-62.95758898099996,-40.81810980999995],[-63.19208200999998,-40.716685079999934],[-63.285307640999974,-40.72943157999998],[-63.36604865999993,-40.689204779999955],[-63.379348006999976,-40.71037139699996],[-63.385083178999935,-34.38576131199994],[-61.719753407999974,-34.38555468799996],[-60.93403320999994,-33.654726660999984],[-60.894344510999986,-33.56539179899994],[-60.818249349999974,-33.54029323999998],[-60.78195066999996,-33.57896899999997],[-60.68458224899996,-33.585156576999964],[-60.55694883999996,-33.64659803999996],[-60.46854860099995,-33.63774974199998],[-60.457380290999936,-33.58235972999995],[-60.413831399999935,-33.54501170999998],[-60.41021699999993,-33.467886239999984],[-60.33528776999998,-33.41210453999997],[-60.272714108999935,-33.26386310199996],[-60.24091059299997,-33.27285357699998]]],[[[-61.99898529099994,-39.09073638799998],[-61.999111175999985,-39.130046841999956],[-61.99029540999999,-39.08970642099996],[-61.96688079799998,-39.11453628499993],[-61.975234984999986,-39.09019088699995],[-61.912868499999945,-39.10165786699997],[-61.94724655199997,-39.14733505099997],[-61.90929412799994,-39.16264724699994],[-61.88479614299996,-39.09658431999998],[-61.86503601099997,-39.194015502999946],[-61.88339996299999,-39.199890136999954],[-61.864940642999954,-39.16212081899994],[-61.85236740099998,-39.19361114499998],[-61.869819640999935,-39.24433135999993],[-61.94980621199994,-39.178596496999944],[-62.05679702699996,-39.15766525299995],[-62.04137420699993,-39.109416961999955],[-61.99898529099994,-39.09073638799998]]],[[[-62.04053506199995,-38.99615991799993],[-62.00821685799997,-39.014804837999975],[-62.04051971399997,-39.03977203399995],[-62.074451446999944,-39.00336074799998],[-62.09708023099995,-39.023807525999985],[-62.12677001999998,-39.00462341299993],[-62.04053506199995,-38.99615991799993]]],[[[-62.15178298999996,-40.37929916199994],[-62.143432616999974,-40.42051696799996],[-62.19836425799997,-40.43671417199994],[-62.17394638099995,-40.36851119999994],[-62.15178298999996,-40.37929916199994]]],[[[-62.037670134999985,-39.08172607399996],[-62.01446151699997,-39.10683059599995],[-62.07288360599995,-39.148670196999944],[-62.080127715999936,-39.08554076899998],[-62.037670134999985,-39.08172607399996]]],[[[-62.18040466299993,-40.460899351999956],[-62.15662383999995,-40.45767593399995],[-62.21714401099996,-40.52347564499996],[-62.23491287199994,-40.50795364399994],[-62.20093917799994,-40.44664382899998],[-62.18040466299993,-40.460899351999956]]],[[[-62.08420562699996,-39.23239135699998],[-62.064479827999946,-39.24599838299997],[-62.11473083499993,-39.24383544699998],[-62.15953445399998,-39.19535064699994],[-62.08420562699996,-39.23239135699998]]],[[[-58.28266388199995,-34.21022964499997],[-58.32882542599998,-34.24002049699993],[-58.32165135099996,-34.19057529699995],[-58.28266388199995,-34.21022964499997]]],[[[-62.112121581999986,-40.17597961399997],[-62.10877227799995,-40.22000121999997],[-62.131473540999934,-40.17800903099993],[-62.11029052699996,-40.12498092699997],[-62.112121581999986,-40.17597961399997]]],[[[-62.32884597799995,-40.28649139399994],[-62.31123733499999,-40.29794311499995],[-62.344757079999965,-40.34162902799994],[-62.32884597799995,-40.28649139399994]]],[[[-62.28766250599995,-40.299484252999946],[-62.26696395899995,-40.315116881999984],[-62.312057494999976,-40.34285736099997],[-62.28766250599995,-40.299484252999946]]],[[[-58.467793788999984,-34.32690488299994],[-58.449979034999956,-34.377004297999974],[-58.486414638999975,-34.32943838099993],[-58.467793788999984,-34.32690488299994]]],[[[-58.24277618399998,-34.24872932399995],[-58.27817066699998,-34.26800295899994],[-58.26795031499995,-34.22574086499998],[-58.24277618399998,-34.24872932399995]]],[[[-61.895473479999964,-39.13342285099998],[-61.91076660199997,-39.154045104999966],[-61.92244720399998,-39.11995315599995],[-61.895473479999964,-39.13342285099998]]],[[[-62.25080871599994,-39.86555862199998],[-62.18977737399996,-39.87303542899997],[-62.25080871599994,-39.86555862199998]]],[[[-62.01816558799999,-39.23892211699996],[-62.011043548999965,-39.26169967699997],[-62.01816558799999,-39.23892211699996]]],[[[-62.240493844999946,-38.83921187399994],[-62.227420878999965,-38.85729353399995],[-62.27097327399997,-38.83942549699998],[-62.240493844999946,-38.83921187399994]]],[[[-58.47693894199995,-34.303361559999985],[-58.474726042999976,-34.321464499999934],[-58.508699788999934,-34.30084395999995],[-58.47693894199995,-34.303361559999985]]],[[[-58.33200200599998,-34.23168048599996],[-58.332953789999976,-34.25154898599993],[-58.35234639799995,-34.23697478699995],[-58.33842655099994,-34.21300171699994],[-58.33200200599998,-34.23168048599996]]],[[[-62.26067740599996,-38.93248500999994],[-62.29411322499993,-38.94493236399995],[-62.26067740599996,-38.93248500999994]]],[[[-62.127208709999934,-39.00606536899994],[-62.14064025899995,-39.03554534899996],[-62.127208709999934,-39.00606536899994]]],[[[-62.29913330099998,-39.02315902699996],[-62.270313262999935,-38.999858855999946],[-62.29913330099998,-39.02315902699996]]],[[[-58.32000666399995,-34.17653464799997],[-58.33447108399997,-34.19525514999998],[-58.32000666399995,-34.17653464799997]]],[[[-62.04972848199998,-38.983212838999975],[-62.014141173999974,-38.994138126999985],[-62.04972848199998,-38.983212838999975]]],[[[-62.15966796899994,-40.019851682999956],[-62.11940383899997,-40.02561950699993],[-62.15966796899994,-40.019851682999956]]],[[[-62.36933898899997,-40.25598907299997],[-62.35710143999995,-40.23390960599994],[-62.36933898899997,-40.25598907299997]]],[[[-62.26291281899995,-38.82164519699995],[-62.27976996499996,-38.800107423999975],[-62.26291281899995,-38.82164519699995]]],[[[-58.25358189999997,-34.20486496899997],[-58.25333623199998,-34.229926029999945],[-58.25358189999997,-34.20486496899997]]],[[[-58.29108717399998,-34.26987083499995],[-58.282330757999944,-34.237319808999985],[-58.29108717399998,-34.26987083499995]]],[[[-62.302787845999944,-38.87247983799995],[-62.294426029999954,-38.89246121799994],[-62.302787845999944,-38.87247983799995]]],[[[-62.353603362999934,-40.22306442299998],[-62.31916809099994,-40.19441986099997],[-62.353603362999934,-40.22306442299998]]],[[[-58.28266388199995,-34.23555900799994],[-58.30098573199996,-34.250930325999946],[-58.28266388199995,-34.23555900799994]]],[[[-58.47665859199998,-34.28534893799997],[-58.50101078599994,-34.29340340199997],[-58.47665859199998,-34.28534893799997]]],[[[-58.33111446799995,-34.15181448199996],[-58.335854353999935,-34.17420045099993],[-58.33111446799995,-34.15181448199996]]],[[[-58.24800678899999,-34.174938734999955],[-58.24800678899999,-34.174938734999955]]],[[[-62.234687804999965,-39.18478774999994],[-62.224548339999956,-39.20515441699996],[-62.234687804999965,-39.18478774999994]]],[[[-58.35678169999994,-34.119932087999985],[-58.35823911999995,-34.14286414399993],[-58.35678169999994,-34.119932087999985]]],[[[-62.23474502499994,-39.338260650999985],[-62.211822509999934,-39.34414672899993],[-62.23474502499994,-39.338260650999985]]],[[[-58.23320599199997,-34.25373253799995],[-58.249731348999944,-34.26697423799993],[-58.23320599199997,-34.25373253799995]]],[[[-62.307140414999935,-38.84396117099993],[-62.307140414999935,-38.84396117099993]]],[[[-62.20089340199996,-39.006011962999935],[-62.210418699999934,-39.02132034299996],[-62.20089340199996,-39.006011962999935]]],[[[-62.15339279199998,-40.451484679999965],[-62.176700591999975,-40.45436477699997],[-62.15339279199998,-40.451484679999965]]],[[[-58.44562671299997,-34.34212541599993],[-58.44562671299997,-34.34212541599993]]],[[[-58.368620721999946,-34.21708071799998],[-58.368620721999946,-34.21708071799998]]],[[[-58.31671396899998,-34.24744441499996],[-58.31671396899998,-34.24744441499996]]],[[[-62.11812210099998,-40.40113830399997],[-62.11812210099998,-40.40113830399997]]],[[[-58.349695708999946,-34.07663015399993],[-58.34844649199994,-34.100757888999965],[-58.349695708999946,-34.07663015399993]]],[[[-58.46692193699994,-34.29691470499995],[-58.46692193699994,-34.29691470499995]]],[[[-62.32237249999997,-38.84892408899998],[-62.32237249999997,-38.84892408899998]]],[[[-58.343440090999934,-34.26616679199998],[-58.343440090999934,-34.26616679199998]]],[[[-62.07582092299998,-40.262207030999946],[-62.07582092299998,-40.262207030999946]]],[[[-62.36772918699995,-40.222404479999966],[-62.35332870499997,-40.20567703199998],[-62.36772918699995,-40.222404479999966]]],[[[-62.28589255299994,-38.87153760999996],[-62.26737601399998,-38.87324659099994],[-62.28589255299994,-38.87153760999996]]],[[[-62.304637973999945,-38.83210127899997],[-62.304637973999945,-38.83210127899997]]],[[[-62.31372458199996,-38.87164060499998],[-62.31372458199996,-38.87164060499998]]],[[[-62.36170959499998,-40.35291290299995],[-62.36170959499998,-40.35291290299995]]],[[[-62.11896133399995,-40.38864517199994],[-62.11896133399995,-40.38864517199994]]],[[[-62.35690307599998,-40.21899414099994],[-62.34338378899997,-40.207073211999955],[-62.35690307599998,-40.21899414099994]]],[[[-62.295345371999986,-38.96173609999994],[-62.295345371999986,-38.96173609999994]]],[[[-58.44507943699995,-34.326858793999975],[-58.44507943699995,-34.326858793999975]]],[[[-62.080074395999986,-38.98059595799998],[-62.080074395999986,-38.98059595799998]]],[[[-62.13385772699996,-40.411266324999985],[-62.13385772699996,-40.411266324999985]]],[[[-61.87372207599998,-39.16340637199994],[-61.87372207599998,-39.16340637199994]]],[[[-58.33965897099995,-34.14891781499995],[-58.33965897099995,-34.14891781499995]]],[[[-62.12279891999998,-39.88500213599997],[-62.11341857899998,-39.86516189599996],[-62.12279891999998,-39.88500213599997]]],[[[-62.27885443699995,-38.85223906099998],[-62.27885443699995,-38.85223906099998]]],[[[-62.25220489499998,-39.34098052999997],[-62.25220489499998,-39.34098052999997]]],[[[-62.19387435899995,-39.17804336499995],[-62.19387435899995,-39.17804336499995]]],[[[-58.442846550999946,-34.33796516599995],[-58.442846550999946,-34.33796516599995]]],[[[-62.28576285299994,-38.95954646499996],[-62.28576285299994,-38.95954646499996]]],[[[-62.27357108199993,-38.86796705399996],[-62.27357108199993,-38.86796705399996]]],[[[-58.332442206999986,-34.13532957599995],[-58.332442206999986,-34.13532957599995]]],[[[-62.24928665199997,-39.33398055799995],[-62.24928665199997,-39.33398055799995]]],[[[-61.912487029999966,-39.09902572599998],[-61.912487029999966,-39.09902572599998]]],[[[-62.28172308899997,-38.97681559399996],[-62.28172308899997,-38.97681559399996]]],[[[-58.37523178699996,-34.24494727699994],[-58.37523178699996,-34.24494727699994]]],[[[-62.30149084899995,-38.82330077699993],[-62.30149084899995,-38.82330077699993]]],[[[-62.23601157599995,-38.87088910899996],[-62.23601157599995,-38.87088910899996]]],[[[-62.147411345999956,-39.88819885299995],[-62.147411345999956,-39.88819885299995]]],[[[-62.33000189399996,-38.85953276099997],[-62.33000189399996,-38.85953276099997]]],[[[-62.32395178399997,-38.82897704499993],[-62.32395178399997,-38.82897704499993]]],[[[-58.47293021899998,-34.28442035099994],[-58.47293021899998,-34.28442035099994]]],[[[-62.034927367999956,-39.10669708299997],[-62.034927367999956,-39.10669708299997]]],[[[-58.43928306999999,-34.33107043999996],[-58.43928306999999,-34.33107043999996]]],[[[-61.86610794099994,-39.15805053699995],[-61.86610794099994,-39.15805053699995]]],[[[-62.30996710499994,-38.99040354099998],[-62.30996710499994,-38.99040354099998]]],[[[-62.25555426899996,-38.87050382499996],[-62.25555426899996,-38.87050382499996]]],[[[-58.46635086699996,-34.29491595799993],[-58.46635086699996,-34.29491595799993]]],[[[-62.26761633999996,-38.866845532999946],[-62.26761633999996,-38.866845532999946]]],[[[-62.259456703999945,-38.86758939899994],[-62.259456703999945,-38.86758939899994]]],[[[-58.38093365199995,-34.23890931899996],[-58.38093365199995,-34.23890931899996]]],[[[-62.26185996299995,-38.862996503999966],[-62.26185996299995,-38.862996503999966]]],[[[-58.46376590299997,-34.285924568999974],[-58.46376590299997,-34.285924568999974]]],[[[-62.25762183399996,-38.865388318999976],[-62.25762183399996,-38.865388318999976]]],[[[-62.25406272199996,-38.86605970599993],[-62.25406272199996,-38.86605970599993]]]]}},{"type":"Feature","properties":{"gid":"69","name":"Tierra del Fuego, Antártida e Islas del Atlántico Sur","in1":"94","source":"IGN"},"geometry":{"type":"MultiPolygon","coordinates":[[[[-24.999999999999943,-75.87686964899996],[-24.999999999999943,-90.00000000099999],[-73.99999999999994,-90.00000001099994],[-73.99999999999994,-80.82660459899995],[-73.15659394799997,-80.93488812899994],[-72.60476142899995,-80.96403165799995],[-72.56510282799997,-80.94840252299997],[-72.64280233899996,-80.91127589099995],[-72.60327417199994,-80.86415923999994],[-72.61889963999994,-80.85437336399997],[-72.55698823899996,-80.79254717899994],[-72.44187626799999,-80.74251139699999],[-72.36501717999994,-80.73968311899995],[-72.35467470899994,-80.76849788099997],[-72.31382618699996,-80.77166040599997],[-71.87057740299997,-80.74479500999996],[-71.66075824999996,-80.70167365999998],[-71.57472629699998,-80.72295407199994],[-71.20798147599999,-80.64702768499995],[-71.12505125099995,-80.59957259199996],[-70.95349890699998,-80.62711120799997],[-70.79634317599994,-80.61548485899993],[-70.41292600999998,-80.67395312899998],[-70.37989660599999,-80.70878701899994],[-70.42495720999995,-80.76004556999999],[-70.38788112099996,-80.78913858599998],[-70.40762653299998,-80.83043994399998],[-70.31422676499994,-80.84872469299995],[-70.31022295899999,-80.88190366699996],[-70.03344958499997,-80.90025416799995],[-70.10538014699995,-80.93580331199996],[-69.99506530199994,-80.97737668999997],[-69.17197870399997,-81.03572349499996],[-68.96556070699995,-81.00536103999997],[-68.69701650499997,-81.01608503099999],[-68.49448390299995,-81.05953236699997],[-68.41840478699999,-81.11079081099996],[-65.23105610699997,-81.53003160899993],[-64.18371938399997,-81.54296577999997],[-63.89790291699995,-81.57823171299998],[-62.73281438299995,-81.54415381899997],[-62.299716022999974,-81.56419289699994],[-62.298701050999966,-81.58807805799995],[-62.086594838999986,-81.65341413499993],[-62.43113306999999,-81.71614312199995],[-63.04965156399999,-81.72262345799999],[-63.29748148199997,-81.71106695799995],[-63.396091947999935,-81.68033993199998],[-63.30080277099995,-81.64536619099994],[-63.33996279699994,-81.63862986899994],[-64.08647440699997,-81.68902154199998],[-63.85662016799995,-81.61619599299996],[-63.87651369799994,-81.60971043299998],[-64.25775628599996,-81.68859968399994],[-64.70040972299995,-81.69819491999993],[-64.72057019499994,-81.69297430599994],[-64.54049490099999,-81.63564663499994],[-64.74008647599999,-81.63251870499994],[-65.21546791499998,-81.76172093699995],[-64.92991976699994,-81.79866430499999],[-64.95599104699994,-81.81410900099996],[-64.90693104299999,-81.82315952099998],[-64.43993277399994,-81.77498339399995],[-63.46761414799994,-81.78725818099997],[-63.59130319999997,-81.82945772399995],[-63.52110856099995,-81.84858188999993],[-63.54248653899998,-81.86168631699996],[-64.00474224799996,-81.90600028599994],[-65.27490877099996,-81.91165492199997],[-65.32597701999998,-81.90507279699995],[-65.28088247699998,-81.89081913999996],[-65.67396249499996,-81.87202419299996],[-66.25620293899993,-81.94868937799998],[-65.63137203699995,-81.99037710899995],[-65.94113091999998,-82.08592696499994],[-66.02864145999996,-82.12992259099997],[-65.98719724399996,-82.16011305499995],[-66.11261651099994,-82.18908032999997],[-65.92119217499999,-82.22262828099997],[-65.96044459299998,-82.23750133599998],[-65.92524066199996,-82.26395783599997],[-66.09720091299994,-82.29931056799995],[-66.07176162999997,-82.31283435499995],[-65.69051802399997,-82.32350123599997],[-65.20873971999998,-82.27231098999994],[-65.13568672799994,-82.30376928799996],[-65.20968350399994,-82.34728818099995],[-65.08574603399995,-82.37395482199997],[-65.12862401799998,-82.39628889399995],[-65.10943180699996,-82.40598832499995],[-64.49712629399994,-82.35880092299999],[-64.47477765799994,-82.36116408099997],[-64.54047108999998,-82.37894320099997],[-64.49947345799995,-82.41003020399995],[-64.40594668499995,-82.41920305799994],[-63.80214829399995,-82.30708389999995],[-63.34095181999999,-82.34323710999996],[-63.177189005999935,-82.29049800399997],[-63.22990717399995,-82.26748592299998],[-63.07194633199998,-82.25260477999996],[-63.023060391999934,-82.26005021299994],[-63.07128854599995,-82.28740003099995],[-62.34456671399994,-82.25607825499998],[-62.138042189999965,-82.29713684099994],[-61.885661005999964,-82.24736357599994],[-61.48792006799994,-82.24204637199995],[-60.727690059999986,-82.15529907099994],[-60.630325425999956,-82.16341182799994],[-60.69007187799997,-82.19871086399996],[-60.41450082099993,-82.17704816599996],[-60.62935851399993,-82.25145627499995],[-61.10241537099995,-82.34546455199995],[-61.56365327699996,-82.37470437999997],[-62.063008314999934,-82.47203730499996],[-62.81601439499997,-82.52250705699998],[-62.735617555999966,-82.59103296299998],[-62.46604929899996,-82.68808791099997],[-62.49744401999993,-82.71883687799999],[-62.099472152999965,-82.85141793499997],[-62.080238176999956,-82.89809492299997],[-61.959121153999945,-82.97852566899996],[-62.23772015499998,-83.02911701799997],[-61.961587830999974,-83.02814445899998],[-61.86924790599994,-82.99763455899995],[-61.59533955599994,-83.04019149399994],[-61.35328674899995,-82.92311085399996],[-61.16285531899996,-82.94612293299997],[-61.09679794199997,-82.90682769599994],[-61.02268529299994,-82.93306223699994],[-60.96240724299997,-83.00576184099998],[-61.02092024899997,-83.10502491399996],[-61.15017150899996,-83.17759399199997],[-61.86619492999995,-83.37180629299996],[-61.84455034699994,-83.37638897899996],[-61.54540870499994,-83.35132983999995],[-61.47091931299997,-83.35939745599995],[-61.49269420799993,-83.37456655599999],[-61.46643919799993,-83.38366348299996],[-60.94924565399998,-83.39126127999998],[-60.77488617299997,-83.42356077099998],[-59.59701898299994,-83.46755308199994],[-59.24926208599999,-83.45199614399996],[-58.913228377999985,-83.40166257399994],[-58.711470565999946,-83.33791802299999],[-58.72206600399994,-83.29701408099999],[-58.60404792799994,-83.24154619299998],[-57.950357130999976,-83.03121187299996],[-57.748050509999985,-82.92097519299995],[-57.17216677699997,-82.78014544299998],[-56.473461646999965,-82.67508274899996],[-56.058501545999945,-82.56660348699995],[-55.901497751999955,-82.49560635499995],[-55.90574339899996,-82.47259410599997],[-55.60088812799995,-82.46158802499997],[-55.155243015999986,-82.51720972199996],[-55.12572613399993,-82.51075019499996],[-55.132939943999986,-82.48875767699997],[-55.18997714999995,-82.46084735899996],[-55.09024434599996,-82.42607962599999],[-55.15243297799998,-82.39384006899996],[-55.03312535499998,-82.34957803799995],[-54.84909140299993,-82.34864598899998],[-54.81913535299998,-82.33383436199995],[-54.829119720999984,-82.30963872999996],[-54.696563641999944,-82.29199676999997],[-54.30520152099996,-82.28869435599995],[-54.13522885599997,-82.25172168499995],[-54.31637362299995,-82.24900420299997],[-53.95782223699996,-82.20232905699999],[-54.28802657799997,-82.19436225499999],[-54.23439778699998,-82.18412829599998],[-53.962240194999936,-82.17299491399996],[-53.805777647999946,-82.19560645999996],[-53.221682993999934,-82.12412443599999],[-52.70376514599997,-82.16254535799999],[-52.12926420499997,-82.07903014899995],[-51.25187167499996,-82.02976835399994],[-50.75960804699997,-81.96259587599997],[-50.60086818999997,-81.99638921899998],[-49.51977804699993,-81.95651837099996],[-48.941062113999976,-81.89811436799994],[-48.38371683399998,-81.89763123999995],[-47.54533363599995,-81.93006953099996],[-47.465065900999946,-81.97612215399994],[-47.30213903699996,-81.97918507899999],[-47.59578202999995,-82.03188752099999],[-47.28903739899994,-82.07137928199995],[-47.16182677499995,-82.05721027699997],[-47.18492758399998,-82.03791137799999],[-47.08692430899998,-81.99456054399997],[-46.74383085899996,-81.98263171899998],[-46.24359685999997,-81.91601720999995],[-46.278385956999955,-81.97333680899999],[-46.01047300099998,-82.09432858299994],[-46.069162320999965,-82.12362337299999],[-45.98377004599996,-82.13659490499998],[-46.120533921999936,-82.18468895399997],[-46.13657672699998,-82.21188236099994],[-46.08808095499995,-82.22539318599996],[-46.21672498299995,-82.28271323099995],[-46.690610652999965,-82.40724484399999],[-46.439733875999934,-82.48188634899998],[-46.48638432399997,-82.51477602699998],[-46.20026661199995,-82.54832068099995],[-46.01817378699997,-82.54035461899997],[-45.816137485999946,-82.45438718799994],[-45.67882808199994,-82.45241399299994],[-45.719870009999966,-82.50143453699997],[-45.64847558099996,-82.52302834299996],[-44.83333439399996,-82.39568059099997],[-44.061495226999966,-82.40013078299995],[-43.28059573499996,-82.20322804999995],[-43.350621123999986,-82.16703157199998],[-43.12831868799998,-82.11513638199995],[-43.15836377099998,-82.07390862599993],[-43.27340636399998,-82.03281358499999],[-43.170192982999936,-82.01589815499995],[-43.19733287299994,-81.99480558999994],[-43.15359907599998,-81.98023542499999],[-43.23189227399996,-81.94789992199998],[-43.167320280999945,-81.89560554999997],[-42.46500149599996,-81.76077418099999],[-42.23260577899998,-81.69652293199994],[-42.269980449999935,-81.67165806199995],[-42.22405453999994,-81.63856013399999],[-41.93174334599996,-81.61467662899997],[-41.89484838299995,-81.56923323599995],[-41.93787028699995,-81.54102522299996],[-41.764816887999984,-81.43894576599996],[-41.78704073999995,-81.41433440499998],[-41.05976607799994,-81.18798026199994],[-40.79544779999998,-81.17086878299995],[-40.635045401999946,-81.19725352599994],[-40.29936477399997,-81.16389546099998],[-39.56970357899996,-80.99180458099994],[-38.777385977999984,-80.89617983199997],[-38.832369841999935,-80.88366212099999],[-38.81668725099996,-80.86527198499994],[-38.54682109999993,-80.92041940299998],[-37.61974624299995,-80.97705238199995],[-37.602184776999934,-81.00115746499995],[-37.652188311999964,-81.01414167399997],[-37.460691107999935,-81.03156377999994],[-37.28767982199997,-81.08491170899998],[-37.279858684999965,-81.05236342799998],[-37.01914795699997,-81.00486023999997],[-36.80285930499997,-80.98290744399998],[-36.61675267299995,-81.00197393799994],[-36.59249779099997,-80.99256533899995],[-36.606273983999984,-80.96835136899995],[-36.50207450499994,-80.93609408399999],[-36.03450126399997,-80.91771262099996],[-36.032553158999974,-80.89232661899996],[-35.86724182499995,-80.86556776999998],[-35.88619319999998,-80.83933302299994],[-35.78820962299994,-80.82359258799994],[-35.803126384999985,-80.80979072499997],[-35.78044291799995,-80.80101591599998],[-35.179684555999984,-80.72156389099996],[-35.482962000999976,-80.64446657899998],[-35.20508043499996,-80.59791997299999],[-34.48849075499993,-80.66280187199999],[-33.999208572999976,-80.64901559599997],[-33.428995561999955,-80.61072339299994],[-33.16698517899994,-80.55374232499997],[-33.44984200899995,-80.52408298899996],[-33.49896828399994,-80.50423617599995],[-33.48157013699995,-80.49944369499997],[-32.88511838299996,-80.53434838499999],[-32.350306633999935,-80.46643794299996],[-32.183746482999936,-80.47355314599997],[-31.964926039999966,-80.42569569799997],[-30.638395539999976,-80.48091403399997],[-30.613945498999954,-80.47433511799994],[-31.31529166399997,-80.36225210499998],[-31.20390805699998,-80.34487390199996],[-31.26999110199995,-80.31789439999994],[-31.238215741999966,-80.29395643799995],[-31.020830736999983,-80.27114416299997],[-30.16291990999997,-80.29429348699995],[-30.127084200999946,-80.26597042799995],[-29.736491899999976,-80.25818496399995],[-29.833874143999935,-80.20859507699998],[-29.79262754399997,-80.16164024599993],[-29.743541868999955,-80.15431005899995],[-28.10420473099998,-80.08906600599994],[-26.34221886199998,-80.11821340199998],[-26.25852963099993,-80.11236677199997],[-26.32439389299998,-80.09709288699997],[-26.01850648599998,-80.09488874599998],[-26.20200423199998,-80.01513573799997],[-27.319749568999953,-79.96919884299996],[-28.494847910999965,-79.98355153499995],[-28.75359549899997,-79.96224984599996],[-30.148052511999936,-80.04613187599995],[-30.381503619999933,-80.00000508799997],[-30.200000000999978,-79.99999999999994],[-30.51487356299998,-79.98736435199999],[-30.51861092799993,-79.95580207399996],[-30.579920237999943,-79.94084604799997],[-30.76448144799997,-79.95021060999994],[-30.953905735999967,-79.89904506099998],[-31.15183630499996,-79.91598106999999],[-31.98198167299995,-79.84807055299996],[-31.99249712699998,-79.82562960999996],[-32.126015579999944,-79.80737399499998],[-31.758156235999934,-79.73325211499997],[-32.14861912999993,-79.66249267399996],[-31.606249869999942,-79.59933790699995],[-31.049163754999938,-79.61271912899997],[-30.719810291999977,-79.57457382599995],[-29.750770641999964,-79.35149870499998],[-29.541046119999976,-79.27643175399999],[-29.610757127999932,-79.25836626599994],[-29.82111269899997,-79.31932542099997],[-29.890445149999948,-79.30050232099995],[-29.837295255999948,-79.27638826199995],[-29.958604734999938,-79.25521107399999],[-30.384220340999946,-79.29179323499994],[-30.58669691299997,-79.27537933499997],[-30.49098025099994,-79.21733527399994],[-30.14188065899998,-79.17746655299999],[-29.945180145999984,-79.11897541599996],[-30.188163826999983,-79.10756888899994],[-30.207478658999946,-79.09783313199995],[-30.190066418999947,-79.06902211299996],[-30.263439167999934,-79.04264872599998],[-30.558382026999936,-79.10232778699998],[-30.669997295999963,-79.07849715299994],[-31.121773296999947,-79.16134738699998],[-31.34466439299996,-79.15566655399994],[-32.64919558399998,-79.25716343099998],[-33.72834873599993,-79.22056862099998],[-34.162348737999935,-79.16113098899996],[-34.227359761999935,-79.12980681499994],[-34.149881809999954,-79.10983826999995],[-34.65077135499996,-79.01723195999995],[-35.71455111199998,-78.92300145499996],[-36.26910396699998,-78.84557100099994],[-36.36272805899995,-78.81715111499994],[-36.33483595799993,-78.81260680999998],[-36.391513148999934,-78.77575541999994],[-36.43832271499997,-78.69236482899998],[-36.53409341499997,-78.63083359099994],[-36.415820320999956,-78.57505711299996],[-36.35439460799995,-78.47778985799994],[-36.24531525699996,-78.38302253899997],[-35.98517082099994,-78.23012380599994],[-35.521187243999975,-78.05422280499994],[-35.503250152999954,-77.97060706099995],[-35.330701740999984,-77.84771391499999],[-34.916116371999976,-77.82182303399998],[-34.62389791099997,-77.85718705199997],[-34.27677215899996,-77.95025025699994],[-34.26560457499994,-77.93815203999998],[-34.27770279099997,-77.91860876599998],[-34.35215335399994,-77.88789790899995],[-34.13531608799997,-77.86928526899999],[-34.079478164999955,-77.84136630799998],[-34.637857390999955,-77.79204280799996],[-34.626689806999934,-77.75295626199994],[-34.71603048399993,-77.73341298999998],[-34.781856672999936,-77.68042454499994],[-34.73027763599998,-77.62848424299995],[-34.560724910999966,-77.59396818399995],[-34.373453524999945,-77.47560255699995],[-33.934700067999984,-77.40697193399996],[-33.72216196399995,-77.31098627799997],[-33.22869005299998,-77.27795638199996],[-32.89722072799998,-77.16636488699999],[-32.59523069199997,-77.12507841099995],[-32.164205805999984,-77.17255298499998],[-31.90709871799993,-77.15039468899994],[-31.870804265999936,-77.12418728299997],[-31.870296309999958,-77.04998160499997],[-31.70586739199996,-76.97762338199993],[-30.473210119999976,-76.80503418899997],[-30.408439186999942,-76.77887971799998],[-30.486745205999966,-76.75958457499996],[-30.400832547999983,-76.72618982499995],[-30.41288351999998,-76.70390940299995],[-30.234679316999973,-76.68113720399998],[-30.251666743999976,-76.67025392799997],[-30.152928320999933,-76.62720797599997],[-29.627994413999943,-76.57776965499994],[-29.51961629899995,-76.49161293099996],[-28.863456207999945,-76.35131312799996],[-28.38423437399996,-76.32400131799994],[-27.952223439999955,-76.25145378299999],[-27.68613688199997,-76.25513846899997],[-27.65270074199998,-76.24867614599998],[-27.724361741999928,-76.22456861199998],[-27.532751983999958,-76.21988569599995],[-27.334607494999943,-76.16955776099996],[-26.958746101999964,-76.16415507799996],[-26.830001763999974,-76.13148233299995],[-26.71682949799998,-76.15116976399997],[-26.609391569999957,-76.11120877999997],[-26.672748127999967,-76.10079073199995],[-26.59774252699998,-76.05036819999998],[-26.381928052999967,-76.03607642999998],[-25.93083926299994,-75.92548801799995],[-25.529407728999956,-75.88069927099997],[-25.09170299999994,-75.87833939199999],[-24.999999999999943,-75.84746048599999],[-24.999999999999943,-75.87686964899996]]],[[[-57.30300533299999,-63.21414529599997],[-57.03526858999999,-63.26479657799996],[-57.01266056399999,-63.298423466999964],[-57.03823458199997,-63.356540215999985],[-56.98074768099997,-63.37335229399997],[-57.06062724999998,-63.41516260599997],[-56.94004569499998,-63.40144503299996],[-56.93494339499995,-63.43632488399999],[-57.010017250999965,-63.47216501099996],[-56.77243612999996,-63.54482076399995],[-56.77168541299994,-63.602729239999974],[-56.83594292199996,-63.64227996699998],[-56.96330699899994,-63.60848387999994],[-57.03302140599993,-63.648765880999974],[-57.134878061999984,-63.654391275999956],[-57.17654565699996,-63.591848364999976],[-57.09425264099997,-63.54917479599993],[-57.142161906999945,-63.525003778999974],[-57.14298242399997,-63.47507049699993],[-57.324405352999975,-63.481503284999974],[-57.48782428699997,-63.44462562699994],[-57.44658804699998,-63.49316627099995],[-57.47135083499995,-63.53083932099997],[-57.374966377999954,-63.55532055799995],[-57.718649649999975,-63.53875848699994],[-57.74815257199998,-63.545300098999974],[-57.74021538899996,-63.581300269999986],[-57.76712186699996,-63.600834264999946],[-57.59060921199995,-63.60296153799999],[-57.63929482499998,-63.624753202999955],[-57.604104888999984,-63.630754922999984],[-57.700711368999976,-63.62511153199995],[-57.749398063999934,-63.65943931999993],[-57.87744441199993,-63.66189400199994],[-57.83581685399997,-63.680572877999964],[-57.978412857999956,-63.68907826699996],[-57.96895095699995,-63.670769329999985],[-58.06341384799998,-63.65669637199994],[-58.156274208999946,-63.711591175999956],[-58.274803890999976,-63.725446714999975],[-58.264126241999975,-63.74957065799998],[-58.37662699499998,-63.801496965999945],[-58.37689432399998,-63.847259872999985],[-58.47364483999996,-63.85068395999997],[-58.43307463299993,-63.88164414999994],[-58.47994373599994,-63.91373374999995],[-58.569751516999986,-63.91972619799998],[-58.710629463999965,-63.991033054999946],[-58.73486340699998,-64.06009727599996],[-58.69768981599998,-64.09698263499996],[-58.78679686799995,-64.14040293499994],[-58.819209016999935,-64.17814798399996],[-58.80755920799999,-64.21609361699996],[-58.97588529999996,-64.20347052799997],[-59.02803129299997,-64.15973577699998],[-59.071008028999984,-64.18064520599995],[-59.06149520799994,-64.21490631499995],[-59.191675584999984,-64.21884939499995],[-59.187910655999985,-64.24040958899997],[-59.095996284999956,-64.25801257499995],[-58.74582383699993,-64.29833947599997],[-58.75436529999996,-64.33025448999996],[-58.94117456999999,-64.36672260799998],[-58.906862375999935,-64.39347199299993],[-58.92442848099995,-64.41688213399993],[-58.778220526999974,-64.42236383899996],[-58.76069043799998,-64.49720445299994],[-58.80780920899997,-64.55509257899996],[-58.99605350099995,-64.51535348999994],[-58.99845961799997,-64.42470705299996],[-59.17221803199993,-64.47249962699993],[-59.343970482999964,-64.43631921899998],[-59.40251755799994,-64.35764661399998],[-59.38568811599998,-64.33449414999995],[-59.48409529299994,-64.30677751999997],[-59.67710805599995,-64.39948061299998],[-59.60928094899998,-64.44480014899995],[-59.63585562399999,-64.49993800699997],[-59.545476968999935,-64.55223301099994],[-59.589420177999955,-64.59742330099994],[-59.653868821999936,-64.60110424599998],[-59.78012720299995,-64.56021677899997],[-59.74080448099994,-64.49438282299997],[-59.762554474999945,-64.44770373599994],[-59.733992859999944,-64.41860625399994],[-59.851899542999945,-64.41877328499999],[-59.89175579699997,-64.39246601999997],[-59.86639516099996,-64.34142919899995],[-59.92062760599998,-64.32591706699998],[-60.07811190799998,-64.38191821599997],[-59.97592513899997,-64.43616748699998],[-60.02196404999995,-64.47594992799998],[-60.247893913999974,-64.51979612399998],[-60.24734102299993,-64.57395984599998],[-60.31516429399994,-64.52996874799999],[-60.51903111399997,-64.59242247099996],[-60.36345169899994,-64.61408852299996],[-60.35993787499996,-64.65394008199996],[-60.44765669499998,-64.62185695999995],[-60.500245174999975,-64.67098737599997],[-60.75679178299998,-64.71979642599996],[-60.77316053299995,-64.74955771299994],[-60.70497296999997,-64.79580385199995],[-61.002156541999966,-64.95429431299993],[-61.002834235999956,-64.98984467099996],[-61.05694314999994,-65.03112590199999],[-61.09416115099998,-65.03761241599994],[-61.156282258999966,-64.98036844699993],[-61.39239908999997,-65.05087795199995],[-61.40706704499996,-64.99217111499996],[-61.51457030199998,-64.98802721199996],[-61.62455249599998,-64.87616432899995],[-61.70870139799996,-64.85827117999997],[-61.76706595899998,-64.87785007899998],[-61.73007255799996,-64.92726370799994],[-61.78526648299999,-64.93993825999996],[-61.75951001599998,-65.05500668499997],[-61.839661036999985,-65.08270448899998],[-61.79521687799996,-65.13175907599998],[-61.57432454699995,-65.12194029199998],[-61.55747453899994,-65.16245443099996],[-61.65678741499994,-65.18145638099998],[-61.590818974999934,-65.19976191999996],[-61.60223882299994,-65.23999267099998],[-61.80192601599998,-65.24503103999996],[-61.94033114299998,-65.17831463699997],[-61.98613632299998,-65.20347822999997],[-62.117231490999984,-65.17474420099995],[-62.15000634199998,-65.21792750799995],[-62.009143336999955,-65.26040689099995],[-62.337580027999934,-65.32229975699994],[-62.326342076999936,-65.34652563299994],[-62.09507910899998,-65.35424760799998],[-61.994791015999965,-65.38586448699994],[-62.14074398599996,-65.39230628299998],[-62.15076667499994,-65.40906996699994],[-62.101293812999984,-65.42454690199997],[-62.19978613999996,-65.46477657699995],[-61.965925556999935,-65.48969748799993],[-61.90581381599998,-65.54868290099995],[-61.69815559099993,-65.53666873299994],[-61.774889336999934,-65.57834072599996],[-61.87564018899997,-65.59398784199993],[-61.936358343999984,-65.56365732899997],[-62.08642008399994,-65.60153817699995],[-62.04262727099996,-65.66359741799994],[-62.057853153999986,-65.69495019399994],[-62.33210571999996,-65.77846006599998],[-62.376072378999936,-65.80427751199994],[-62.36917552199998,-65.83722758899995],[-62.41654429799996,-65.85533895099996],[-62.37873688099995,-65.93266106599998],[-62.26102925799995,-65.94318861399995],[-62.27343773499996,-65.97901168899995],[-62.247492534999935,-66.01627948499998],[-62.045025592999934,-66.10598050099998],[-61.84598323299997,-66.12754164399996],[-61.71025702899993,-66.08282439999994],[-61.628511755999966,-66.01505495399994],[-61.31710806099994,-66.08952164799996],[-61.31578847999998,-65.99617345099995],[-61.37737039099994,-65.95360427399999],[-61.34556068999996,-65.91954746899995],[-61.23990382699998,-65.91728857799995],[-61.13534190099995,-65.96462927499994],[-61.07553617599996,-66.04814636599997],[-61.020608498999934,-66.03379687999995],[-61.00909815499995,-65.96503062099998],[-61.03803333099995,-65.92679933599999],[-61.016265713999985,-65.91388030999997],[-60.891976167999985,-65.94105939799994],[-60.806009450999966,-65.91953199999995],[-60.60280598299994,-65.93631486599998],[-60.53416125599995,-65.96227228099997],[-60.56958080099997,-65.99410673099999],[-60.550438214999986,-66.01537933499998],[-60.607631495999954,-66.05953306899994],[-60.70677830799997,-66.04057164599993],[-60.70507806499995,-66.13465811799995],[-60.76576696999996,-66.13071527299996],[-60.82459761399997,-66.06898448999993],[-60.91425000999993,-66.03756123599999],[-60.93106312599997,-66.08253462299996],[-61.04725967099995,-66.08804413999997],[-61.03273159999998,-66.12681237699996],[-60.87992900499995,-66.18699558399999],[-60.92328274899995,-66.27407627399998],[-61.007863638999936,-66.28931637999995],[-60.98069886899998,-66.34822609699995],[-61.13321664399996,-66.34607922699996],[-61.18252058799993,-66.26698283299999],[-61.13531436499994,-66.22439943099994],[-61.17522655199997,-66.18486111499993],[-61.300753886999985,-66.15088983399994],[-61.49468746699995,-66.16577982599995],[-61.49443825499998,-66.26228011699993],[-61.593222010999966,-66.22082208099994],[-61.74148694199994,-66.23407169899997],[-61.733590248999974,-66.27778306699997],[-61.67442532699994,-66.32397250999998],[-61.72079963899995,-66.35786727699997],[-61.662130607999984,-66.40051240899999],[-61.70162422299995,-66.46870261699996],[-61.75878259499996,-66.47596199799995],[-61.833315306999964,-66.45724792899995],[-61.88303111099998,-66.33096154299994],[-61.98688618199998,-66.26679677099997],[-61.95553775199994,-66.24028555699994],[-61.96544124099995,-66.20961840199993],[-62.10985005799995,-66.21710902099994],[-62.22816654899998,-66.17478466099993],[-62.42602289399997,-66.18338166099994],[-62.54791385799996,-66.25005007199996],[-62.71461137899996,-66.24503054999997],[-62.730649820999986,-66.25616738299993],[-62.692636354999934,-66.26713512299995],[-62.76047442899994,-66.29028970899998],[-62.756195839999975,-66.32433448099994],[-62.712706254999944,-66.36194006699998],[-62.56913871199998,-66.39694219399996],[-62.51649338499993,-66.47967591499997],[-62.708883395999976,-66.51753900899996],[-62.72718658799994,-66.57529574799997],[-62.523212040999965,-66.59398383799999],[-62.577496432999965,-66.65444731499997],[-62.55803835099994,-66.66504494999998],[-62.42732243599994,-66.65257321599995],[-62.46714713299997,-66.70045358999994],[-62.62582602699996,-66.74329410699994],[-62.793881874999954,-66.65669601599996],[-62.78496627199996,-66.61116717399995],[-62.840553771999964,-66.58707472899994],[-62.85856267699995,-66.50751016499999],[-63.14823603699995,-66.35591573599999],[-63.199532972999975,-66.27225928199994],[-63.39372930199994,-66.25892296399996],[-63.55531130899993,-66.20505173499998],[-63.79724412999997,-66.19104413199994],[-63.73438892799999,-66.22792237599998],[-63.78393838299996,-66.24024502599997],[-63.657102401999964,-66.27012902299998],[-63.770218102999934,-66.28124089799996],[-63.67886879099996,-66.30581217799994],[-63.777559150999934,-66.32939905699993],[-63.588350194999975,-66.34810615899994],[-63.55573842599995,-66.39780353899994],[-63.86666692499995,-66.38389828299995],[-63.88850129699995,-66.41123569799998],[-63.75535474099996,-66.43844657099999],[-63.88002380399996,-66.44605849899995],[-63.87542212799997,-66.47416733699998],[-63.93364998399994,-66.48646889899999],[-63.81001693099995,-66.52774513699995],[-63.838918656999965,-66.54710212699996],[-63.793855966999956,-66.59756598599995],[-63.93672544299994,-66.60319217399996],[-63.99854438299997,-66.56282806799999],[-64.05908524899996,-66.56717105399997],[-64.08328600999994,-66.59122417299994],[-64.07001618199996,-66.62878465799997],[-64.14671585299993,-66.64794100599994],[-64.12298231399996,-66.68876964899994],[-63.92053174399996,-66.70278394899998],[-63.77037099199998,-66.77189066699998],[-63.74286358699999,-66.79313552099995],[-63.76666955999997,-66.80862047299996],[-63.71308005599997,-66.85211206699995],[-63.729300586999955,-66.89458856499994],[-64.09945174599994,-66.93733436999997],[-64.30985347399996,-66.83625499499993],[-64.36034243299997,-66.91178045999999],[-64.51711446799999,-66.89915745999997],[-64.55164648099998,-66.87499639799995],[-64.51605167799994,-66.80853157099995],[-64.54324382099998,-66.75683657099995],[-64.58544051999996,-66.81699149199994],[-64.74815708999995,-66.84055539099995],[-64.69928498899998,-66.86705714499993],[-64.73794306799994,-66.88563457599997],[-64.68441071999996,-66.98759999399994],[-64.88325571499996,-66.97965161099995],[-64.97950078499997,-67.03701869799994],[-64.85190555299994,-67.10587516599998],[-64.72459334299998,-67.09934187299996],[-64.73467815899994,-67.12054949499998],[-64.69600720399995,-67.15111756099998],[-65.02795010699998,-67.21707271899999],[-64.76002717599994,-67.26874093899994],[-64.75351421299996,-67.32032546699998],[-64.91727715299999,-67.32919233699994],[-64.98324177999996,-67.30176380399996],[-65.02169115399994,-67.31151056499994],[-64.98556484499994,-67.33668590399998],[-65.01257572099996,-67.35033141799994],[-65.10209660999993,-67.36374238999997],[-65.17015788699996,-67.33364932099994],[-65.22475643699994,-67.36548624999995],[-65.19790799299994,-67.39367581799996],[-65.30176380099994,-67.39913985899994],[-65.36934037299994,-67.36935353399997],[-65.38130935199996,-67.29846320999997],[-65.44613143699996,-67.29870067799993],[-65.43420584099994,-67.33383314899999],[-65.52242827299995,-67.38412382399997],[-65.49737904899996,-67.39449583099997],[-65.49159647999994,-67.47224925499995],[-65.63501924999997,-67.50239999799999],[-65.58185735199999,-67.52538314199995],[-65.59701146999998,-67.55511315999996],[-65.39059779999997,-67.61039140599996],[-65.42026745799996,-67.63949899899995],[-65.32138264899999,-67.66542089699993],[-65.35688566899995,-67.66558641399996],[-65.36493487499996,-67.71011796999994],[-65.57386401299993,-67.73066468099995],[-65.59928674499997,-67.75848141999995],[-65.55151395299998,-67.80635585999994],[-65.57539888299993,-67.82005630499998],[-65.52529919099999,-67.84378977699998],[-65.69754285299996,-67.87794547999994],[-65.31258916199994,-67.99157460699996],[-65.40366380299997,-68.02987977499998],[-65.60848968999994,-68.04209582299995],[-65.64734685999997,-68.09533227699995],[-65.73278446299997,-68.09296278499994],[-65.76060307799997,-68.16362740199997],[-65.35315680399998,-68.13870455199998],[-65.26462739699997,-68.17641578799999],[-64.93120665999999,-68.02299314299995],[-64.98274149099996,-68.09286962799996],[-64.89539427099999,-68.10522852399998],[-64.82932119399999,-68.07054413099996],[-64.75441261199995,-68.11284553599995],[-64.79796114499999,-68.17069233299998],[-64.96092973399993,-68.22360606499996],[-65.13992242099994,-68.20846944299996],[-65.22963878999997,-68.25778732199996],[-65.31236502299998,-68.25138969099999],[-65.41768226899995,-68.30920858799993],[-65.50324235299996,-68.31527040799995],[-65.49674724799996,-68.36197565699996],[-65.37190487899994,-68.39227708499993],[-65.08110779299994,-68.35942911499995],[-64.97701690599996,-68.40325564999995],[-65.13954229599995,-68.49567998199996],[-65.19992772299997,-68.49420421299993],[-65.19158605699994,-68.51289656099993],[-65.27052209099998,-68.51590754699998],[-65.35237715999995,-68.55890500099997],[-65.25309978999996,-68.58910829299998],[-65.27195273599995,-68.63022146999998],[-65.16791998599996,-68.62547768799993],[-65.13567587299997,-68.65120704799995],[-64.78840124999994,-68.69398742799996],[-64.67612524599997,-68.66433761999997],[-64.59711061599995,-68.72729118399997],[-64.60527146799996,-68.74553964799998],[-64.51413903399998,-68.78064639699994],[-64.35171793199999,-68.78382895899995],[-64.40383422199994,-68.72962657999994],[-64.04248007099994,-68.83662664599996],[-64.02769352099995,-68.80811786599998],[-64.18154778199994,-68.74378584099998],[-64.03125170599998,-68.77306047099995],[-63.99457140699997,-68.75109818599998],[-64.33402744999995,-68.63480214799995],[-64.15383606199998,-68.65144328899999],[-64.14619904299997,-68.62429367799996],[-64.26191989799997,-68.59332891999998],[-64.26159944799997,-68.57241794899994],[-64.13702186399996,-68.58598433699996],[-64.16234006199994,-68.56527957499998],[-64.11818870799993,-68.55175938999997],[-64.13484570699995,-68.54388902999995],[-63.964156413999945,-68.48346461699998],[-63.42593904199998,-68.41364793299994],[-62.85212379799998,-68.43203707499998],[-62.92485403799998,-68.51121702199998],[-63.12498135399994,-68.45424024199997],[-63.26502747799998,-68.45240771199997],[-63.45992035499995,-68.55303108499999],[-63.66760354199994,-68.54309916299997],[-63.76271807699999,-68.58000774599998],[-63.843477435999944,-68.64429171299997],[-63.75020112499993,-68.67898199999996],[-63.86005165499995,-68.69449018999995],[-63.675125047999984,-68.74840207699998],[-63.406234120999954,-68.76893326899994],[-63.26353942299994,-68.80564089099994],[-63.19725661599995,-68.85260462499997],[-63.52711692799994,-68.80819567799995],[-63.37155743999995,-68.89642104199999],[-63.473276562999956,-68.89975827699993],[-63.48321497799998,-68.92385419599998],[-63.36252175899995,-68.94105329399997],[-63.67158283699996,-68.96985117299994],[-63.80782380199997,-68.93409484499995],[-63.92527324399998,-68.97078635199995],[-63.88850680499996,-68.98245497999994],[-63.909688132999975,-68.99753347399997],[-63.89219493599995,-69.00580611099997],[-63.486071281999955,-69.05813442999994],[-63.32094582099995,-69.04959080099997],[-63.30131999699995,-69.08957916699995],[-63.43868766299994,-69.16863956199995],[-63.306642619999934,-69.19613646199997],[-63.18118626499995,-69.15730106299998],[-63.06289078699996,-69.25008805399995],[-63.052508425999974,-69.27643840299999],[-63.08477005299994,-69.30416754999999],[-63.01975879499997,-69.35879666499994],[-62.95760117699996,-69.37999569799996],[-62.76746313799998,-69.34671820499995],[-62.629550827999935,-69.39873122399996],[-62.587596651999945,-69.47996671099997],[-62.409046761999946,-69.50406365699996],[-62.38390143299995,-69.70629855599998],[-62.424131053999986,-69.77974075399999],[-62.569066652999936,-69.83941688899995],[-62.30484790699995,-69.92009926399999],[-62.290572020999946,-69.95594999599996],[-62.34260640799994,-69.96540581099998],[-62.32149027899993,-69.98784785299995],[-62.002965088999986,-70.07376914099996],[-61.96753245299993,-70.10425894699995],[-61.97877399999999,-70.12446873499994],[-61.862331067999946,-70.21432244499994],[-62.058277628999974,-70.30438810799996],[-62.04881203899998,-70.25500734299999],[-62.39127597799995,-70.21858108299995],[-62.32387052699994,-70.28137607199994],[-62.44049789699994,-70.30752630299997],[-62.400779969999974,-70.34318554299995],[-62.43693953899998,-70.39867735899998],[-62.13337954299993,-70.42940999199993],[-62.14671602599998,-70.47593910799998],[-62.12707146399998,-70.48437614999995],[-62.232596688999934,-70.55838443199997],[-62.20375466199994,-70.56681921299997],[-61.966103001999954,-70.50979308599995],[-61.91696036099995,-70.54809112999999],[-61.830795217999935,-70.50557968499999],[-61.465487490999976,-70.49255748599995],[-61.401992717999974,-70.51052359499994],[-61.35604881799998,-70.56941642399994],[-61.62114268399995,-70.60796782499995],[-61.643633326999975,-70.61825228099997],[-61.62652088899995,-70.63021887399998],[-61.64913775399998,-70.65613671599993],[-61.61998835899993,-70.66700195899995],[-61.64260190099998,-70.68690059199997],[-61.82506789499996,-70.73859514699996],[-62.13497598599997,-70.72502461199997],[-62.13850947299994,-70.74713299299998],[-62.07527285499998,-70.76429987799997],[-62.14798375199996,-70.77622058699995],[-62.00601333299994,-70.79466670799997],[-62.05472896699996,-70.86363890799998],[-62.028138283999965,-70.87609237399994],[-62.06511025299994,-70.89493381299997],[-61.86891979599994,-70.93477584699997],[-61.78283489399996,-70.92604280699999],[-61.68242452199996,-70.84975395999999],[-61.50878669999997,-70.83360405299999],[-61.29383936199997,-70.85706812699993],[-61.24360186299998,-70.89732873799994],[-61.292978036999955,-70.94401598999997],[-61.27782744899997,-70.96801704199999],[-61.374629685999935,-71.01802403199997],[-61.164512284999944,-71.03887436899998],[-61.21337601999994,-71.09869543699995],[-61.01453708099996,-71.14015072499996],[-60.922550281999975,-71.19266885299999],[-60.94672424099997,-71.23702319099993],[-61.28308184399998,-71.22926047699997],[-61.23963829799993,-71.25702183299995],[-61.010374997999975,-71.28590097999995],[-60.92783180899994,-71.33245700299994],[-60.96961246799998,-71.37084849099995],[-61.37495591499999,-71.31342666399996],[-61.39529271899994,-71.33015635499999],[-61.13241519199994,-71.41742841399997],[-61.31595406499997,-71.46177185899995],[-61.55681502799996,-71.45719168999995],[-61.522760361999985,-71.49166499199998],[-61.59671882699996,-71.53781506099995],[-61.74433415799996,-71.53715843399993],[-61.71698198499996,-71.57155704599995],[-61.729828107999936,-71.60714753599996],[-62.073525579999966,-71.62206252299995],[-62.12685164299995,-71.66169320699998],[-61.588427500999956,-71.69087907199997],[-61.367363840999985,-71.63461328199998],[-61.26310024099996,-71.55620755699994],[-61.14641482099995,-71.53299808399998],[-61.09476460399998,-71.54693740499994],[-61.106279735999976,-71.57914149699997],[-60.946863690999976,-71.62070760699999],[-61.01104886799993,-71.65640325699997],[-60.784668290999946,-71.67998112499998],[-60.82803387499996,-71.72275948699996],[-60.76855707999994,-71.75307672799994],[-60.78579723099995,-71.77841113099998],[-60.89340643199995,-71.78725318199997],[-61.111255968999956,-71.72399372499996],[-61.14143734399994,-71.75220592099998],[-61.04520224699996,-71.80532060499996],[-61.12250114799997,-71.81686842099998],[-61.03222746999995,-71.83170315699994],[-61.02963023399997,-71.85236088399995],[-61.31511580999995,-71.87524844199999],[-61.46942195599996,-71.85028515799996],[-61.70316241499995,-71.85940532099994],[-61.88224189799996,-71.89645762799995],[-62.422849292999956,-71.90965861399997],[-62.49316645399995,-71.93325871499997],[-62.09858467699996,-72.01585451999995],[-62.37439663499998,-72.10181500799996],[-62.27328326899993,-72.12800349999998],[-62.151832911999975,-72.09026274399997],[-61.92902340499995,-72.09548796999997],[-61.71078582699994,-72.04177499499997],[-61.39380483999997,-72.06517990299994],[-61.278215382999974,-72.14416159799998],[-61.16708552299997,-72.16667165799998],[-61.14879376399995,-72.16356289899994],[-61.16497754899996,-72.11693749099999],[-61.19985003199997,-72.08644231899996],[-61.164847444999964,-72.06107995299993],[-60.919857743999955,-72.05527877999998],[-60.67890404399998,-71.99394726199995],[-60.65553531499995,-72.03741820099998],[-60.67552253599996,-72.11517400599996],[-61.092775382999946,-72.18651701099998],[-60.88458523799994,-72.18271517499994],[-60.700665526999956,-72.22574994399997],[-60.652620757999955,-72.27297207699996],[-60.67809201099993,-72.29961750799998],[-60.64971885799997,-72.33000453599993],[-60.918489748999946,-72.31741120099997],[-61.00178512399998,-72.35979613799998],[-60.71922108999996,-72.37170097099994],[-60.63307972599995,-72.40266665699994],[-60.63956283899995,-72.43002554499998],[-61.03987158399997,-72.47295629199994],[-61.47420665599998,-72.40877212499998],[-61.35510921799994,-72.47569991399996],[-61.479337759999964,-72.50069490799996],[-61.46119381999995,-72.52480879099994],[-61.26562616699994,-72.53149626799996],[-61.244856005999964,-72.62027652899997],[-61.17415395599994,-72.65621802499999],[-61.36212391699996,-72.64391425099996],[-61.342112433999944,-72.65942510899998],[-61.39182685999998,-72.67269868499994],[-61.22022012599996,-72.71054653699997],[-61.23167318099996,-72.76427163099999],[-61.12601268399993,-72.78887439399995],[-61.02130513599997,-72.69387580399996],[-60.73868828999997,-72.64984315799995],[-60.52173054499997,-72.65856540399994],[-60.47951632899998,-72.74121734699997],[-60.48949645799996,-72.81471494799996],[-60.60308776199997,-72.90983192199997],[-60.704737971999975,-72.92129057699998],[-60.61842883099996,-72.94659136299998],[-60.77090660199997,-73.04030320399994],[-60.760670199999936,-73.07258487699994],[-60.53731043899995,-72.98091111899998],[-60.31056610699994,-73.05622797399997],[-60.241307775999985,-73.02799183899998],[-60.096391876999974,-72.87706495099997],[-59.942506993999984,-72.90077048499995],[-59.90211732199998,-73.01325711799996],[-60.023514527999964,-73.09349558399998],[-60.04581314899997,-73.13907192799996],[-60.01309090799998,-73.22687617799994],[-59.97606063899997,-73.24287887099996],[-59.99323238599993,-73.25958295999999],[-60.104237066999985,-73.30256788099996],[-60.36641402599997,-73.32744807599994],[-60.46107912399998,-73.30095134099997],[-60.49585457499995,-73.24576191499995],[-60.45833149799995,-73.22468767499998],[-60.59045171799994,-73.19156444599997],[-60.697553279999966,-73.39652339499997],[-60.83006554199994,-73.39260743199998],[-60.80485316399995,-73.31624698799999],[-60.870613410999965,-73.25343494499998],[-60.914031309999984,-73.26617233399998],[-60.89206124899994,-73.29885658699999],[-60.95856805699998,-73.35013320099995],[-61.06632168899995,-73.34969736499994],[-61.19649296699998,-73.30263370999995],[-61.27961454399997,-73.20162921599996],[-62.00774268499998,-73.09964496199996],[-62.06992249199993,-73.13718922599998],[-61.61811501699998,-73.26778197899995],[-61.60139088999995,-73.28764420399995],[-61.84065564699995,-73.24836527299993],[-61.72751134599997,-73.30970474299994],[-61.765310531999944,-73.34327855399994],[-61.62740947799995,-73.33689753099998],[-61.523325417999956,-73.38947188599997],[-61.94106044199998,-73.37608996799997],[-61.77112820999997,-73.44834180299995],[-61.67177308199996,-73.45549091199996],[-61.71573751799997,-73.49006920299996],[-61.692584557999965,-73.53448568399995],[-61.584918089999974,-73.54697938599998],[-61.55448743499994,-73.52019243099994],[-61.58186639199994,-73.49012178099997],[-61.55618713599995,-73.45564766099994],[-60.75800082699993,-73.58868263799997],[-61.10618933799998,-73.73642431599995],[-61.00524961499997,-73.75034848299998],[-60.80984462599997,-73.68901926399997],[-60.73169871199997,-73.69557446599998],[-60.87935453499995,-73.82268402299997],[-60.85862282499994,-73.83609206799997],[-60.97881863099997,-73.95853757399993],[-61.251413500999945,-73.95733130499997],[-61.34270468699998,-73.93066685499997],[-61.41140968499997,-73.87019849299998],[-61.55623584699998,-73.90250240299997],[-61.768171595999945,-73.89213278799997],[-61.794516442999964,-73.91849905499998],[-61.58714641599994,-73.97739071499996],[-61.850395154999944,-74.04280873099998],[-61.51184224999997,-74.01293694499998],[-61.400744885999984,-74.03808647699998],[-61.39643847399998,-74.06201306499997],[-61.03393277599997,-74.08671701499998],[-61.15692168399994,-74.17707020299997],[-61.28277582099997,-74.22098560399996],[-61.48523160999997,-74.25498711099993],[-61.58897650899996,-74.22762752599994],[-61.651235086999975,-74.24643820499995],[-61.61844196499993,-74.27424039499994],[-61.644995060999975,-74.29214740999998],[-61.387911945999974,-74.33694901099994],[-61.167056188999936,-74.32115553499995],[-60.82921711199998,-74.24406748399997],[-60.626116871999955,-74.26245142799996],[-60.675675128999956,-74.32530980499996],[-60.74447006099996,-74.36230215599994],[-61.033593423999946,-74.40424903699994],[-60.905136881999965,-74.44995366999996],[-60.99251430299995,-74.50006184699998],[-61.35146016899995,-74.54723288499997],[-62.106410092999965,-74.46378471199995],[-62.20987197499994,-74.41343026799996],[-62.35448857799997,-74.40280977999998],[-62.36397804999996,-74.44288093199998],[-62.01116572799998,-74.58895369999993],[-61.88504133799995,-74.67465551699996],[-61.89840374399995,-74.70657579499994],[-61.80560733899995,-74.73909888499998],[-61.790371283999946,-74.77216185799995],[-61.88753149799999,-74.85908151899997],[-62.06978766399993,-74.93765552599996],[-62.431285583999966,-74.99754212899995],[-62.56340168699995,-74.97478691599997],[-62.582056740999974,-74.94546842099999],[-62.562729297999965,-74.88740242999995],[-62.60337544099997,-74.78853951799994],[-62.815649393999934,-74.70799344899996],[-63.06998016799997,-74.65773491199997],[-63.266958520999935,-74.66589776399996],[-63.248552797999935,-74.68591596099998],[-63.29642082099997,-74.71682698399997],[-63.12135790499997,-74.80330612699998],[-63.052772034999975,-74.90182850499997],[-63.251850597999976,-74.91996330999996],[-63.52983507499994,-74.86350422999999],[-63.59427956899998,-74.87941627399994],[-63.60876906799996,-74.91099070199994],[-63.58096433999998,-74.92968155299997],[-64.03408997299994,-74.97522963999995],[-64.08377967599995,-75.00547253099995],[-64.03415701799997,-75.01682871999998],[-64.04373440399996,-75.03303392499998],[-63.771746339999936,-75.04166218199998],[-63.31654884599993,-75.00926458999999],[-63.10052358799999,-75.08623218199995],[-63.038368781999964,-75.14334315899998],[-63.36744485899993,-75.17696797999997],[-63.518088201999944,-75.15016690999994],[-63.65614908599997,-75.18766295499995],[-64.16481931199996,-75.21361156599994],[-64.31826568999998,-75.24900582399994],[-64.44513550899995,-75.31945646799994],[-64.36453327999993,-75.33716202999994],[-64.38781601199997,-75.35402049499999],[-64.34642923699994,-75.37393163299998],[-63.81339951799998,-75.32310272399997],[-63.07811676799997,-75.36229253699997],[-63.58880857999998,-75.52829278099995],[-64.26145722899997,-75.68228958699996],[-65.00860793199996,-75.79250278899997],[-65.28696186499997,-75.79570400599994],[-65.37492724599997,-75.85751233699995],[-65.50375895399998,-75.85591158399995],[-65.60719661199994,-75.90072950299998],[-66.26567528399994,-76.01331849699994],[-67.44892487599998,-76.12980701699996],[-67.83637006599997,-76.12291340999997],[-68.15269045299993,-76.17392912099996],[-67.94357640199996,-76.22978029099994],[-68.55792896899999,-76.29885930999995],[-69.56110092099993,-76.32447660699995],[-69.69952971799995,-76.37223409399996],[-70.12658221099997,-76.41154839699993],[-70.17302037399998,-76.45813903199996],[-69.76883956699999,-76.46176856899996],[-70.07596239499998,-76.49164899099998],[-70.01128895299996,-76.52444639199996],[-69.83525897599998,-76.52712595099996],[-70.01563163899993,-76.53542563699995],[-70.12875345899994,-76.60779044399999],[-69.81269198299998,-76.62198491499998],[-70.16855424899995,-76.66378896499998],[-69.96531937699996,-76.66619080599997],[-69.94849418699994,-76.68638419199993],[-70.27544089999998,-76.67907373999998],[-70.58045681799996,-76.71481960899996],[-70.46765096299998,-76.74301650699994],[-71.74862145099996,-76.76239674299995],[-72.40403878599994,-76.69372461799998],[-72.86396438799994,-76.67543660299998],[-72.89362078599999,-76.68316119499997],[-72.84765309799997,-76.70716972699995],[-72.96102862299995,-76.71848029499995],[-73.16034626899994,-76.68292706499994],[-73.86048731499994,-76.65481256099997],[-73.94131692899998,-76.66713783799997],[-73.75485489199997,-76.71617018599994],[-73.99999999999994,-76.69368006499997],[-73.99999999999994,-73.64262026299997],[-73.80201598899998,-73.65047402199997],[-73.73414710799995,-73.63267944399996],[-73.75488802299998,-73.60135488399999],[-73.66578912099999,-73.56778723599996],[-73.55970228099994,-73.57940642699998],[-73.55481067299996,-73.55699393099997],[-73.24651247499997,-73.52280559399998],[-73.21980892999994,-73.51448198899999],[-73.23129523599994,-73.48909961799995],[-73.17224888999993,-73.49841741699998],[-73.18404829599996,-73.47902757699995],[-73.10926729599998,-73.42155403899994],[-72.98326577099994,-73.45056461899998],[-72.76842479899994,-73.42991098399995],[-72.62295234999993,-73.47059799199997],[-72.35617153099997,-73.45816004399995],[-72.44763385499994,-73.43236191499994],[-72.38514850999996,-73.41861156399995],[-72.45951280999998,-73.37797455699996],[-71.83880175499996,-73.38192509699996],[-71.85847887699998,-73.35702110299997],[-71.75672995899998,-73.34218042099997],[-71.45087918699994,-73.35996464599998],[-71.34798872299996,-73.31690808399998],[-71.37793581899996,-73.29095999699996],[-71.32936404199995,-73.27972388799998],[-71.22353124999995,-73.30539646399995],[-71.06707478599998,-73.26169581999994],[-70.87141041799998,-73.25123277799997],[-70.27026007499995,-73.28111828899995],[-70.19140305399998,-73.26708368199996],[-70.22725287999998,-73.23185199099998],[-70.20935833399994,-73.21320858499996],[-69.77672304099997,-73.21390800499995],[-69.53835718099998,-73.17424973699997],[-69.29391345499994,-73.17171300999996],[-68.85600372899995,-73.09669551299999],[-68.89482101599998,-73.07050332499995],[-68.66480810799999,-73.09358943999996],[-68.64264913599999,-73.08358913299998],[-68.67443028199995,-73.07172263799998],[-68.66803681999994,-73.04912105699998],[-68.46159297399998,-73.03745422199995],[-68.51459144399996,-73.00746391899997],[-68.22076273399995,-72.99817873599994],[-68.23559286499994,-72.97518193299999],[-68.18720565299998,-72.95388183299997],[-67.98734293099994,-72.94562775899993],[-67.78125374099994,-72.84803741899998],[-67.64565391099995,-72.87326827699997],[-67.59808003299997,-72.84172045599996],[-67.51678349799994,-72.83979388099993],[-67.49383027899995,-72.82253169999996],[-67.50786373099999,-72.80233945599997],[-67.60526496899996,-72.77311422499997],[-67.51830053999998,-72.75880286699999],[-67.53093423499996,-72.73736281899994],[-67.45912192799995,-72.70129032999995],[-67.48492105499997,-72.69557834999995],[-67.42926663199995,-72.67209532299995],[-67.42705609899997,-72.63937141399998],[-67.36724921899997,-72.65564455899994],[-67.21389748799999,-72.59555840299998],[-67.20591481299994,-72.56706104699998],[-67.24053446799996,-72.53987209599995],[-67.18109444599997,-72.46411195799993],[-67.20638306799998,-72.44734143199997],[-67.05922327099995,-72.40516056299998],[-67.09185111999994,-72.39504473699998],[-66.96349711399995,-72.33808394599998],[-66.98529150899998,-72.30607565299994],[-66.88430556999998,-72.28035865099997],[-66.94914616999995,-72.24179487999999],[-66.75117192299996,-72.13344070199997],[-66.76201676299996,-72.10300892699996],[-66.83121569699995,-72.09874178299998],[-66.74712605699995,-72.07191707199996],[-66.78557834399999,-72.03810333999996],[-66.75649027799994,-71.98316776299998],[-66.77241690699998,-71.95962538499998],[-66.87859293699995,-71.92964213799996],[-66.85106210699996,-71.89888854599997],[-67.03495240199999,-71.86476184999998],[-67.18480563099996,-71.77067019299994],[-67.13270488899997,-71.74537504999995],[-67.20528696599996,-71.71356827899996],[-67.30515178799993,-71.71643328299996],[-67.31257220499998,-71.67311754999997],[-67.43311980899995,-71.61441147799997],[-67.52999463299994,-71.61643826199997],[-67.53367469999995,-71.58464294199996],[-67.62389789799994,-71.53266043499997],[-67.59508331499995,-71.47030347499998],[-67.64730016799996,-71.41612034299999],[-67.64292160499997,-71.38191366399997],[-67.59601475699998,-71.37267536399997],[-67.59931933399997,-71.34339092299996],[-67.49584408999993,-71.27529326099994],[-67.50667555799998,-71.21152611099996],[-67.55406703499995,-71.20235354299996],[-67.46370669299995,-71.16895952899995],[-67.56716397699995,-71.11721867999995],[-67.56891739599996,-71.08223032899997],[-67.38858948499995,-71.06997102599996],[-67.43555915299999,-71.03928062599994],[-67.38793911199997,-71.00826130399997],[-67.53633386799999,-70.96490842399999],[-67.52453261699998,-70.91682346799996],[-67.64747671099997,-70.86418835899997],[-67.67824487299998,-70.80498128199997],[-67.66218479399998,-70.78891591799999],[-67.70989917299994,-70.76065718299998],[-67.65896093299995,-70.70411919299994],[-67.81088464199996,-70.64140742999996],[-67.70237262099994,-70.60673252199996],[-67.77441420699995,-70.53457854499999],[-67.86803559499998,-70.49669367499996],[-67.85434461899996,-70.47896600899998],[-67.90245153799998,-70.42037979399998],[-67.86132457399998,-70.42003311199994],[-67.91718818699997,-70.39913411099997],[-67.91034350299998,-70.34962850899996],[-67.96457202399995,-70.29720428399997],[-68.20932516099998,-70.22556302099997],[-68.19870577399996,-70.18426528499998],[-68.27959336299995,-70.15413620199996],[-68.29339472099997,-70.11647990699998],[-68.43661853999998,-70.08960978299996],[-68.48764096599996,-70.05121420299997],[-68.48909398299998,-69.97886295499995],[-68.46139828599996,-69.96301399399994],[-68.49896149799997,-69.91807783499996],[-68.38456737899998,-69.87591787799994],[-68.38640805099993,-69.77249520599997],[-68.42081858899996,-69.76319730499995],[-68.32823051099996,-69.69961595999996],[-68.37320339299998,-69.66399520299996],[-68.50408630699997,-69.63703682499994],[-68.50307073099998,-69.60745448199998],[-68.59432675199997,-69.57462028699996],[-68.61267196199998,-69.52473767299995],[-68.84107469499997,-69.42496892199995],[-68.81778893599994,-69.39602472799999],[-68.57344289599996,-69.37733099599996],[-68.30849931499995,-69.40412678999996],[-68.28771034299996,-69.34930244899994],[-68.35091291099997,-69.30855944899997],[-68.26766493599996,-69.27933379399997],[-68.17575221599998,-69.31845689399995],[-68.01517853299998,-69.33114837399995],[-68.02347685099994,-69.37894572299996],[-68.00248213599997,-69.38945859299997],[-67.78385125799997,-69.37072746999996],[-67.42768024999998,-69.48160319199997],[-67.24149184399994,-69.43138441599996],[-67.28149856999994,-69.40390381899994],[-67.23715208899995,-69.38489563699994],[-67.27787921199996,-69.35275621099998],[-67.26840824899995,-69.30219256999999],[-67.10490376999996,-69.26203948999995],[-66.89537944899996,-69.27181239099997],[-66.82610623599999,-69.22645894999994],[-66.88244580199995,-69.18928826199993],[-66.85350675899997,-69.17123061899997],[-66.95159987499994,-69.11934460899994],[-66.74540256099993,-69.06603498999993],[-66.79754370599994,-69.03826157599997],[-66.94620115399994,-69.03862072499999],[-66.80441542399996,-69.03294472799996],[-66.78129488999997,-69.00247266799994],[-66.92047364999996,-68.96539894499995],[-67.31532574999994,-68.93519377899997],[-67.49049717999998,-68.82918431999997],[-67.39563431399995,-68.79026909799995],[-67.15151981199995,-68.80640390499997],[-67.11126878099998,-68.78193805499996],[-67.00389457399996,-68.78889395299996],[-66.96566787899997,-68.75940187399993],[-67.00603721599998,-68.72099956999995],[-67.03591299999994,-68.60823551099998],[-67.14983636299996,-68.56597587599998],[-67.20194998099998,-68.50987159199997],[-67.12181969799997,-68.47316675599996],[-66.95189456799994,-68.46054214599997],[-66.96435779099994,-68.43393527499995],[-66.93574469099997,-68.39444829899998],[-66.96653423399994,-68.36762858199995],[-66.94011881499995,-68.34388954799994],[-67.15624085699994,-68.34137283899997],[-67.15140404699997,-68.29650279899994],[-67.19374763699994,-68.28951231399998],[-66.77563469999996,-68.31769574099997],[-66.61751769299997,-68.24265114799994],[-66.66796141299994,-68.22307541199996],[-66.64660388399994,-68.19957496299998],[-66.72914630899999,-68.18568365299996],[-66.93985100199995,-68.22597236299998],[-66.95656050899998,-68.21590739799996],[-66.91464507699993,-68.19416454699996],[-67.00127904499993,-68.17887322299998],[-67.12709147499999,-68.08802468099998],[-67.22808532999994,-68.06153700999994],[-67.10270238599998,-68.07609584199997],[-67.08316224899994,-68.03401536299998],[-67.29682447799996,-67.96100960699994],[-66.84006776499996,-67.91679846099998],[-66.85048503799999,-67.89549671899994],[-66.81895297799997,-67.87341494699996],[-66.89818332599998,-67.82780704399994],[-66.76809460099997,-67.80375103599994],[-66.76301596099995,-67.77620077399996],[-67.09936513099996,-67.77385247599994],[-67.01463056099993,-67.73679374999995],[-66.71514038999999,-67.71981571899994],[-66.97519951099997,-67.68946962499996],[-66.76700085999994,-67.58626155399998],[-66.61688193799995,-67.60379478399994],[-66.54435621299996,-67.58548504099997],[-66.48070872399995,-67.48601880299998],[-66.60044450599997,-67.54053014899995],[-66.72309765099993,-67.53632780499998],[-66.80804110699995,-67.49708292199995],[-66.90931205599998,-67.49578751399997],[-66.89660045699998,-67.47561996699994],[-66.93261808799997,-67.46469075799996],[-67.63385438999995,-67.55542864599994],[-67.52784501299993,-67.49393658899999],[-67.57946431299996,-67.47247185299994],[-67.65856421599995,-67.48528649199994],[-67.64722232299994,-67.44840239999996],[-67.56954850099999,-67.40475510199997],[-67.58509210499994,-67.38551749799996],[-67.54377235399994,-67.34613493099994],[-67.48477343599995,-67.34285740299998],[-67.52098691699996,-67.29863749299994],[-67.58665248699998,-67.28635029099996],[-67.46069716999995,-67.17492370999997],[-67.62442502099998,-67.18502459099994],[-67.48307518299998,-67.08447026299996],[-67.51149508899994,-67.05351127399996],[-67.43345551999994,-67.05102675299997],[-67.42766864699996,-67.09318769399994],[-67.30973052799999,-67.10991008299999],[-67.21858516999998,-66.96054539999994],[-67.19193498799996,-66.95369424399996],[-67.16499079799996,-67.01614444299997],[-67.12726607699994,-67.01926308899994],[-67.05789681599998,-66.99338060299993],[-67.12523431299996,-66.95966965399998],[-67.11438894899999,-66.93122334499998],[-66.95492024899994,-66.92861471399993],[-66.90475846799995,-66.97191024199998],[-66.93423321599994,-66.99169568699995],[-66.90522933799997,-67.06995755199995],[-66.94242064499997,-67.09079030599997],[-66.94734053499997,-67.14665247299996],[-66.88723985199994,-67.17371876499993],[-66.97707280599997,-67.21102856699997],[-66.95622095299996,-67.24650819999994],[-66.99222833499994,-67.27681077499994],[-66.91804870899995,-67.26411723999996],[-66.81109714999997,-67.30964987999994],[-66.78283540899997,-67.28878356799999],[-66.80136223299996,-67.26306996499994],[-66.68806790199994,-67.20923557399993],[-66.70647607599994,-67.18887099299997],[-66.67313455599998,-67.22446709599996],[-66.60893207599997,-67.23263606299997],[-66.54558941299996,-67.34188650699997],[-66.45386419499994,-67.33598648099996],[-66.46494325399993,-67.24241054299995],[-66.44019003899996,-67.17475082699997],[-66.52515118399998,-67.11272503999999],[-66.40472675299998,-67.08238976299998],[-66.61924544199996,-67.02975397599994],[-66.50631516499993,-66.91751987299995],[-66.40820058099996,-66.90327030599997],[-66.42752764199997,-66.88688649699998],[-66.38516148299993,-66.85090546799995],[-66.59078189899998,-66.80153229799998],[-66.52573620399994,-66.75154136599997],[-66.54305024299998,-66.64478512399995],[-66.34987907999994,-66.58829723199995],[-66.12828097899995,-66.58693486999994],[-65.95527785199994,-66.65205421499996],[-65.97088986599994,-66.68187647999997],[-65.87427877899995,-66.67469556799995],[-65.82875068199996,-66.69306029299997],[-65.81075406199994,-66.73986035899998],[-65.69899738399994,-66.74990917499997],[-65.69283577299996,-66.72309215199994],[-65.72668458899994,-66.70264899799997],[-65.70035601899997,-66.69709518799993],[-65.73319301399994,-66.68412708399995],[-65.62916250899997,-66.66296807699996],[-65.66459852099996,-66.63099333999997],[-65.77892602399999,-66.60958266799997],[-65.66775984099996,-66.59547474399994],[-65.73875148199994,-66.56537015799995],[-65.70860004299993,-66.52957017599994],[-65.64602106999996,-66.52803886099997],[-65.70825502699995,-66.48890440899999],[-65.63181208799995,-66.45359908299997],[-65.68216295799994,-66.42855095999994],[-65.54861523199997,-66.40366435499993],[-65.64527909799995,-66.37814912799996],[-65.67231853399994,-66.32079284999998],[-65.87567130099995,-66.32063426099995],[-65.87411048299998,-66.29243417299995],[-65.72829086699994,-66.27740011199995],[-65.62643066699997,-66.20151363299993],[-65.64341043299999,-66.17059133599997],[-65.72874485399996,-66.14400864799995],[-65.65700161299998,-66.14788465799995],[-65.61198980699999,-66.12762081399995],[-65.63409240699997,-66.11309693799996],[-65.60857426499996,-66.09715749199995],[-65.47313143899999,-66.12407413999995],[-65.51396664199996,-66.16313720899996],[-65.45441420299994,-66.18240218699998],[-65.41709830099995,-66.16312122699998],[-65.33146253999996,-66.18673972999994],[-65.37185689099994,-66.14153004499997],[-65.14956256299996,-66.18428563299994],[-65.09300932399998,-66.14632643599998],[-65.33801762699994,-66.04687211599997],[-65.34277664299998,-66.00750841499996],[-65.31092720199996,-65.99101817099995],[-65.33644988799995,-65.98265657599995],[-65.15634253899998,-65.95486723399995],[-65.08492119099998,-65.99899634199994],[-65.04379068099996,-65.98774847199996],[-65.06651587199997,-65.96582763799995],[-64.93267208799995,-65.92632889899994],[-64.78347832199995,-65.94862202299998],[-64.82057855899996,-65.97096715799995],[-64.70722935099997,-66.01424088599998],[-64.70203172799995,-66.04199559999995],[-64.56726909299994,-66.03744058099994],[-64.57170997799994,-65.99837095499998],[-64.49290715499995,-66.00503610699997],[-64.44703806399997,-65.95611969699996],[-64.57477469899999,-65.90760920599996],[-64.53350228599999,-65.88448854699993],[-64.61319367699997,-65.89090269599996],[-64.69911214599995,-65.83880619999996],[-64.65411801199997,-65.81479259999998],[-64.65015547799999,-65.78573424899997],[-64.68373254199997,-65.77218327899993],[-64.66380835599995,-65.73560881999998],[-64.46654409299998,-65.79505648799994],[-64.34914085299994,-65.79945473499998],[-64.38538346099995,-65.74042805599998],[-64.33046074399994,-65.72022204099994],[-64.47786748399994,-65.63012763799998],[-64.27777213899998,-65.63296931299993],[-64.21717128499995,-65.65425939199997],[-64.20509491499996,-65.69319576599997],[-64.04966741199996,-65.69384000899998],[-64.16376334499995,-65.61628732799994],[-64.09038571499997,-65.62940192199994],[-64.09072616599997,-65.60708350599998],[-64.23646354999994,-65.54973094999997],[-64.11709535399996,-65.51122240899997],[-63.97977961899994,-65.52036195599999],[-63.97958205499998,-65.57330619199996],[-63.82876198599996,-65.62812337899999],[-63.72937531499997,-65.58357734399993],[-63.83752813399997,-65.54151209399998],[-63.67610391299996,-65.52427383699995],[-63.68764781799996,-65.50203615699996],[-63.76232557599997,-65.49894354599996],[-63.747203654999964,-65.46907982199997],[-63.83965349899995,-65.48523315299997],[-63.81720125299995,-65.46218575099994],[-63.95873131299999,-65.46330808099998],[-64.10414342299998,-65.40375542499999],[-63.979890033999936,-65.38026891099997],[-64.12765388399998,-65.27301940999996],[-64.02674017399994,-65.27322127599996],[-64.08327340799997,-65.25394927499997],[-64.06148405699997,-65.21126874699996],[-64.09228953299998,-65.17485490599995],[-64.02669861599998,-65.13842387599993],[-63.936439760999974,-65.14083404399997],[-63.99848153999994,-65.11589179399994],[-63.88554433199994,-65.08981834399998],[-63.92936786299998,-65.07625698399994],[-63.90730880399997,-65.06099437599994],[-63.81023977499996,-65.02771959699999],[-63.787776614999984,-65.07299767499995],[-63.67401279699993,-65.03005950199997],[-63.70363386799994,-65.05689438199994],[-63.62202184599994,-65.06459294099994],[-63.65511338299996,-65.08665935099998],[-63.51258306099999,-65.07866371899996],[-63.52501560899998,-65.09470799599995],[-63.38030864799998,-65.11604185899995],[-63.343177680999986,-65.08426088099998],[-63.232037816999934,-65.08438696799993],[-63.260852574999944,-65.11542402999999],[-63.20657907399993,-65.12045770299994],[-63.27537451799998,-65.15898304399997],[-63.262651364999954,-65.19756776599996],[-63.21750757299998,-65.19621773499995],[-63.171973228999946,-65.14243740999996],[-63.08496739499998,-65.16812367599994],[-63.06582664899997,-65.13052346399996],[-62.971277802999964,-65.12101789399998],[-63.03233931899996,-65.10802474199994],[-62.993979776999936,-65.09955649699998],[-63.04069291099995,-65.05350659899995],[-62.98517455499996,-65.02029732799997],[-63.13307601499997,-65.03281906299998],[-63.263677102999964,-64.95529737499999],[-63.09746593899996,-64.94179353299995],[-63.06416270099999,-64.92908340199995],[-63.09523830399996,-64.92119939499997],[-63.06869477299995,-64.90251084999994],[-62.996521438999935,-64.92773607399994],[-62.84779243099996,-64.92159813999996],[-62.87211133799997,-64.89607892099997],[-62.78563828699998,-64.86218791099998],[-62.859618582999985,-64.82344204099996],[-62.81879247599994,-64.80423752399997],[-62.67054173199995,-64.85140843499994],[-62.605874246999974,-64.91059264699999],[-62.567853129999946,-64.91469247199996],[-62.53693226599995,-64.87987323699997],[-62.396041148999984,-64.87654191199994],[-62.37370394199996,-64.85541007499995],[-62.527640178999945,-64.84699082699996],[-62.70350155299997,-64.77032813099999],[-62.54002002499993,-64.75123187199995],[-62.52916411599995,-64.71698702399993],[-62.579861577999964,-64.65680441399996],[-62.554946822999966,-64.62449650699995],[-62.531192947999955,-64.64601122399995],[-62.521447258999956,-64.62479812899994],[-62.467252859999974,-64.62951381699997],[-62.529823514999975,-64.61070191499994],[-62.46538300799995,-64.59167637399997],[-62.41778236999994,-64.60015254199993],[-62.46097082199998,-64.62153098399995],[-62.406244353999966,-64.62280868699997],[-62.424512763999985,-64.63342689099994],[-62.40229893399999,-64.66900029199996],[-62.35865826899993,-64.64012607199999],[-62.301473778999934,-64.65534739099996],[-62.320731196999986,-64.68443018299996],[-62.36091262299993,-64.67387428299998],[-62.33103519499997,-64.69228235399999],[-62.382794709999985,-64.71868583999998],[-62.289636127999984,-64.70757802599996],[-62.33798338199995,-64.75296845899999],[-62.29567986699993,-64.77095898799996],[-62.191003336999984,-64.76936679899995],[-62.22225881099996,-64.73942669899998],[-62.150282137999966,-64.73191195399994],[-62.17182028499997,-64.70831278499998],[-62.144058159999986,-64.68392885399999],[-62.06973786699996,-64.72286384299997],[-62.03755529499995,-64.71905556299998],[-62.04480862999998,-64.69111349799994],[-61.981701499999986,-64.69803227999995],[-61.94578094499997,-64.66868085799996],[-61.97420772399994,-64.65341355199996],[-61.92638427299994,-64.64072211099995],[-61.975808540999935,-64.60395753199998],[-61.910102551999955,-64.56783848699996],[-61.86755683999996,-64.59563692199998],[-61.79999966899999,-64.58201395099996],[-61.83277192299994,-64.56451090199994],[-61.80193547499994,-64.52926141499995],[-61.853915159999985,-64.51063494699997],[-61.80048971399998,-64.51298260199997],[-61.80916522299998,-64.49313487499995],[-61.759085664999986,-64.50138458699996],[-61.776875021999956,-64.52817738399995],[-61.695875210999986,-64.58533704799999],[-61.720365336999976,-64.59274083399998],[-61.71479814999998,-64.64041946599997],[-61.66113680199999,-64.61642512799995],[-61.66015906299998,-64.65411189199995],[-61.625793889999954,-64.66474054299994],[-61.542289799999935,-64.64590199899993],[-61.55617883399998,-64.63286981099998],[-61.49237876899997,-64.60602157599993],[-61.61463896899994,-64.56736879999994],[-61.61784942999998,-64.53466297199998],[-61.45910818699997,-64.53617844799999],[-61.473628891999965,-64.50685240699994],[-61.44411455799997,-64.49177304799997],[-61.466535101999966,-64.46960676999998],[-61.562579331999984,-64.48512730999994],[-61.583351566999966,-64.46270566399994],[-61.56240401699995,-64.45428141699995],[-61.60507227699998,-64.43046318099994],[-61.56015930999996,-64.43788324999997],[-61.55382466699996,-64.40641126699995],[-61.464037308999934,-64.41586922199997],[-61.48313728399995,-64.39505429199994],[-61.44642288999995,-64.37764332899997],[-61.46227686699996,-64.36397275199994],[-61.40080702499995,-64.37684190899995],[-61.382740740999964,-64.35231708199996],[-61.36069702299994,-64.37817674299998],[-61.434754372999976,-64.41204435399999],[-61.37918324399993,-64.40217745799998],[-61.31595602999994,-64.43559620299993],[-61.27050903099996,-64.39150040599998],[-61.10812176099995,-64.39526309099995],[-61.093906807999986,-64.37800132699994],[-61.148200438999936,-64.35284227599993],[-61.10769129199997,-64.30436942499995],[-60.94208035999998,-64.30163764199995],[-60.94799688099994,-64.26482555799998],[-60.92541259999996,-64.25538764199996],[-60.99969442099996,-64.23878336999996],[-61.00620111899997,-64.21481556699996],[-60.90706738799997,-64.20778749599998],[-60.95966233199994,-64.19520884099995],[-60.94107130899994,-64.17496420899994],[-60.95898197499997,-64.15534455899996],[-60.86400858799993,-64.16898554499994],[-60.83579654999994,-64.14769354799995],[-61.02590702899994,-64.08218201799997],[-61.02736289599994,-64.06246497399997],[-60.98036288199995,-64.05897333799999],[-60.99297279899997,-64.04281294599997],[-60.77020970299998,-64.06493412699996],[-60.759974865999936,-64.08762164899997],[-60.72309764099998,-64.06818484599995],[-60.735950651999985,-64.00709732099995],[-60.59127694899996,-64.00610264099998],[-60.307340926999984,-63.91065555499995],[-59.96191170499998,-63.954394374999936],[-59.94670293399997,-63.92895908099996],[-59.99514003499996,-63.92292183699993],[-59.920366601999945,-63.90335067399997],[-59.949465818999954,-63.84808233499996],[-59.82651902799995,-63.852310314999954],[-59.87580458399998,-63.811983141999974],[-59.83965105599998,-63.79446473899998],[-59.84781306499997,-63.771788511999944],[-59.75584410999994,-63.794081924999944],[-59.79746455199995,-63.839138307999974],[-59.77956109099995,-63.863378127999965],[-59.61844211099998,-63.86637870299995],[-59.54687724799999,-63.89582602999997],[-59.49842998299994,-63.878995412999984],[-59.426652401999945,-63.91005090699997],[-59.38313913199994,-63.86632288799996],[-59.47056847699997,-63.82380348399994],[-59.324122544999966,-63.789631535999945],[-59.35432517199996,-63.73206311599995],[-59.41629405899994,-63.72376824099996],[-59.20846141599998,-63.67328291999996],[-59.11337099999997,-63.71923348299998],[-59.01073126399996,-63.669102212999974],[-58.943508788999964,-63.675205880999954],[-58.91372416599995,-63.65805349899995],[-58.953656732999946,-63.601973269999974],[-58.938373197999965,-63.565169742999956],[-58.97322535799998,-63.54853201199995],[-58.39925910699998,-63.45452656799995],[-58.16193755699999,-63.47239122899998],[-58.10985714699996,-63.42087731999999],[-58.190710846999934,-63.40728349899996],[-58.16311968399998,-63.37793569599995],[-58.05153645399997,-63.42064358299996],[-57.94706067299995,-63.380441478999956],[-57.876899425999966,-63.311316310999985],[-57.30300533299999,-63.21414529599997]]],[[[-47.14963753699993,-77.77237722599995],[-45.951656329999935,-77.81695877099997],[-44.905778976999954,-77.94963124099996],[-44.286961986999984,-78.09244589799994],[-43.78485380099994,-78.26190029299994],[-43.74816074599994,-78.29305222399995],[-43.76167014699996,-78.31271901499997],[-43.72338671399996,-78.37901076999998],[-43.881873595999934,-78.54713981999998],[-43.868133618999934,-78.56302190799994],[-43.92986992799996,-78.59709232899996],[-44.987295865999954,-78.62752979999993],[-45.35586961399997,-78.68003872299994],[-45.27600171499995,-78.72116624799997],[-45.38263434999993,-78.77784301599996],[-45.13962561899996,-78.81387079899997],[-43.76740947899998,-78.79479730299994],[-43.663969426999984,-78.83270605799999],[-43.478471137999975,-78.93090464999995],[-43.43222589099997,-79.03803998499995],[-43.45147069899997,-79.09929871999998],[-43.358199568999964,-79.09649026699998],[-43.31542420399995,-79.13577283999996],[-43.18986385699998,-79.17142753299999],[-43.33451947599997,-79.23146338299995],[-43.28478086399997,-79.26574250199997],[-43.306966573999944,-79.27425963999997],[-43.14932503399996,-79.31431872799999],[-42.97495212999996,-79.46227204499996],[-42.98779825099996,-79.70958392899996],[-43.04039576599996,-79.85636408299996],[-43.11407708399997,-79.93639717799994],[-43.26066718499993,-79.98876114999996],[-43.65100078399996,-79.94745876599995],[-43.82087451999996,-79.96773304899995],[-43.82479550599993,-80.00140205699995],[-43.78279656299998,-80.03280394299998],[-43.445514586999934,-80.10677918899995],[-43.47855383999996,-80.14748097699999],[-43.64378280899996,-80.19796722699994],[-44.92454856899997,-80.40390589899994],[-46.16038551699995,-80.54366885299999],[-48.037161856999944,-80.65362920799998],[-49.35463613899998,-80.62812250899998],[-49.72398745999993,-80.69041358499999],[-49.754155914999956,-80.70276383699996],[-49.765037974999984,-80.71877410499997],[-49.72146637399993,-80.76409208399997],[-49.853834624999934,-80.79339692599996],[-51.347248804999936,-80.87019278699995],[-52.63065763999998,-80.89457758999998],[-53.92136729499998,-80.87979484499994],[-54.270947847999935,-80.84632801999999],[-54.32776105299996,-80.77858606999996],[-54.22309565299997,-80.63440725099997],[-53.96979777499996,-80.45003492099994],[-53.72785930899994,-80.30517941599999],[-53.48863155199996,-80.22123240199994],[-52.18473531099994,-80.13760520699998],[-50.29791493299996,-79.56395001499999],[-50.218737673999954,-79.50552396199998],[-50.24409506899997,-79.47917376699996],[-50.22762208299997,-79.44484441499998],[-50.35058611299996,-79.38951146299996],[-50.29987261699995,-79.35680033599994],[-50.44803905799995,-79.31050618199998],[-50.32535511799995,-79.23951952299996],[-50.309511010999984,-79.15989727099998],[-50.47560437499993,-79.13295609399995],[-50.28790192799994,-78.98769807199994],[-50.36493061999994,-78.92836068099996],[-50.14667446399994,-78.80134920299997],[-50.20688175399994,-78.77363577499995],[-50.177566955999964,-78.71973586599995],[-50.23179389899997,-78.65339914199996],[-49.91344159799996,-78.48171209999998],[-49.83380672299995,-78.40057795199994],[-49.64394026599996,-78.30753546899996],[-49.67107973199995,-78.28871923199995],[-49.63285899199997,-78.26801607799996],[-49.07920511999998,-78.09015050799997],[-49.13729537299997,-78.07278836899997],[-49.01527654599994,-78.02810830999994],[-48.623470607999934,-77.98335639799996],[-47.62262114699996,-77.79660103099997],[-47.14963753699993,-77.77237722599995]]],[[[-70.45220914699996,-68.78390254599998],[-70.10732081999998,-68.88539909199994],[-70.08360649699995,-68.92200684499994],[-70.10154819599995,-68.95111545299994],[-70.06928910299996,-68.97604810799999],[-70.10652300799995,-69.00270046899993],[-69.99839132199997,-69.09384890099994],[-70.10160413699998,-69.12548285099996],[-70.02261032699994,-69.16379285599999],[-70.02062332599996,-69.19335106199998],[-70.11396911299994,-69.26182709599993],[-70.10502105299997,-69.28376338699996],[-69.95460988799994,-69.31895702199995],[-69.74993832199993,-69.27788384499996],[-69.63492633599998,-69.40361089599998],[-69.50476724299995,-69.45846068399999],[-69.54266638599995,-69.47610058499998],[-69.46832516799998,-69.53090958699994],[-69.48107662299998,-69.57155559999995],[-69.32444010499995,-69.62908236099997],[-69.34548522199998,-69.65446199799999],[-69.31551057399997,-69.69434084499994],[-69.33965009599996,-69.72786108799994],[-69.33162297299998,-69.82286766199996],[-69.26912507099996,-69.86765380899993],[-69.27783688299996,-69.93225595599995],[-69.14975981999999,-70.02501158499996],[-69.18716155399994,-70.04462769599996],[-69.11404689199998,-70.07876612999996],[-69.07678958699995,-70.15006471199996],[-68.73438896399995,-70.34490960499994],[-68.71453695599996,-70.40230744799999],[-68.62908881599998,-70.47139641699994],[-68.59138007099995,-70.56358089699995],[-68.47475044199996,-70.61820480999995],[-68.40942518199995,-70.75589615099994],[-68.33228761199996,-70.79440861899997],[-68.35335763099994,-70.81920350999997],[-68.30960990299997,-70.87107530899993],[-68.33156232899995,-70.92358995099994],[-68.30880786699998,-71.02229772399994],[-68.21690228199998,-71.17758281899995],[-68.24859688199996,-71.45118991399994],[-68.12405542199997,-71.58682367299997],[-68.19768470599996,-71.66042392599996],[-68.21386648299995,-71.87133912499996],[-68.43106473899996,-71.98789685699995],[-68.33081995399994,-72.06069084999996],[-68.43553721199999,-72.15833954199996],[-68.40514194799994,-72.19869374899997],[-68.42191336599996,-72.22611681399997],[-68.54861715299995,-72.25335077799997],[-68.63227573899997,-72.21821005399994],[-68.77411046399993,-72.23005374299998],[-68.78361575099996,-72.28581529199994],[-68.94157924499996,-72.37281797899993],[-69.13087738799999,-72.37545320199996],[-69.18181139599994,-72.42228327099997],[-69.24467931199996,-72.43077066199999],[-69.25066739499994,-72.46118246899994],[-69.14203076899997,-72.48863353999997],[-69.24021550499998,-72.54359154199994],[-69.82784539399995,-72.61997579299998],[-70.38619848199994,-72.64329317799996],[-70.54450450799999,-72.68047203699996],[-70.69260771599994,-72.67057011299994],[-70.70884670799995,-72.59335483999996],[-70.78408029499997,-72.56724094599997],[-70.85659821399997,-72.58856365899999],[-70.87611633299997,-72.64439394399994],[-70.93428013699997,-72.65880271199995],[-72.02011262499997,-72.63221181399996],[-72.39317535499998,-72.66886315699998],[-72.51545001599999,-72.63510197999994],[-72.46002498199994,-72.56153127099998],[-72.54140734799995,-72.55032544299996],[-72.64738463199996,-72.60891276999996],[-72.75273031299997,-72.60222986299993],[-73.16605415499998,-72.44555044099997],[-73.06082729699995,-72.36787971199993],[-72.71302551399998,-72.27263417699999],[-72.33845474099996,-72.28875368699994],[-72.14696425699998,-72.38016343999993],[-72.10185481799994,-72.36018780199998],[-72.13834203599998,-72.33805108899998],[-72.08807030699995,-72.31705700999998],[-71.65050541599999,-72.38539508599996],[-70.91932521199993,-72.39729951299995],[-70.71642776899995,-72.38915664699994],[-70.16443236099997,-72.26417871099994],[-70.31960891599994,-72.22609044199999],[-70.40731307999994,-72.13153191799995],[-70.54065164499997,-72.15690514799996],[-70.51225211799994,-72.16808316799995],[-70.53305282099996,-72.17525805599996],[-70.69291034899999,-72.16671051699996],[-71.12091147199999,-72.27446405199998],[-71.33972091599998,-72.26078410799994],[-71.39329793099995,-72.28199645399997],[-71.64347084899998,-72.25331171399995],[-71.65967384299995,-72.24247410399994],[-71.62578416499997,-72.22487681599995],[-71.65060101499995,-72.21828807499998],[-71.98005911699994,-72.18406064299995],[-72.04056135399998,-72.15652044299998],[-72.04716871399995,-72.12185511699994],[-70.84409061499997,-72.00634392099994],[-70.84010350799997,-71.98461372699995],[-70.75481538699995,-71.98323584299999],[-70.74187077799996,-71.96291846499997],[-70.78535854799998,-71.93515407499996],[-70.72113092899997,-71.90777724199995],[-70.74900574599997,-71.88725373999995],[-70.70802703399994,-71.87012546999995],[-70.85832315299996,-71.84295947299995],[-70.89043434199993,-71.87062150199995],[-71.14120884199997,-71.90667156799998],[-71.38638848599999,-71.83470033299994],[-71.79380184399997,-71.89437285299994],[-71.86452674699996,-71.86489910499995],[-71.82013357399995,-71.82250459599999],[-71.85033300999999,-71.77299454899997],[-72.02083446399996,-71.76064716699995],[-72.10140176699997,-71.69615878099995],[-72.18274037799995,-71.70961691999997],[-72.17897629599997,-71.66389287799996],[-72.28216236999998,-71.62042479799999],[-72.44976320299997,-71.66224816699997],[-72.44281448299995,-71.70278328499995],[-72.56554659599993,-71.72352602199999],[-72.55930954699994,-71.74869379699999],[-72.70302331099998,-71.73475627899995],[-72.67426234899995,-71.79446790699996],[-72.70807415199994,-71.79387539099997],[-72.71134307099999,-71.86422295299997],[-72.87453802499994,-71.92756000699995],[-73.17410403399998,-71.92660922599998],[-73.47457309099997,-71.83138861899994],[-73.55954904799995,-71.83686612899999],[-73.56581409899997,-71.85741947399998],[-73.76241106499998,-71.82481748599997],[-73.90098665199997,-71.83682889499994],[-73.86466101099995,-71.85468128199994],[-73.91940760999995,-71.85626151599996],[-73.50498485399999,-72.00559976399995],[-73.79606165099995,-72.09273727499993],[-73.81985576099999,-72.13641854999997],[-73.99999999999994,-72.16190073399997],[-73.99999999999994,-71.42094924399998],[-73.79780891799999,-71.47563327899996],[-73.77673219399998,-71.52275892699998],[-73.73415539499996,-71.51192878299997],[-73.48740015399994,-71.60544574799997],[-73.42727039099998,-71.59906529999995],[-73.41394013899998,-71.54859261499996],[-73.32387783099995,-71.54496519099996],[-73.63773079799995,-71.42861351799996],[-73.67164955099997,-71.35251887499999],[-73.60590804699996,-71.32245984499997],[-73.38051804599996,-71.30572541699996],[-72.73526329599997,-71.40418954999996],[-72.63053372799999,-71.40115360299995],[-72.55829449699996,-71.36498926699994],[-72.24131394999995,-71.37528944899998],[-72.20559449999996,-71.33023178999997],[-72.95543223899995,-71.22370294899997],[-73.12137767099995,-71.14503619399994],[-73.08288091099996,-71.11381545999996],[-72.88423932299997,-71.10629069699996],[-72.77760629199997,-71.06538101099994],[-72.58270727699994,-71.08860638699997],[-72.55347373199999,-71.06883452799997],[-72.58403738999993,-71.04826784699998],[-72.39929382299994,-71.04899419899994],[-72.04220061299998,-71.09436362799994],[-71.90549256799994,-71.14354683099998],[-71.62910617599994,-71.15186297999998],[-71.36639067199997,-71.05599086299998],[-71.38973671099995,-70.97815079599997],[-71.36011585499995,-70.96284617299995],[-71.18662526299994,-70.99828697699996],[-71.02066913199997,-70.96524493499999],[-70.73530245799998,-70.99568841299998],[-70.60062060399997,-70.97732414199999],[-70.61595740299998,-70.96045586499997],[-70.57182616799997,-70.95049336099999],[-69.81079000299997,-70.92908617699999],[-69.78110876699998,-70.87413394199996],[-69.82859848699997,-70.83674833199996],[-69.92662478899996,-70.88975067299998],[-70.01586193299994,-70.85072633299995],[-70.12844884599997,-70.84916483299997],[-70.08249487499995,-70.88694812799997],[-70.12137724799999,-70.89294063299997],[-70.19607360799995,-70.88113115399995],[-70.17741418199995,-70.84884288399996],[-70.20440117699997,-70.84330279399995],[-70.40057292899996,-70.82209433999998],[-70.71131131899995,-70.83871812299998],[-70.83050848499994,-70.82455213399999],[-70.94340310299998,-70.76734757799994],[-71.20902043299998,-70.75131410699998],[-71.22632564999998,-70.69580595899998],[-71.27232918499993,-70.68120633799998],[-71.25480086199997,-70.64972327699996],[-71.17857689899995,-70.59203973199993],[-71.06573107299994,-70.56830271299998],[-71.00122787799995,-70.51674993399996],[-71.03167256199998,-70.49060797399994],[-70.97920953599998,-70.45147524499998],[-70.41014929899995,-70.38911528499995],[-70.18637912299994,-70.35020187899994],[-70.14730041499996,-70.31573708399998],[-69.92249046299997,-70.35713301499999],[-69.74866090999996,-70.34292236599998],[-69.98145874099998,-70.25218619899994],[-70.49591368799997,-70.22834769599996],[-70.48397205899994,-70.20106180399995],[-70.53595204199996,-70.16670678499997],[-70.62282546099993,-70.17254479999997],[-70.75176893599996,-70.12046874099997],[-70.82047838599993,-70.14416843299995],[-70.82947954599996,-70.19933225299997],[-71.06087081999993,-70.25024482599997],[-71.12711370599999,-70.23385848899994],[-71.11473379999995,-70.20839188999997],[-71.15004723899995,-70.18328186799994],[-71.32277108499994,-70.18541353999996],[-71.38826606399994,-70.14627671999995],[-71.37512875299996,-70.12855562399994],[-71.60600958799995,-70.09728963099997],[-71.83550728799997,-70.01906739599997],[-71.85514992699996,-69.98191206499996],[-71.92086220999994,-69.95845946299994],[-71.87021466199997,-69.92300790399997],[-71.91002569799997,-69.88267481699995],[-71.84153203999995,-69.85160451599995],[-71.84940877499997,-69.81077972999998],[-71.70751304899994,-69.78048482999998],[-71.65880526299998,-69.80124292999994],[-71.58368966599994,-69.74080060399996],[-71.64602005799998,-69.72413313099997],[-71.65341487599994,-69.68693901599994],[-71.72545700699999,-69.66161824599993],[-71.75196450999994,-69.62099786799996],[-71.74159411599999,-69.56254155399995],[-71.68512017199998,-69.53079738999998],[-71.68676716599998,-69.49283704999993],[-71.63121555099997,-69.44886763099998],[-71.68608095599996,-69.43603800399995],[-71.65161451799997,-69.39742978399994],[-71.91191115499998,-69.35527831799993],[-72.03950343299994,-69.30009897099995],[-72.03429259599994,-69.27210196999994],[-72.15202617599994,-69.23091103099995],[-72.10301741699993,-69.16023043899997],[-72.19829880199995,-69.11061469799995],[-72.21321727699996,-69.07626662399997],[-71.96057028199994,-68.95051594199998],[-71.63750762099994,-68.90703251199994],[-71.55526788799995,-68.85688263199995],[-71.02120583999994,-68.86542968999998],[-70.87509932399996,-68.82053026699998],[-70.58515300399995,-68.81841626599999],[-70.45220914699996,-68.78390254599998]]],[[[-59.82495377899994,-80.42350348099995],[-59.86088304699996,-80.56751624799995],[-59.91253474999996,-80.64362612999997],[-60.02851596199997,-80.75813936899993],[-60.206180004999965,-80.85948218699997],[-60.581380637999985,-80.94333303299999],[-61.09524960899995,-80.95993215799996],[-62.32943720199995,-80.88399473899995],[-62.84214893099994,-80.80482315099994],[-62.99175312799997,-80.76238005499994],[-62.96561668299995,-80.69142267199999],[-63.05737000099998,-80.65954759599998],[-63.05709809299998,-80.61640517599994],[-63.14394648299998,-80.60423213899998],[-63.73247006999998,-80.60023041499994],[-64.17525333299994,-80.65314103899993],[-64.24594171299998,-80.67631273599994],[-64.26177076999994,-80.72648858799994],[-64.35360445199996,-80.73562834799998],[-65.20451012199999,-80.66814515999994],[-66.48728294299997,-80.46178458699995],[-66.76232837099997,-80.39097832899995],[-66.82487611899995,-80.32315906199995],[-66.60216476199997,-80.23250726299995],[-66.19884152599997,-80.19843013299999],[-66.18997103599997,-80.22454138999996],[-66.24404956499995,-80.25068077999998],[-66.23693669499994,-80.25764096299997],[-66.20627662499999,-80.27132180399997],[-66.23158750999994,-80.28742561199994],[-66.19952970599996,-80.34053722299996],[-65.74912417999997,-80.39635516699997],[-63.42834089199994,-80.46760952599999],[-62.095340387999954,-80.40440335699998],[-61.214756886999965,-80.26839198099998],[-61.20892977699998,-80.24755992499996],[-61.416682728999945,-80.15234507099996],[-61.44459640599996,-80.09658224299994],[-61.43400858799998,-80.06578614399996],[-61.267685245999985,-79.98666972099994],[-61.290737528999955,-79.95164353899997],[-61.22081523099996,-79.87522433799995],[-60.85922672399994,-79.77455198299998],[-60.379886890999956,-79.74206876399995],[-60.115461893999964,-79.76199455899996],[-59.88444013499998,-79.83724378599999],[-59.96378820899997,-80.09571611599995],[-59.77466708299994,-80.15763527899998],[-59.73534656399994,-80.22908620199996],[-59.82495377899994,-80.42350348099995]]],[[[-68.56934499999994,-52.70693699999998],[-68.28767099999993,-52.95142699999997],[-68.20150199999995,-53.14195799999993],[-68.26674699999995,-53.01610899999997],[-68.35954599999997,-53.01789299999996],[-68.53815299999997,-53.144406999999944],[-68.54844299999996,-53.24752099999995],[-68.38705699999997,-53.311968999999976],[-68.20659799999999,-53.30668599999996],[-68.13706999999994,-53.33133799999996],[-67.99016299999994,-53.58451199999996],[-67.68173699999994,-53.797173999999984],[-67.77533099999994,-53.835733999999945],[-67.67431799999997,-53.78525399999995],[-67.54567099999997,-53.84044899999998],[-67.57983999999993,-53.868858999999986],[-67.53520199999997,-53.927107999999976],[-67.16438699999998,-54.11979699999995],[-66.73396399999996,-54.260343999999975],[-66.66100999999998,-54.34343499999994],[-66.46499699999998,-54.478729999999985],[-65.80278199999998,-54.65190499999994],[-65.55116599999997,-54.64734099999998],[-65.51989999999995,-54.67755999999997],[-65.51119099999994,-54.65585999999996],[-65.43081299999994,-54.64215399999995],[-65.44822999999997,-54.65524099999993],[-65.42852799999997,-54.663187999999934],[-65.23487599999999,-54.618825999999956],[-65.25452999999999,-54.66332199999994],[-65.23435199999994,-54.64138299999996],[-65.11675899999994,-54.658229999999946],[-65.19347299999998,-54.69525399999998],[-65.21826699999997,-54.74565099999995],[-65.20383899999996,-54.78010599999993],[-65.26386799999995,-54.79590499999995],[-65.23228799999998,-54.82925599999999],[-65.38213699999994,-54.941070999999965],[-65.46828299999999,-54.888589999999965],[-65.51101799999998,-54.93494199999998],[-65.71901199999996,-54.971356999999955],[-65.71181599999994,-54.93429499999996],[-65.73911299999997,-54.90985299999994],[-65.98238899999996,-54.90259999999995],[-65.97135999999995,-54.968372999999985],[-66.33408599999996,-54.99649899999997],[-66.37082399999997,-55.01072799999997],[-66.37215699999996,-55.03956699999998],[-66.45025099999998,-55.057507999999984],[-66.64883099999997,-55.02818399999995],[-66.76447299999995,-54.96073999999999],[-67.27844699999997,-54.86999199999997],[-67.40950699999996,-54.889408999999944],[-67.50630599999994,-54.87463199999996],[-67.50575999999995,-54.853493999999955],[-67.70346299999994,-54.88602999999995],[-68.03331099999997,-54.850206999999955],[-68.24853299999995,-54.795027999999945],[-68.31520599999993,-54.810802999999964],[-68.26059699999996,-54.84071299999994],[-68.56982699999998,-54.84390799999994],[-68.50100199999997,-54.866908999999964],[-68.60941599999995,-54.89395699999994],[-68.60623199999998,-52.658267999999964],[-68.56934499999994,-52.70693699999998]]],[[[-67.64457726299997,-78.45378418199994],[-67.26343038999994,-78.46400957499998],[-67.16617010399995,-78.52094859899995],[-67.22791554399998,-78.58081638199997],[-67.61661589599998,-78.73085922899998],[-68.72384435399994,-79.02093643999996],[-69.51599072499994,-79.30251642499996],[-69.83613906599999,-79.45387946099999],[-69.78455635599994,-79.47799628799999],[-69.80025461999998,-79.49705784099996],[-69.76440128299998,-79.52532031099997],[-70.00230309199998,-79.55234681199994],[-70.27931677599997,-79.62814524699996],[-70.25410238199999,-79.66684849799998],[-70.78520340799997,-79.70231804299993],[-71.39962679799999,-79.64760876799994],[-71.68845483899997,-79.56514939499993],[-71.81847011599996,-79.47225880999997],[-71.82046796299994,-79.44255328999998],[-71.70992328899996,-79.38128804399997],[-71.62641262399995,-79.26908702099996],[-71.45865055599995,-79.15791725399998],[-70.87893931899998,-78.96664585299999],[-69.81824859799997,-78.79054431499998],[-69.61295803299998,-78.72436788999994],[-69.32023081899996,-78.67650289199997],[-68.02959272399994,-78.48113176199996],[-67.64457726299997,-78.45378418199994]]],[[[-58.969551999999965,-51.233207999999934],[-58.74425499999995,-51.317320999999936],[-58.730129999999974,-51.348278999999934],[-58.73776799999996,-51.31419299999993],[-58.57233699999995,-51.36016399999994],[-58.56816299999997,-51.32312699999994],[-58.617569999999944,-51.35068199999995],[-58.636319999999955,-51.31303899999995],[-58.529339999999934,-51.293384999999944],[-58.340723999999966,-51.353564999999946],[-58.33176599999996,-51.38687799999997],[-58.37759399999993,-51.39230299999997],[-58.314678999999956,-51.41544299999998],[-58.357218999999986,-51.433258999999964],[-58.330498999999975,-51.43843899999996],[-58.349973999999975,-51.46204899999998],[-58.36940499999997,-51.432932999999935],[-58.45590699999997,-51.45548199999996],[-58.482861999999955,-51.39856499999996],[-58.51768099999998,-51.42134699999997],[-58.50451199999998,-51.380788999999936],[-58.59612599999997,-51.439281999999935],[-58.52305299999995,-51.42915199999993],[-58.62641299999996,-51.467386999999974],[-58.51698499999998,-51.42891399999996],[-58.541282999999964,-51.44452899999993],[-58.50273599999997,-51.45345199999997],[-58.55891399999996,-51.47976699999998],[-58.51768199999998,-51.475171999999986],[-58.527398999999946,-51.511593999999945],[-58.49135099999995,-51.46832699999993],[-58.472846999999945,-51.49100899999996],[-58.424593999999956,-51.46843899999993],[-58.42083699999995,-51.53439799999995],[-58.46054099999998,-51.54739299999994],[-58.41699799999998,-51.56291199999998],[-58.403868999999986,-51.52784499999996],[-58.377096999999935,-51.530149999999935],[-58.38275199999998,-51.56561899999997],[-58.327819999999974,-51.56710099999998],[-58.345441999999935,-51.55479199999996],[-58.32597899999996,-51.537563999999975],[-58.27570899999995,-51.555627999999956],[-58.26353199999994,-51.59453899999994],[-58.308505999999966,-51.61506899999995],[-58.25144499999993,-51.614431999999965],[-58.278164999999944,-51.66168799999997],[-58.24106599999993,-51.65415699999994],[-58.251372999999944,-51.621617999999955],[-58.21874799999995,-51.66019799999998],[-58.198714999999936,-51.65849499999996],[-58.22498399999995,-51.63708699999995],[-58.17292199999997,-51.64446299999997],[-58.21144599999997,-51.64151199999998],[-58.251446999999985,-51.58430199999998],[-58.145535999999936,-51.611872999999946],[-58.26255599999996,-51.553448999999944],[-58.201498999999956,-51.524418999999966],[-58.29943899999995,-51.52977499999997],[-58.297973999999954,-51.48712299999994],[-58.33231699999993,-51.52054399999997],[-58.377954999999986,-51.51271499999996],[-58.35180699999995,-51.48597399999994],[-58.386214999999936,-51.484497999999974],[-58.32774399999994,-51.47564199999994],[-58.28231499999998,-51.39088899999996],[-57.94419099999993,-51.360933999999986],[-57.85137599999996,-51.41305599999998],[-57.87078399999996,-51.43435899999997],[-57.834618999999975,-51.478643999999974],[-57.73894299999995,-51.512733999999966],[-57.85877199999993,-51.49705799999998],[-57.843601999999976,-51.47485399999994],[-57.896709999999985,-51.498542999999984],[-57.76410499999997,-51.54042799999996],[-57.95418499999994,-51.54041399999994],[-58.06156899999996,-51.49363099999994],[-58.017469999999946,-51.535549999999944],[-58.11503699999997,-51.511702999999954],[-58.095167999999944,-51.533105999999975],[-58.164957999999956,-51.54702599999996],[-58.10599399999995,-51.56254999999993],[-58.14945899999998,-51.56747999999993],[-58.105849999999975,-51.585031999999956],[-58.08521299999995,-51.564873999999975],[-58.05853099999996,-51.59208799999993],[-57.88737599999996,-51.59937499999995],[-57.723843999999985,-51.64466999999996],[-57.860059999999976,-51.67557499999998],[-57.958909999999946,-51.65252799999996],[-57.83092499999998,-51.68242799999996],[-57.92038499999995,-51.686935999999946],[-57.71687599999996,-51.683078999999964],[-57.82125599999995,-51.72179999999997],[-58.01122699999996,-51.73786499999994],[-57.85650499999997,-51.739085999999986],[-57.881708999999944,-51.747251999999946],[-58.084509999999966,-51.74136499999997],[-58.04631999999998,-51.75052699999998],[-58.064670999999976,-51.77156199999996],[-58.15645299999994,-51.765938999999946],[-58.15244499999994,-51.740156999999954],[-58.19354099999998,-51.766557999999975],[-58.297477999999956,-51.74739999999997],[-58.20096099999995,-51.77733299999994],[-58.23207099999996,-51.78312099999994],[-58.109110999999984,-51.78888499999994],[-58.38721999999996,-51.82438099999996],[-58.32082799999995,-51.84385499999996],[-58.28173599999997,-51.80690599999997],[-58.16452199999998,-51.81600099999997],[-58.234279999999956,-51.82812599999994],[-58.224293999999986,-51.867092999999954],[-58.25665499999997,-51.868025999999986],[-58.22578899999996,-51.844897999999944],[-58.27523999999994,-51.85004799999996],[-58.31678599999998,-51.868457999999976],[-58.28311699999995,-51.87902399999996],[-58.375163999999984,-51.88733899999994],[-58.400806999999986,-51.922578999999985],[-58.46695599999998,-51.92190599999998],[-58.40317799999997,-51.900796999999955],[-58.50397899999996,-51.89519199999995],[-58.56593399999997,-51.82957899999997],[-58.59323699999993,-51.83119099999993],[-58.51238499999994,-51.89263399999999],[-58.678294999999935,-51.90440199999995],[-58.62965899999995,-51.88448599999998],[-58.71892799999995,-51.87260999999995],[-58.691577999999936,-51.89405099999993],[-58.78157399999998,-51.89538799999997],[-58.85747699999996,-51.857267999999976],[-58.81426799999997,-51.85685599999994],[-58.93265299999996,-51.84163399999994],[-58.92104299999994,-51.81267599999995],[-58.950188999999966,-51.787286999999935],[-58.98591899999997,-51.85699999999997],[-59.11560799999995,-51.83593499999995],[-59.09211699999997,-51.85478999999998],[-59.13428299999998,-51.88208099999997],[-59.018992999999966,-51.85361999999998],[-59.027601999999945,-51.88589299999995],[-58.97481499999998,-51.85495199999997],[-58.76036399999998,-51.936661999999956],[-58.802242999999976,-51.944752999999935],[-58.91457799999995,-51.89752999999996],[-58.841598999999974,-51.932973999999945],[-58.862296999999955,-51.94661199999996],[-58.76911699999994,-51.95618699999994],[-58.76735499999995,-51.98752699999994],[-58.74430799999993,-51.95228399999996],[-58.69929599999995,-51.95248499999997],[-58.693138999999974,-51.973513999999966],[-58.62624599999998,-51.96554299999997],[-58.60206499999998,-51.990853999999956],[-58.631524999999954,-52.00600199999997],[-58.586059999999975,-52.01502899999997],[-58.688012999999955,-52.023755999999935],[-58.63586299999997,-52.05114899999995],[-58.663009999999986,-52.054723999999965],[-58.639137999999946,-52.11094799999995],[-58.65963099999993,-52.141475999999955],[-58.69350399999996,-52.12304799999998],[-58.67470799999995,-52.09585499999997],[-58.70530299999996,-52.06870299999997],[-58.73837199999997,-52.079444999999964],[-58.73622299999994,-52.05011499999995],[-58.82258099999996,-52.023942999999974],[-58.81372699999997,-52.056783999999936],[-58.89703599999996,-52.03438399999993],[-58.85975099999996,-52.08456199999995],[-58.88701699999996,-52.074637999999936],[-58.92820999999998,-52.11735699999997],[-58.95284099999998,-52.060509999999965],[-58.98864599999996,-52.09752299999997],[-59.00463199999996,-52.046040999999946],[-58.984857999999974,-52.04512999999997],[-59.018174999999985,-52.043912999999975],[-59.01555099999996,-52.020302999999956],[-59.10079699999994,-52.03043599999995],[-59.13677499999994,-51.977142999999955],[-59.15447399999994,-51.996313999999984],[-59.18954099999996,-51.97225199999997],[-59.17093199999994,-52.012887999999975],[-59.278246999999965,-51.990256999999986],[-59.31891099999996,-52.01305599999995],[-59.18845399999998,-52.02822299999997],[-59.235577999999975,-52.05380799999995],[-59.19877199999996,-52.05262499999998],[-59.21269599999994,-52.080799999999954],[-59.13893899999994,-52.03470599999997],[-59.14475699999997,-52.063331999999946],[-59.09974699999998,-52.07948699999997],[-59.17780499999998,-52.102691999999934],[-59.06798199999997,-52.10295299999996],[-59.18008099999997,-52.14513199999993],[-59.14351499999998,-52.143667999999934],[-59.15786699999995,-52.16214199999996],[-59.11046799999997,-52.13546699999995],[-59.11868099999998,-52.165142999999944],[-59.02383099999997,-52.14407899999998],[-59.10385099999996,-52.19819699999994],[-59.023105999999984,-52.20454799999993],[-59.054276999999956,-52.24249999999995],[-59.01136599999995,-52.25561299999998],[-59.19978899999995,-52.20327899999995],[-59.22301199999998,-52.22642999999994],[-59.267744999999934,-52.16359799999998],[-59.32556499999998,-52.17947399999997],[-59.29218999999995,-52.140511999999944],[-59.349309999999946,-52.161198999999954],[-59.367722999999955,-52.11102099999994],[-59.371028999999965,-52.14469999999994],[-59.409423999999944,-52.11522999999994],[-59.38042199999995,-52.15720399999998],[-59.45472599999994,-52.124593999999945],[-59.43564299999997,-52.15262899999993],[-59.49100199999998,-52.16626699999995],[-59.39921899999996,-52.17717899999997],[-59.46627099999995,-52.196076999999946],[-59.42312899999996,-52.192863999999986],[-59.46146199999998,-52.22447599999998],[-59.408488999999975,-52.204219999999964],[-59.433997999999974,-52.243863999999974],[-59.37787499999996,-52.205119999999965],[-59.329996999999935,-52.21126899999996],[-59.387816999999984,-52.22637899999995],[-59.34181199999995,-52.25371999999993],[-59.41465599999998,-52.28398499999997],[-59.34802799999994,-52.26787699999994],[-59.33602499999995,-52.28351599999996],[-59.38435399999997,-52.31852599999996],[-59.33611199999996,-52.346231999999986],[-59.297815999999955,-52.33249799999999],[-59.36407899999995,-52.35937299999995],[-59.391786999999965,-52.34596299999998],[-59.37351799999993,-52.33409299999994],[-59.42590899999993,-52.331151999999975],[-59.414898999999934,-52.31027299999994],[-59.49771099999998,-52.311886999999956],[-59.47832299999993,-52.275395999999944],[-59.510910999999965,-52.27367499999997],[-59.50860799999998,-52.24283799999995],[-59.58379699999995,-52.25987399999997],[-59.55229799999995,-52.20499199999995],[-59.63091199999997,-52.209164999999985],[-59.613801999999964,-52.188403999999935],[-59.64599799999996,-52.182391999999936],[-59.62421899999998,-52.17439299999995],[-59.735194999999976,-52.12604299999998],[-59.707055999999966,-52.107564999999965],[-59.731551999999965,-52.09713199999993],[-59.60738999999995,-52.12204899999995],[-59.640743999999984,-52.08404099999996],[-59.55033899999995,-52.06747999999993],[-59.65393599999999,-52.005822999999964],[-59.54563799999994,-52.005154999999945],[-59.64825199999996,-51.965130999999985],[-59.594991999999934,-51.98536399999995],[-59.51821199999995,-51.96252899999996],[-59.614724999999964,-51.950616999999966],[-59.609553999999946,-51.91664499999996],[-59.47010099999994,-51.92837199999997],[-59.53804199999996,-51.88196999999997],[-59.44210399999997,-51.89162299999998],[-59.51540099999994,-51.85765199999997],[-59.49802599999998,-51.83606299999997],[-59.44861999999995,-51.82387399999993],[-59.45545299999998,-51.847279999999955],[-59.41078799999997,-51.81292999999994],[-59.41456899999997,-51.84013999999996],[-59.378582999999935,-51.85930899999994],[-59.351481999999976,-51.78917899999993],[-59.32456999999994,-51.81082199999997],[-59.27220699999998,-51.79837799999996],[-59.305331999999964,-51.76042099999995],[-59.26929599999994,-51.74333999999993],[-59.24888299999998,-51.76665799999995],[-59.23210099999994,-51.72174099999995],[-59.21056599999997,-51.72124499999995],[-59.22410699999995,-51.76506599999993],[-59.19790299999994,-51.721994999999936],[-59.17272299999996,-51.74511499999994],[-59.15661899999998,-51.70642499999997],[-59.055849999999964,-51.69038899999998],[-59.034216999999956,-51.74523599999998],[-59.05242499999997,-51.753345999999965],[-59.025061999999934,-51.77462799999995],[-59.07134599999995,-51.784659999999974],[-59.04366299999998,-51.786198999999954],[-59.04976399999998,-51.82645099999996],[-59.02850099999995,-51.83129599999995],[-58.949415999999985,-51.77393999999998],[-59.005075999999974,-51.77447499999994],[-58.98657599999996,-51.76818799999995],[-59.008519999999976,-51.711126999999976],[-59.02409699999998,-51.72722399999998],[-59.04095499999994,-51.69867399999998],[-58.99806899999999,-51.676128999999946],[-59.048359999999946,-51.65319599999998],[-58.977179999999976,-51.67065199999996],[-59.17885699999994,-51.58440299999995],[-59.113111999999944,-51.528850999999975],[-59.128327999999954,-51.49621599999995],[-59.086843999999985,-51.52913199999995],[-59.07737399999996,-51.588171999999986],[-59.01433999999995,-51.60589699999997],[-59.05032899999998,-51.57445899999993],[-59.026741999999956,-51.56110399999994],[-59.065317999999934,-51.519713999999965],[-59.04527299999995,-51.50497799999994],[-58.92493099999996,-51.52184299999993],[-58.935028999999986,-51.54559399999994],[-58.84345799999994,-51.51559199999997],[-58.920154999999966,-51.52745199999998],[-59.144548999999984,-51.46149399999996],[-59.09654399999994,-51.40995399999997],[-58.96155699999997,-51.444789999999955],[-59.02090399999997,-51.419082999999944],[-59.005589999999984,-51.385216999999955],[-58.86814499999997,-51.37862199999995],[-58.85902699999997,-51.35387499999996],[-58.969551999999965,-51.233207999999934]]],[[[-67.67895850399998,-66.63117918999995],[-67.67237689099994,-66.67547271799998],[-67.64105710099994,-66.68148741899995],[-67.68358745099994,-66.69659248699998],[-67.66860837499996,-66.71085000299996],[-67.83229710699999,-66.77509718199997],[-67.83955896799995,-66.81362448699997],[-67.94861555799997,-66.82254930099998],[-67.95500605899997,-66.84188744799997],[-67.92391030299996,-66.84782275199996],[-67.98125621099996,-66.86218869499999],[-68.02135150599997,-66.94569585599999],[-67.92622629599998,-67.00834051699997],[-67.93207477899995,-67.03453097599999],[-67.99484163299996,-67.05670025599994],[-67.81215733499994,-67.07074221299996],[-67.77777163299999,-67.10928624699994],[-67.79029110799996,-67.13148760099995],[-67.67585704699997,-67.14898221399994],[-67.76803897399998,-67.20780857299997],[-67.84168871599996,-67.17951973099997],[-67.85483665699996,-67.22911644799996],[-67.99571489099998,-67.25881888399994],[-67.96812947199999,-67.27949072499996],[-67.98093827299994,-67.30162509799999],[-68.25854001499994,-67.36842660299993],[-67.93739290199994,-67.40682616699996],[-67.97455843899996,-67.43931246299996],[-67.96133122699996,-67.45534633099999],[-68.12979054799996,-67.55271597099994],[-68.11258836399998,-67.56914760399997],[-68.27708903099995,-67.51562640499998],[-68.43345317499995,-67.56524388299994],[-68.38523245499994,-67.61349992799995],[-68.40205256799999,-67.65154974299998],[-68.51685515099996,-67.69813468999996],[-68.56852136899994,-67.75020746099995],[-68.67202379799994,-67.72709440799997],[-68.90117045399995,-67.76598415299998],[-68.90862081999995,-67.69011124799994],[-69.07725039099995,-67.65843780199998],[-69.05554721199996,-67.64235077399996],[-69.09511218099993,-67.62943767599995],[-69.08457786599996,-67.60937635499994],[-69.16079146399994,-67.57722780299997],[-69.17830379499998,-67.53213508999994],[-69.09616007799997,-67.41949472599998],[-68.80022822099994,-67.26880072199998],[-68.79505281799999,-67.22728253299994],[-68.72269277599997,-67.18611456299993],[-68.75195796299994,-67.15830047099996],[-68.54952362199998,-66.95288571899994],[-68.43725165399997,-66.88652763399995],[-68.44866328999996,-66.86788229299998],[-67.92629703099993,-66.65437719399995],[-67.67895850399998,-66.63117918999995]]],[[[-59.386946999999964,-51.33698599999997],[-59.189089999999965,-51.39937299999997],[-59.29295599999995,-51.431449999999984],[-59.266610999999955,-51.44516599999997],[-59.29288199999996,-51.464474999999936],[-59.20022599999999,-51.43827699999997],[-59.33507599999996,-51.52511499999997],[-59.33043599999996,-51.492962999999975],[-59.36722499999996,-51.48609799999997],[-59.35381399999994,-51.50768599999998],[-59.49664599999994,-51.52021099999996],[-59.35387099999997,-51.50972399999995],[-59.40273199999996,-51.536359999999945],[-59.368052999999975,-51.52760799999999],[-59.387449999999944,-51.54995599999995],[-59.33856199999997,-51.52851199999998],[-59.44027399999993,-51.63411199999996],[-59.48078199999998,-51.633407999999974],[-59.44145899999995,-51.585290999999984],[-59.591313999999954,-51.66088399999995],[-59.60385099999996,-51.687171999999975],[-59.54347399999995,-51.64667799999995],[-59.60751499999998,-51.73095099999995],[-59.665502999999944,-51.74433099999993],[-59.63081999999997,-51.755367999999976],[-59.76547899999997,-51.81245599999994],[-59.74689999999998,-51.81612999999993],[-59.83585199999993,-51.89840799999996],[-59.85880599999996,-51.96355599999998],[-60.005091999999934,-52.00517899999994],[-60.017744999999934,-51.967532999999946],[-59.99813799999998,-51.96931399999994],[-60.07669999999996,-51.96151299999997],[-60.05245099999996,-51.941843999999946],[-60.079181999999946,-51.93805499999996],[-60.117155999999966,-51.96523799999994],[-60.087823999999955,-51.97079499999995],[-60.10007399999995,-52.00827799999996],[-60.23905099999996,-52.01676199999997],[-60.159235999999964,-51.96476299999995],[-60.28495399999997,-51.99118899999996],[-60.29050199999995,-52.01507799999996],[-60.32981002099996,-51.97922441999998],[-60.35762399999999,-52.00736899999998],[-60.28449999999998,-52.01762199999996],[-60.28250799999995,-52.08200799999997],[-60.24234699999994,-52.01859299999995],[-60.26609199999996,-52.08989399999996],[-60.332839999999976,-52.15367999999995],[-60.38440299999996,-52.13666899999998],[-60.376623999999936,-52.10752099999996],[-60.32788799999997,-52.10137699999996],[-60.40739199999996,-52.09194599999995],[-60.38090599999998,-52.11251499999997],[-60.393100999999945,-52.136428999999964],[-60.45829599999996,-52.10276699999997],[-60.504393999999934,-52.11287399999998],[-60.40457799999996,-52.12485499999997],[-60.367178999999965,-52.175505999999984],[-60.407246999999984,-52.17320799999993],[-60.41559999999998,-52.144657999999936],[-60.46628399999997,-52.17856599999993],[-60.545507999999984,-52.113013999999964],[-60.58597499999996,-52.126075999999955],[-60.55771499999997,-52.13797699999998],[-60.577184999999986,-52.164038999999946],[-60.54471499999994,-52.13651299999998],[-60.535131999999976,-52.16721299999995],[-60.48947799999996,-52.17777199999995],[-60.55139799999995,-52.188984999999946],[-60.503462999999954,-52.203445999999985],[-60.65054999999995,-52.259864999999934],[-60.69663099999997,-52.21079199999997],[-60.631933999999944,-52.21463799999998],[-60.66507599999994,-52.192969999999946],[-60.62931099999997,-52.175392999999985],[-60.672094999999956,-52.19242099999997],[-60.69693599999994,-52.179236999999944],[-60.66141399999998,-52.154334999999946],[-60.70287399999995,-52.17363799999998],[-60.701574999999934,-52.141700999999955],[-60.74393299999997,-52.147986999999944],[-60.663414999999986,-52.14102099999997],[-60.71587499999998,-52.10310899999996],[-60.747303999999986,-52.12468099999995],[-60.85051699999997,-52.107621999999935],[-60.719344999999976,-52.17671799999994],[-60.79947599999997,-52.18942999999996],[-60.858862999999985,-52.12430599999993],[-60.93365799999998,-52.11671199999995],[-61.02283099999994,-52.043015999999966],[-61.01279499999998,-52.07534799999996],[-61.04762599999998,-52.072974999999985],[-61.04308599999996,-52.013612999999964],[-61.079256999999984,-52.01644999999996],[-61.02408499999996,-52.00760599999995],[-60.97591799999998,-52.04939899999994],[-60.89670399999994,-52.03708599999993],[-60.917516999999975,-52.06778699999995],[-60.88229999999999,-52.073279999999954],[-60.920140999999944,-52.08328999999998],[-60.85654599999998,-52.08516799999995],[-60.804970999999966,-52.05820399999993],[-60.87051999999994,-52.07089999999994],[-60.89627699999994,-52.028418999999985],[-60.745495999999946,-52.017709999999965],[-60.82511299999999,-52.00007899999997],[-60.84604299999995,-51.954030999999986],[-60.74529699999994,-51.961716999999965],[-60.75519399999996,-51.97903599999995],[-60.704320999999936,-51.964211999999975],[-60.72183899999993,-52.01236699999998],[-60.691809999999975,-52.00412699999998],[-60.69050999999996,-51.969952999999975],[-60.683450999999934,-52.04697299999998],[-60.639074999999934,-52.03775799999994],[-60.676853999999935,-52.03227099999998],[-60.65365899999995,-52.02255799999995],[-60.67331299999995,-51.97528299999993],[-60.64927899999998,-51.968830999999966],[-60.62399999999997,-51.97867899999994],[-60.63443199999995,-51.99943399999995],[-60.57757799999996,-51.98691299999996],[-60.60786399999995,-52.026504999999986],[-60.555796999999984,-52.02591599999994],[-60.57078199999995,-51.989480999999955],[-60.53663199999994,-52.00265499999995],[-60.54498899999999,-52.02726699999994],[-60.53364399999998,-52.00727899999998],[-60.50735599999996,-52.02418199999994],[-60.57033499999994,-51.98432699999995],[-60.435644999999965,-51.96696799999995],[-60.39713599999993,-51.925869999999975],[-60.542802999999935,-51.95425999999998],[-60.648350999999934,-51.92627199999998],[-60.50574999999998,-51.93605199999996],[-60.449975999999936,-51.87599499999993],[-60.47776799999997,-51.87237799999997],[-60.44566899999995,-51.85112899999996],[-60.477728999999954,-51.82535999999993],[-60.46031199999999,-51.78786699999995],[-60.37462899999997,-51.76495099999994],[-60.418660999999986,-51.823377999999934],[-60.39942199999996,-51.79901799999993],[-60.35671199999996,-51.81527699999998],[-60.41745899999995,-51.86816299999998],[-60.35979999999995,-51.85488299999997],[-60.36855399999996,-51.890417999999954],[-60.32696299999998,-51.86534999999998],[-60.33388899999994,-51.81913399999996],[-60.27647099999996,-51.831057999999985],[-60.328479999999956,-51.80469899999997],[-60.29444599999994,-51.779251999999985],[-60.331406999999956,-51.779736999999955],[-60.32383999999996,-51.760789999999986],[-60.267289999999946,-51.74896299999995],[-60.28081899999995,-51.77171199999998],[-60.21371999999997,-51.792880999999966],[-60.181671999999935,-51.745856999999944],[-60.19472099999996,-51.70067599999993],[-60.28939799999995,-51.721074999999985],[-60.31805499999996,-51.69646099999994],[-60.38232399999998,-51.71744799999993],[-60.358465999999964,-51.75608099999994],[-60.52167499999996,-51.760697999999934],[-60.55034999999998,-51.77836999999994],[-60.52461699999998,-51.79402699999997],[-60.53965599999998,-51.807482999999934],[-60.64123799999999,-51.72825599999993],[-60.65020899999996,-51.667246999999975],[-60.52113899999995,-51.71250199999997],[-60.231228999999985,-51.65664199999998],[-59.97414999999995,-51.74189599999994],[-60.08633699999996,-51.71362599999998],[-60.02550899999994,-51.69925299999994],[-60.09425299999998,-51.698406999999975],[-60.08397699999995,-51.66035899999997],[-60.13572999999997,-51.683501999999976],[-60.258805999999936,-51.62560799999994],[-60.23163999999997,-51.608821999999975],[-60.30498799999998,-51.597715999999934],[-60.258843999999954,-51.56055199999997],[-60.31379899999996,-51.577417999999966],[-60.28998199999995,-51.55343599999998],[-60.32810999999998,-51.525331999999935],[-60.349801999999954,-51.54443299999997],[-60.302010999999936,-51.56149899999997],[-60.33292499999993,-51.58105699999993],[-60.39796899999993,-51.56759899999997],[-60.39041699999996,-51.54400599999997],[-60.406001999999944,-51.562134999999955],[-60.49503199999998,-51.54007299999995],[-60.50863799999996,-51.500140999999985],[-60.38247299999995,-51.486549999999966],[-60.45507599999996,-51.43770399999994],[-60.52072599999997,-51.45169499999997],[-60.65035899999998,-51.41447999999997],[-60.631298999999956,-51.37640899999997],[-60.66475499999996,-51.36082399999998],[-60.61030599999998,-51.36030999999997],[-60.664342999999974,-51.34020399999997],[-60.24437799999998,-51.49401999999998],[-60.16468999999995,-51.48297999999994],[-60.13095199999998,-51.50723999999997],[-59.972422999999935,-51.47555799999998],[-60.10004599999996,-51.438215999999954],[-60.06762599999996,-51.42096499999997],[-60.08118799999994,-51.407996999999966],[-60.03044599999998,-51.415979999999934],[-60.05164199999996,-51.38821299999995],[-60.00876899999997,-51.38056299999994],[-59.98300199999994,-51.38837799999993],[-60.02005499999996,-51.40336999999994],[-60.00221399999998,-51.42157599999996],[-59.89112799999998,-51.381831999999974],[-59.85990999999996,-51.391516999999965],[-59.90059999999994,-51.39544399999994],[-59.87354399999998,-51.40057099999996],[-59.90848599999998,-51.40290299999998],[-59.89887699999997,-51.423498999999936],[-59.820798999999965,-51.39524299999994],[-59.87519999999995,-51.41349199999996],[-59.73026799999997,-51.42093399999993],[-59.84144999999995,-51.443539999999985],[-59.81650399999995,-51.455420999999944],[-59.63487799999996,-51.43709499999994],[-59.62663799999996,-51.46859399999994],[-59.618946999999935,-51.43475999999998],[-59.49019899999996,-51.395636999999965],[-59.48243699999995,-51.41477299999997],[-59.54192399999994,-51.43999699999995],[-59.60680199999996,-51.444995999999946],[-59.52042299999994,-51.48081199999996],[-59.54287599999998,-51.442159999999944],[-59.46749399999993,-51.46464599999996],[-59.384664999999984,-51.43944799999997],[-59.476796999999976,-51.404672999999946],[-59.43583499999994,-51.387880999999936],[-59.45410199999998,-51.35517999999996],[-59.39827399999996,-51.36767199999997],[-59.416863999999975,-51.34179599999993],[-59.386946999999964,-51.33698599999997]]],[[[-73.99679703799995,-77.48538100199994],[-72.72750823599995,-77.58466515799995],[-72.79345871099997,-77.60240423199997],[-72.74024631199995,-77.65160059199997],[-72.79468110399995,-77.71358357299994],[-73.07949265099995,-77.85314482999996],[-73.49932956999999,-77.98957262999994],[-73.43461141999995,-78.00133117099995],[-73.47304263399997,-78.01953084399997],[-73.52588382899995,-77.99885438799998],[-73.99999999999994,-78.09942536599993],[-73.99679703799995,-77.48538100199994]]],[[[-37.72678160099997,-53.97648161699993],[-37.674194961999945,-53.98818684499997],[-37.68738618699996,-54.01546297799996],[-37.55262178099997,-54.027715701999966],[-37.36973925999996,-53.99417644599998],[-37.456242465999935,-54.014875339999946],[-37.440384000999984,-54.04122597999998],[-37.50402830699994,-54.065863012999955],[-37.271128318999956,-54.05617126499993],[-37.24799480899998,-54.09404498699996],[-37.22258223299997,-54.05515976099997],[-37.18865345299997,-54.06952777999999],[-37.13471303699998,-54.04241046299995],[-37.16114202399996,-54.06649416999994],[-37.105315529999984,-54.06771855599993],[-37.15167383599993,-54.084555474999945],[-37.15407105199995,-54.134261623999976],[-36.98872618699994,-54.05563677099997],[-36.97366427299994,-54.08640154999995],[-37.05026443199995,-54.139866203999986],[-36.89696100699996,-54.07866213799997],[-36.810148485999946,-54.09528708899995],[-36.82590172299996,-54.13133181099994],[-36.80521663299993,-54.154483279999965],[-36.769564672999934,-54.10699374799998],[-36.627228687999946,-54.13115418599995],[-36.68833908099998,-54.13700858999994],[-36.71035717199993,-54.16185054399995],[-36.653006922999964,-54.167854198999976],[-36.70408753299995,-54.18724000699996],[-36.56269864099994,-54.16459888099996],[-36.49418944299998,-54.181790269999965],[-36.488960489999954,-54.199903275999986],[-36.59419318899995,-54.19034365799996],[-36.584928951999984,-54.21163307399996],[-36.64358873599997,-54.243289183999934],[-36.79748636099998,-54.23821949999996],[-36.651902219999954,-54.271176038999954],[-36.69391211299995,-54.30298205299994],[-36.52344163499998,-54.23933071799996],[-36.470678558999964,-54.246023933999936],[-36.47673939099997,-54.278404438999985],[-36.50894499399993,-54.28194288599997],[-36.47852198999993,-54.306183491999946],[-36.502219525999976,-54.356640572999936],[-36.52819705299993,-54.353825453999946],[-36.51613480699996,-54.373732093999934],[-36.445365666999976,-54.31536969199993],[-36.36920357499997,-54.39466484999997],[-36.331293657999936,-54.35015257699996],[-36.40330237499995,-54.24473340999998],[-36.29483569299998,-54.26936626699995],[-36.299571097999944,-54.29997854299995],[-36.246047447999956,-54.290217507999955],[-36.26357632799994,-54.308733647999986],[-36.24040255399996,-54.33223090699994],[-36.26957773999993,-54.33746224699996],[-36.20962302999993,-54.34934287899995],[-36.26405168799994,-54.391399718999935],[-36.15803282099995,-54.37452246399994],[-36.18568841999996,-54.394482419999974],[-36.17771452699998,-54.449516002999985],[-36.051789982999935,-54.46904044799999],[-36.00768024599995,-54.508784961999936],[-36.16208708299996,-54.55099547799995],[-36.11841343399993,-54.57197759699994],[-36.126851063999936,-54.610124273999986],[-36.09486810299995,-54.575878357999954],[-36.016448829999945,-54.566638343999955],[-35.990202841999974,-54.59731016799998],[-35.894697389999976,-54.54579134399995],[-35.92570088799994,-54.61460710299997],[-35.96445639099994,-54.62189157599994],[-35.91573204699995,-54.69853648399993],[-35.98763016299995,-54.69166840299994],[-35.92571459399994,-54.717108817999986],[-35.98638234499998,-54.72133017699997],[-35.87400554599998,-54.731475957999976],[-35.79469364499994,-54.77740161599996],[-35.96747309999995,-54.815618547999975],[-36.13362493599993,-54.75570243599998],[-36.11313642699997,-54.77832594399996],[-36.13719013299993,-54.78288455999996],[-36.03640022099995,-54.81178367199993],[-36.08405500499998,-54.809318201999986],[-36.06813046399998,-54.82102784099993],[-35.99635118599997,-54.82602565999997],[-36.03053135499994,-54.841676620999976],[-35.939576055999964,-54.847787670999935],[-35.993096797999954,-54.84964821799997],[-35.96533398099996,-54.866259501999934],[-35.98173388199996,-54.882601586999954],[-36.029758895999976,-54.852179638999985],[-36.01345185899993,-54.88349408999994],[-36.04543204899994,-54.86482326899994],[-36.121489562999955,-54.887113297999974],[-36.11245773299993,-54.86078786699994],[-36.255839305999984,-54.80248759099993],[-36.254010680999954,-54.77575309499997],[-36.31231452999998,-54.747192079999934],[-36.33713780199997,-54.686331508999956],[-36.311052450999966,-54.663071367999976],[-36.49946947099994,-54.56892375499996],[-36.45815798599995,-54.53347596499998],[-36.51926337599997,-54.52006061299994],[-36.49157368699997,-54.51129962199997],[-36.64138954799995,-54.51795220399998],[-36.66424800899995,-54.49508338399994],[-36.644520590999946,-54.48031065799995],[-36.815375167999946,-54.46033295199993],[-36.76964083299998,-54.41673697099998],[-36.90275336499997,-54.37311741999997],[-36.850588915999936,-54.35667374999997],[-36.921232964999945,-54.338282607999986],[-37.01443770999998,-54.36065292899997],[-37.10739425099996,-54.32214313399999],[-37.084733866999954,-54.28288488199996],[-37.20407511999997,-54.266646108999964],[-37.22414590099993,-54.23049504499994],[-37.30305556899998,-54.27277754299996],[-37.41630995999998,-54.27492869499997],[-37.41813143099995,-54.25122720199994],[-37.29972805299997,-54.22924465699998],[-37.41582335399994,-54.18695795799994],[-37.22165026199997,-54.16709435499996],[-37.231415125999945,-54.14931488499997],[-37.55693346999993,-54.12350655399996],[-37.58133865999997,-54.15212265099996],[-37.54471643199997,-54.16984234399996],[-37.621594322999954,-54.18659113699994],[-37.72925364899993,-54.14953582199996],[-37.64295189699993,-54.11612971599993],[-37.73288017899995,-54.108706853999934],[-37.61322343899997,-54.04419029799993],[-37.806364575999964,-54.059733983999934],[-37.81752396199994,-54.03533870399997],[-37.90374769799996,-54.05837860599996],[-37.963524147999976,-54.03388762399993],[-37.99109499699995,-54.068282539999984],[-38.02218373599993,-54.06287652999998],[-37.99162512299995,-54.03168675399996],[-38.01527425599994,-54.01194636399998],[-37.78457342699994,-54.01822451899994],[-37.72678160099997,-53.97648161699993]]],[[[-57.77988113699996,-63.783431968999935],[-57.813122644999964,-63.827916296999945],[-57.76791223199996,-63.896258031999935],[-57.83496223199995,-63.91989154299995],[-57.80123509799995,-63.934982150999986],[-57.880834869999944,-63.974100885999974],[-57.81050097599996,-63.993767899999966],[-57.81684213699998,-64.04713216699997],[-57.86790259899993,-64.07537185799998],[-57.699080511999966,-64.07613886999997],[-57.685670663999986,-64.03894176299997],[-57.74692240199994,-64.02188615799997],[-57.45101967199997,-63.91415931399996],[-57.51646819999996,-63.94874046599995],[-57.47724764999998,-63.96472027699997],[-57.51944608599996,-63.989952640999945],[-57.48966624899998,-63.99874619999997],[-57.51229721899995,-64.02275623299994],[-57.36622602199998,-64.06549423299998],[-57.29444413899995,-64.04554747999998],[-57.292930755999976,-64.07255944699995],[-57.173404957999935,-64.07176894399998],[-57.137102856999945,-64.08610263199995],[-57.25385965899994,-64.15352780299997],[-57.086171010999976,-64.15485353099996],[-57.06661321299998,-64.17790941399994],[-57.16167315399997,-64.22047245999994],[-57.32654178399997,-64.24104365199997],[-57.31722956599998,-64.27832613499999],[-57.416275145999975,-64.28414575499994],[-57.29580943299993,-64.34351243499998],[-57.28312857999998,-64.35958163099997],[-57.31965853799994,-64.38371113399995],[-57.50717516799995,-64.37993663799995],[-57.55628104099998,-64.34377924299997],[-57.71490177299995,-64.39697350499995],[-57.73163241699996,-64.34098164199997],[-57.80006055299998,-64.31829280999995],[-57.82815298699995,-64.32335747399998],[-57.809664072999965,-64.38423347499997],[-57.828805055999965,-64.40865341899996],[-57.98281074899995,-64.45044121199999],[-58.04037211599996,-64.41869336699995],[-57.973375929999975,-64.36820709899996],[-58.01065887499993,-64.33479473099999],[-58.13978875099997,-64.39896251999994],[-58.15321705499997,-64.36953168699995],[-58.22829373099995,-64.38573520599994],[-58.22653986599994,-64.35416936999997],[-58.30936699399996,-64.31854350099997],[-58.03385791699998,-64.23758279699996],[-58.17970710999998,-64.21712138999993],[-58.187620728999946,-64.18691090699997],[-58.13671394399995,-64.13356495099998],[-58.04045395299994,-64.12477655699996],[-58.02054631799996,-64.07629263399997],[-58.25903947699999,-64.08414882299996],[-58.33384727799995,-64.14643196299994],[-58.45319446599996,-64.13171163399994],[-58.412929360999954,-64.10885939899998],[-58.45812271899996,-64.09180951699994],[-58.44962175999996,-64.06903654599995],[-58.40187280899994,-64.06569884599998],[-58.41516970699996,-64.03731179899995],[-58.36608357499995,-63.998493070999984],[-58.16315901199994,-63.97823982299997],[-58.32963193099994,-63.95552561499994],[-58.299004148999984,-63.90728191799997],[-58.237565064999956,-63.918028112999934],[-58.18455307399995,-63.88109620299997],[-58.14864623699998,-63.913988604999986],[-58.09591452899997,-63.90601103199998],[-58.11429468099993,-63.85825107399995],[-58.01843679799998,-63.83292667099994],[-57.96549214699996,-63.86282919699994],[-57.93628140599998,-63.84100592499993],[-57.96510979799996,-63.80615143699998],[-57.77988113699996,-63.783431968999935]]],[[[-63.364205065999954,-64.24204338799996],[-63.264815865999935,-64.28607536899995],[-63.17037567999995,-64.27456035999995],[-63.15184268699994,-64.30935384799994],[-63.196581606999985,-64.31166800999995],[-63.156165483999985,-64.32773126099994],[-63.21290965099996,-64.36214793199997],[-63.300081972999976,-64.36265858699994],[-63.32522120899995,-64.38460150799995],[-63.26037480699995,-64.38444775999994],[-63.366244663999964,-64.44034582399996],[-63.32205796699998,-64.44739502699997],[-63.17225038599997,-64.38675179499995],[-63.11471616899996,-64.39573267299994],[-63.24543279399995,-64.48238629199994],[-63.08964902599996,-64.45464776299997],[-63.214558773999954,-64.53673662499995],[-63.30182354699997,-64.55832351799995],[-63.28293959699994,-64.58050495199996],[-63.12464962599995,-64.58045416699997],[-63.133156665999934,-64.55930587599994],[-63.06213935799997,-64.54927150899994],[-63.020651602999976,-64.51244348799997],[-62.99704271199994,-64.51546017199996],[-63.016858974999934,-64.53750760099996],[-62.96926583599998,-64.54020553499998],[-62.903732454999954,-64.51012340299997],[-62.91813974799999,-64.52204214499994],[-62.87161263699994,-64.55994182299997],[-62.80825383999996,-64.56959511399998],[-62.98651186699993,-64.62205685599997],[-63.08686045699994,-64.62134268399996],[-63.076444788999936,-64.64876135799994],[-63.17728358499994,-64.64758864299995],[-63.18161701099996,-64.68051271999997],[-63.27609736399995,-64.70807714499995],[-63.343703646999984,-64.76846225599996],[-63.417966890999935,-64.76376679599997],[-63.41549997699997,-64.70442693599995],[-63.47162933699997,-64.69927110899994],[-63.49528183299998,-64.73015242699995],[-63.58227888499994,-64.74630849599998],[-63.50890183699994,-64.76107063999996],[-63.634807457999955,-64.80193672199994],[-63.70114377099998,-64.85699631699998],[-63.76817635899994,-64.82271203599998],[-63.74014558799996,-64.81655253199995],[-63.78403723599996,-64.80627925499994],[-63.76090352099993,-64.80320111199995],[-63.77989255799997,-64.78679978799994],[-64.06230509799997,-64.77853967599998],[-64.02805965199997,-64.77163019799997],[-64.13138229599997,-64.70646912799998],[-64.30317617299994,-64.70696705099994],[-64.27707577699994,-64.70529535899993],[-64.30025374099995,-64.68629665999998],[-64.23184871499996,-64.68327900799994],[-64.25316344699996,-64.65907234799994],[-64.19637045099995,-64.65194505899996],[-64.20369987399994,-64.59001196199995],[-64.02888284799997,-64.54274557899998],[-63.89611233699998,-64.53938588199998],[-63.85470143099997,-64.50886675999993],[-63.94077667399995,-64.45868756399994],[-63.80697118799998,-64.42732286199998],[-63.752292790999945,-64.45470453199994],[-63.66593884499997,-64.42256197199998],[-63.688295815999936,-64.40462206299998],[-63.63406867599997,-64.35575990799998],[-63.69296586099995,-64.34869206399998],[-63.67876907999994,-64.31800287199997],[-63.532268096999985,-64.31677356799997],[-63.579672880999965,-64.26691203099995],[-63.34651410099997,-64.25787236799994],[-63.364205065999954,-64.24204338799996]]],[[[-55.61982933499996,-63.12108206399995],[-55.48333264099995,-63.15153858699995],[-55.53533351899995,-63.17837634699998],[-55.468602646999955,-63.21086303399994],[-55.40884245899997,-63.20942641299996],[-55.40073432699995,-63.18113273499995],[-55.19503818099997,-63.21523927399994],[-55.15617322999998,-63.184697677999964],[-55.056216194999934,-63.23184121999998],[-55.04924226199995,-63.311817934999965],[-55.13560720099997,-63.35430842699998],[-55.29306427599994,-63.363255580999976],[-55.43286678299995,-63.327178163999974],[-55.54071867199997,-63.330930329999944],[-55.553002333999984,-63.35240499799994],[-55.785625712999945,-63.28782607499994],[-55.80381574299997,-63.292086740999935],[-55.76640135499997,-63.297851658999946],[-55.77096117599996,-63.324728935999985],[-55.80173847599997,-63.32827725399994],[-55.91088968699995,-63.292206490999945],[-55.93804596699994,-63.34480473399998],[-56.02212437999998,-63.33717550299997],[-56.01164538199998,-63.364417988999946],[-56.044332907999944,-63.38659801099993],[-56.26357318399994,-63.40557603999997],[-56.36296203399996,-63.44161048799998],[-56.44586900999997,-63.43288149899996],[-56.46282242399997,-63.39723316799996],[-56.55774348299997,-63.37259725399997],[-56.539063613999986,-63.33071964399994],[-56.43999634399995,-63.31839249899997],[-56.48920549699994,-63.298755375999974],[-56.412906272999976,-63.25216370299995],[-56.18092065999997,-63.17296697299997],[-55.86794810299995,-63.12464021599993],[-55.75730050899995,-63.15520337399994],[-55.61982933499996,-63.12108206399995]]],[[[-62.47240197599996,-69.14385884499995],[-62.32461211799995,-69.15438455799995],[-62.11565258199994,-69.21772658099997],[-62.02209529199996,-69.29053902399994],[-61.83506638599994,-69.36975282999998],[-61.83381427899997,-69.40171848199998],[-61.73446297999993,-69.49217492599996],[-61.78864477299999,-69.53469391799996],[-61.91730582799994,-69.54776529599997],[-61.881729716999985,-69.59688774199998],[-61.93757209199998,-69.63650179199993],[-61.92972645499998,-69.66515612299997],[-61.96865750499995,-69.68469571599996],[-61.975323172999936,-69.72347908699999],[-62.112839952999934,-69.73066699899994],[-62.136478661999945,-69.66757424099995],[-62.20307706199998,-69.61319540799997],[-62.172424036999985,-69.57167142299994],[-62.20465499399995,-69.50495441799995],[-62.33220317099995,-69.39984490599994],[-62.480256536999946,-69.33786404499995],[-62.554556196999954,-69.26254718699994],[-62.54996747499996,-69.21587838899995],[-62.57970776999997,-69.18920698699998],[-62.47240197599996,-69.14385884499995]]],[[[-57.685661212999946,-61.89261688499994],[-57.63458451199995,-61.93601168599997],[-57.69930499499998,-61.97085413299993],[-57.57669438099998,-62.02795525999994],[-57.88326502199993,-62.02632156599998],[-57.94069095799995,-62.088978174999966],[-58.185175165999965,-62.04364868299996],[-58.21892128099995,-62.060047965999956],[-58.16539323899997,-62.09609795799997],[-58.202463886999965,-62.11341747399996],[-58.12106511799993,-62.145611213999985],[-58.217645764999986,-62.15797802299994],[-58.22684500499997,-62.19069023299994],[-58.29543437199993,-62.18371624599996],[-58.328226567999934,-62.13454280399998],[-58.398263963999966,-62.123728006999954],[-58.285862806999944,-62.07329102299997],[-58.38631317499994,-62.064150636999955],[-58.40686753999995,-62.091634958999975],[-58.414764712999954,-62.05811360299998],[-58.44952533199995,-62.05498740199994],[-58.50982401199997,-62.089368159999935],[-58.46134406599998,-62.098776415999964],[-58.48168631999994,-62.13030343999998],[-58.63560146599997,-62.17828672899998],[-58.53226410399998,-62.18085381699996],[-58.48223914899995,-62.154235641999946],[-58.41935816899996,-62.21383853999998],[-58.61639596099997,-62.26330338699995],[-58.68130334299997,-62.246667800999944],[-58.64463177499994,-62.21931619099996],[-58.77664104199994,-62.23863102499996],[-58.79728648899999,-62.224333686999955],[-58.719473335999965,-62.20040162399994],[-58.803633452999975,-62.20949548999994],[-58.79293224199995,-62.16805554499996],[-58.83519313299996,-62.15720340599995],[-58.85509210299995,-62.185231002999956],[-58.957439534999935,-62.198829873999955],[-58.94735487299994,-62.23011272799994],[-59.03394395199996,-62.20973672699995],[-58.886368448999974,-62.11868986199994],[-58.69973252999995,-62.05771330999994],[-58.71024860199998,-62.01863410599998],[-58.59562670699995,-62.01676142699995],[-58.511858280999945,-61.985857221999936],[-58.528168490999974,-61.96828105499998],[-58.42032757099997,-61.95988794699997],[-58.44332521599995,-61.93079491799995],[-58.20821845199998,-61.965682708999964],[-57.990058541999986,-61.89785677499998],[-57.93867689199993,-61.943511428999955],[-57.813291669999956,-61.948114816999976],[-57.75432919199994,-61.911699459999966],[-57.685892115999934,-61.914376122999954],[-57.685661212999946,-61.89261688499994]]],[[[-62.38932996099999,-64.00748231999995],[-62.26708941099997,-64.03022626999996],[-62.286303904999954,-64.09534904899994],[-61.99134900699994,-64.14378035699997],[-62.21106801099995,-64.17656929999998],[-62.04653483799996,-64.21469524299994],[-62.20739084099995,-64.29257959799997],[-62.182850472999974,-64.31236479699999],[-62.21409314899995,-64.35213132599995],[-62.16939448699998,-64.36483512799998],[-62.34124831499997,-64.40165501699994],[-62.31447720299997,-64.41008321699996],[-62.32797823799996,-64.44329625799998],[-62.370396624999955,-64.43636990299996],[-62.389400457999955,-64.44880573399996],[-62.367302646999974,-64.45989937399997],[-62.41960259999996,-64.47969140499998],[-62.45905587599998,-64.46851822299993],[-62.45668501299997,-64.49688913599994],[-62.51371893099997,-64.47252280299995],[-62.48560897599998,-64.45730651999997],[-62.53956755699994,-64.45225745799996],[-62.57090922599997,-64.48883366899997],[-62.551959462999946,-64.49668561199996],[-62.60249819999996,-64.53031603199997],[-62.675053170999945,-64.49053407599996],[-62.785454983999955,-64.49453253999997],[-62.755616130999954,-64.48354987099998],[-62.76758806999999,-64.46693712399997],[-62.70092186299996,-64.46503149999995],[-62.70269601199993,-64.49014527399999],[-62.58607852899996,-64.45335775399997],[-62.648513873999946,-64.44470447199996],[-62.68593990199997,-64.40565982599998],[-62.600005582999984,-64.38114267199995],[-62.63016776099994,-64.36990571699994],[-62.58271235899997,-64.35666965599995],[-62.57599371499998,-64.31884655199997],[-62.52805481599995,-64.30724794699995],[-62.526644276999946,-64.25916586999995],[-62.48452385699994,-64.26137345999996],[-62.44812410299994,-64.21266038699997],[-62.539753306999955,-64.20872658199994],[-62.620859562999954,-64.12046781999999],[-62.48396014299993,-64.09925316699997],[-62.577810402999944,-64.03993162299997],[-62.38932996099999,-64.00748231999995]]],[[[-72.68463176899996,-69.40607127599998],[-72.37059254999997,-69.46232806799998],[-72.23805914099995,-69.56365343199997],[-72.27735342699998,-69.59351758399998],[-71.94440708999997,-69.67887161699997],[-72.01741297899997,-69.70758541899994],[-72.12340594199998,-69.70197174599997],[-72.15355954999995,-69.66423837499997],[-72.22723186899998,-69.65240298999998],[-72.51444446999994,-69.68989189399997],[-72.76061539399996,-69.65974084899995],[-72.84594172799996,-69.58014123399994],[-72.95076064499995,-69.54463754699998],[-72.98428510099995,-69.49435410199999],[-72.87463711899994,-69.43482395099994],[-72.68463176899996,-69.40607127599998]]],[[[-60.13655314199997,-62.451255886999945],[-60.06562919099997,-62.48464156299997],[-60.09159010199994,-62.504903903999946],[-60.00401370199995,-62.52552138999994],[-60.09977412699993,-62.554651201999945],[-60.086850725999966,-62.61114066799996],[-59.972319554999956,-62.636136061999935],[-59.802357591999964,-62.611507417999974],[-60.04884535599996,-62.70726952599995],[-60.31262197899997,-62.76402960899998],[-60.34284225599998,-62.757859887999984],[-60.331031354999936,-62.710621808999974],[-60.26974541499993,-62.68956177499996],[-60.31332934899996,-62.67686815999997],[-60.44015791399994,-62.71940591199996],[-60.418974393999974,-62.67427744999998],[-60.31863144699997,-62.62934281399998],[-60.350677288999975,-62.607550586999935],[-60.61479020699994,-62.65720957899998],[-60.60613253499997,-62.62911063599995],[-60.71787526199995,-62.60701489199994],[-60.772954667999954,-62.635385284999984],[-60.76166263099998,-62.65750831099996],[-60.861125870999956,-62.69338266099999],[-60.96708968699994,-62.66214985399995],[-61.179953542999954,-62.67240549999997],[-61.123485270999936,-62.62475027199997],[-61.22001427399994,-62.58904792299995],[-61.14035333099997,-62.57967493599995],[-61.00672925599997,-62.62828869499998],[-60.829277427999955,-62.58864922899994],[-60.80660241399994,-62.54769305499997],[-60.84650897199998,-62.53415465899997],[-60.78718173999994,-62.45738722799996],[-60.76798870399995,-62.489134073999935],[-60.706135813999936,-62.48646629399997],[-60.71585658599997,-62.52694200899998],[-60.68482425899998,-62.531867846999944],[-60.690090303999966,-62.55898889799994],[-60.61347009199994,-62.57708675499998],[-60.44829654999995,-62.57012611399995],[-60.43476800099995,-62.543508574999976],[-60.32647425699997,-62.565456137999945],[-60.21029674899995,-62.49988732899993],[-60.172360957999956,-62.50430655599996],[-60.13655314199997,-62.451255886999945]]],[[[-73.68267187699996,-70.64456255099998],[-73.56803908799998,-70.68071833499994],[-73.54209279399998,-70.72712922399995],[-73.71262267999998,-70.80569635699999],[-73.99999999999994,-70.87343840499994],[-73.99999999999994,-70.87289585199994],[-73.99999999999994,-70.55234751999996],[-73.68267187699996,-70.64456255099998]]],[[[-65.76439742899998,-65.51775810099997],[-65.69185329199996,-65.55326609999997],[-65.62835706899995,-65.52951847099996],[-65.67421249399996,-65.57184594099994],[-65.65363609499997,-65.60989009499997],[-65.67799110299995,-65.64254998599995],[-65.64706448199996,-65.66260972099997],[-65.91890293499995,-65.69526183399995],[-65.83810821699996,-65.73227233999995],[-65.85660783799995,-65.73813846199994],[-65.82389457299996,-65.80185078699998],[-65.85389963199998,-65.82770108999995],[-65.79443056999997,-65.84100495399997],[-66.18324432999998,-65.87199719499995],[-66.16938368499996,-65.84121014799996],[-66.20052801099996,-65.83232614099995],[-66.16182108299995,-65.77128245299997],[-66.09476953899997,-65.77732277999996],[-66.03311010699997,-65.73648908199993],[-66.10411026599996,-65.69697820399995],[-66.04013803499998,-65.67266011899994],[-66.07183269799998,-65.66213731999994],[-65.98464910299998,-65.65481513099996],[-65.99926124999996,-65.64218872699996],[-65.94904535099994,-65.59913306799996],[-65.99054795499995,-65.58367938899994],[-65.95277348499997,-65.56903691399998],[-65.96928066799995,-65.55123656399996],[-65.76439742899998,-65.51775810099997]]],[[[-60.734065879999946,-70.51045660799997],[-60.485302254999965,-70.52674838699994],[-60.431178143999944,-70.60207020899998],[-60.546715164999966,-70.67695995699995],[-60.80692228799995,-70.72260792499998],[-60.852797460999966,-70.71609167399998],[-60.88820804299996,-70.70610798499996],[-60.98474897899996,-70.61609966799995],[-60.94309449999997,-70.53747558199996],[-60.734065879999946,-70.51045660799997]]],[[[-67.25338904199998,-67.57440983299995],[-67.12048020299994,-67.63787925299994],[-67.24966631099994,-67.67882609799994],[-67.25896236399996,-67.71233760799998],[-67.31360955399998,-67.70502844899994],[-67.29334140799995,-67.73600048099996],[-67.43324016999998,-67.78587478899993],[-67.53374843399996,-67.79357472999993],[-67.73456913499996,-67.75137556499993],[-67.74218153699996,-67.72450217099998],[-67.65452480899995,-67.71251934999998],[-67.63484076999998,-67.67900001999993],[-67.65569755099995,-67.67248100499995],[-67.71852917699994,-67.70226256599994],[-67.78344413199994,-67.69539302699997],[-67.75292855999999,-67.66009305099993],[-67.57898384499998,-67.60352621699997],[-67.42950595399998,-67.58341537999996],[-67.39058736999993,-67.61490638899994],[-67.32648697299999,-67.61269121399994],[-67.25338904199998,-67.57440983299995]]],[[[-73.72750381499998,-73.08420576199995],[-73.62524769199996,-73.09368090399994],[-73.53780113199997,-73.13977734599996],[-73.62005007299996,-73.20537982699994],[-73.70688161099997,-73.21093191799997],[-73.70114574199994,-73.24496431699998],[-73.66975596699996,-73.24991687899995],[-73.76745191299995,-73.32276453799994],[-73.87379803399995,-73.33988507799995],[-73.88406078299994,-73.37418295699996],[-73.99999999999994,-73.37137045199995],[-73.99999999999994,-73.21712723099995],[-73.84581023399994,-73.19237180199997],[-73.89436730999995,-73.14871456599997],[-73.87930322399995,-73.11802224899998],[-73.72750381499998,-73.08420576199995]]],[[[-56.488474577999966,-62.97382632399996],[-56.30744076599996,-63.00850246299996],[-56.07983953399997,-63.006962672999975],[-56.030593231999944,-63.027758637999966],[-56.03063676299996,-63.057498211999985],[-56.31374833599995,-63.188138927999944],[-56.61917988499994,-63.05916813099998],[-56.626043762999984,-63.03630343799995],[-56.49548001199997,-62.99983604899995],[-56.488474577999966,-62.97382632399996]]],[[[-55.36424182899998,-61.05622624199998],[-54.98092402899994,-61.11511151399998],[-54.74603388999998,-61.09266302899994],[-54.64436049899996,-61.11618648999996],[-54.724143037999966,-61.119963204999976],[-54.68871363699998,-61.14229905399998],[-54.75792667099995,-61.15891922199995],[-55.09935663999994,-61.16638732699994],[-55.15667362499994,-61.19345488799996],[-55.133002062999935,-61.22439979999996],[-55.18888011399997,-61.245326631999944],[-55.19989481299996,-61.27863687299998],[-55.246267744999955,-61.27989815799998],[-55.381217223999954,-61.22086836899996],[-55.39802065899994,-61.17837990299995],[-55.346082843999966,-61.14587634199995],[-55.47477133999996,-61.12890408399994],[-55.45378594799996,-61.113381189999984],[-55.484159947999956,-61.10650446599993],[-55.36424182899998,-61.05622624199998]]],[[[-64.33357899999999,-54.732193999999936],[-64.21631899999994,-54.733859999999936],[-64.13850999999994,-54.770407999999975],[-64.14950399999998,-54.73033799999996],[-64.10944099999995,-54.73797899999994],[-64.10842999999994,-54.76433099999997],[-64.04727799999995,-54.73036499999995],[-64.04257799999993,-54.77813199999997],[-63.98987299999993,-54.73565899999994],[-63.87631299999998,-54.71680199999997],[-63.85483899999997,-54.73173299999996],[-63.87875199999996,-54.75522999999998],[-63.795887999999934,-54.72715199999993],[-63.845677999999964,-54.789196999999945],[-63.95340799999997,-54.81334799999996],[-63.954894999999965,-54.76682999999997],[-64.03657499999997,-54.80171799999994],[-64.06119799999993,-54.77973799999995],[-64.10985799999997,-54.833275999999955],[-64.12062499999996,-54.814359999999965],[-64.20057499999996,-54.828397999999936],[-64.22076399999997,-54.857677999999964],[-64.23467899999997,-54.78196299999996],[-64.26364699999993,-54.804539999999974],[-64.30613499999998,-54.788097999999934],[-64.33345099999997,-54.83002399999998],[-64.39442199999996,-54.82733499999995],[-64.41250599999995,-54.85874299999995],[-64.48460399999993,-54.87463799999995],[-64.48593599999998,-54.847654999999975],[-64.44434299999995,-54.838945999999964],[-64.46613899999994,-54.82343199999997],[-64.60614599999997,-54.910848999999985],[-64.70423899999997,-54.915461999999934],[-64.64387199999999,-54.889144999999985],[-64.68365699999998,-54.86107999999996],[-64.66438299999999,-54.85055099999994],[-64.73903599999994,-54.85916299999997],[-64.75656799999996,-54.83649099999997],[-64.73783699999996,-54.804510999999934],[-64.67501899999996,-54.800798999999984],[-64.68712599999998,-54.78058299999998],[-64.64789299999995,-54.776813999999945],[-64.58650299999994,-54.82080999999994],[-64.51141999999999,-54.79805799999997],[-64.54463699999997,-54.72524599999997],[-64.41243399999996,-54.78273399999995],[-64.42152399999998,-54.75489399999998],[-64.39139999999998,-54.749135999999964],[-64.36736699999994,-54.810906999999986],[-64.37574299999994,-54.75146799999993],[-64.34180199999997,-54.71466399999997],[-64.33357899999999,-54.732193999999936]]],[[[-45.70278618799995,-60.51121406599998],[-45.61586900799995,-60.55342503299994],[-45.43146013799998,-60.55256033499995],[-45.38061316499994,-60.58328829199996],[-45.39300513599994,-60.61574971599998],[-45.33515812799993,-60.640787510999985],[-45.32286716099998,-60.62147827699994],[-45.19952095999997,-60.63297181699994],[-45.227418943999965,-60.659680219999984],[-45.15562584799994,-60.67685905199994],[-45.18992278099995,-60.71412257199995],[-45.12713981199994,-60.75590495199998],[-45.394471857999974,-60.65280635299996],[-45.47770466399993,-60.667904318999945],[-45.48823473199997,-60.63389380999996],[-45.58280890899994,-60.663530409999964],[-45.609180984999966,-60.63102344299995],[-45.658770914999934,-60.62809324799997],[-45.65927717399995,-60.65708505499998],[-45.70733310799994,-60.65538365899994],[-45.79488556999996,-60.575109562999955],[-45.870821460999935,-60.59555667899997],[-45.895393730999956,-60.63612517299998],[-46.03099526099993,-60.62960029499993],[-45.99991181599995,-60.59220655799999],[-46.01695115399997,-60.58304134399998],[-45.95205958099996,-60.56386823799994],[-45.95375869099996,-60.52845130199995],[-45.823687777999965,-60.554833361999954],[-45.81334584899997,-60.52867103899996],[-45.761146795999935,-60.54126425599998],[-45.70278618799995,-60.51121406599998]]],[[[-55.97908269199996,-63.39750224299996],[-55.74005602699998,-63.43668068399995],[-55.72407298199994,-63.502572862999955],[-55.882145299999934,-63.53110704799997],[-55.949820486999954,-63.58614276299994],[-56.00707365499994,-63.58908927999994],[-56.03900361399997,-63.54499747999995],[-56.14596788899996,-63.53888420699997],[-56.25841371299998,-63.48236014399998],[-56.20513287199998,-63.469482684999946],[-56.19293395599993,-63.436277892999954],[-55.97908269199996,-63.39750224299996]]],[[[-71.74590056899996,-70.26316020499996],[-71.63807992599999,-70.30635374299999],[-71.47078685999998,-70.26577434399996],[-71.32037935899996,-70.29730458399996],[-71.44677943599999,-70.39972754699994],[-71.61303716799995,-70.45610758899994],[-71.73206709699997,-70.42728524299997],[-71.70379380899993,-70.42057224699994],[-71.82092681299997,-70.29356052599996],[-71.74590056899996,-70.26316020499996]]],[[[-56.92458820999997,-64.32856043499999],[-56.89158946599997,-64.33791853599996],[-56.96175662899998,-64.38484319399998],[-56.939276348999954,-64.42189876999998],[-57.03543474899993,-64.50001497399995],[-57.27969185799998,-64.56471476999997],[-57.450753205999945,-64.53410924299993],[-57.40159716499994,-64.48963996299995],[-57.42877789099998,-64.45831946399994],[-57.41252567899994,-64.44252930399995],[-57.24432809899997,-64.43948640599996],[-56.92458820999997,-64.32856043499999]]],[[[-60.58528424899998,-71.06944197599995],[-60.893875063999985,-71.01737254899996],[-60.95766296299996,-70.97487068099997],[-60.768640335999976,-70.91261109599998],[-60.615382258999944,-70.92056471699993],[-60.51209379799997,-70.98150425499995],[-60.543213407999986,-71.05404285399999],[-60.58528424899998,-71.06944197599995]]],[[[-57.33969470499994,-63.78537140599997],[-57.35739967699993,-63.81160618399997],[-57.212415205999946,-63.80145019899999],[-57.05213730999998,-63.83924246299995],[-57.220249217999935,-63.90201855699996],[-57.305741041999966,-63.86897476299998],[-57.34699472199998,-63.888795964999986],[-57.34432172999993,-63.93335800299997],[-57.34423467299996,-63.91027956399995],[-57.43191869499998,-63.874808489999964],[-57.62291341599996,-63.90866263099997],[-57.62579549999998,-63.85015595999994],[-57.706028953999976,-63.81914170399995],[-57.65955175099998,-63.79196965899996],[-57.60505241799996,-63.81169277799995],[-57.33969470499994,-63.78537140599997]]],[[[-67.39005212699993,-66.74370714799994],[-67.27382702399996,-66.77416799399998],[-67.29589999799998,-66.77954722699997],[-67.23707896099995,-66.80523600099997],[-67.26732112899998,-66.81527864399999],[-67.23843580299996,-66.84062167799993],[-67.40112793399999,-66.91155185299993],[-67.60145051399996,-66.88416743699997],[-67.54755949399998,-66.86730711599995],[-67.55166412599993,-66.83354257999997],[-67.49644035699998,-66.80744224699998],[-67.50710801199995,-66.76613161399996],[-67.39005212699993,-66.74370714799994]]],[[[-60.900075999999956,-51.762179999999944],[-60.86292099999997,-51.76423799999998],[-60.85680599999995,-51.78968699999996],[-60.897742999999934,-51.88353499999994],[-60.87185199999993,-51.89024299999994],[-60.91554299999996,-51.89632599999993],[-60.870348999999976,-51.91650999999996],[-60.97596299999998,-51.98421399999995],[-61.05703799999998,-51.96663499999994],[-61.03787799999998,-51.95820199999997],[-61.07382699999994,-51.94141199999996],[-61.03894399999996,-51.92563199999995],[-61.09851499999996,-51.93186599999996],[-61.10100799999998,-51.900986999999986],[-61.137516999999946,-51.90407399999998],[-61.133831999999984,-51.85961699999996],[-61.093740999999966,-51.84798399999994],[-61.16569599999997,-51.84708999999998],[-61.10200699999996,-51.80894999999998],[-61.11708299999998,-51.83695199999994],[-61.03863599999994,-51.84521599999994],[-61.06384499999996,-51.82559799999996],[-61.03372799999994,-51.81513499999994],[-61.03853499999997,-51.784677999999985],[-60.98014299999994,-51.77822699999996],[-60.98833899999994,-51.80541299999993],[-60.933779999999956,-51.813489999999945],[-61.051999999999964,-51.89012399999996],[-60.919175999999936,-51.831590999999946],[-60.90265499999998,-51.85596999999996],[-60.87569899999994,-51.80549999999994],[-60.911093999999935,-51.790043999999966],[-60.900075999999956,-51.762179999999944]]],[[[-66.61990447699998,-66.06074223499996],[-66.55392707999994,-66.08956523699999],[-66.63890531499999,-66.12644912699994],[-66.57600291199998,-66.17838377299995],[-66.60607928699994,-66.21120654499998],[-66.83799249199996,-66.32621142399995],[-66.91365849799996,-66.30538663599998],[-66.74471267699994,-66.23331421799998],[-66.77256334399993,-66.22417735099998],[-66.73243111999994,-66.20960585899996],[-66.74574549999994,-66.18197891599993],[-66.78226585099998,-66.17156021999995],[-66.75511999999998,-66.12882648299995],[-66.79755685299995,-66.11919164399995],[-66.74654974499998,-66.08789809499996],[-66.65711359299996,-66.09786550499996],[-66.61990447699998,-66.06074223499996]]],[[[-60.787183709999965,-63.66732070499995],[-60.71165065099996,-63.702703164999946],[-60.55748083299994,-63.702940586999944],[-60.665736342999935,-63.75224056099995],[-60.65336239599998,-63.78186290899998],[-60.70769057199993,-63.81565512599997],[-60.627514504999965,-63.860091455999964],[-60.734078032999946,-63.907694866999975],[-60.799667957999986,-63.892021022999984],[-60.80691442199998,-63.921546313999954],[-60.89192923099995,-63.908990475999985],[-60.858278052999935,-63.87910101299997],[-60.91416862799997,-63.849739357999965],[-60.76705692999997,-63.82344016999997],[-60.81173837599994,-63.78764783899999],[-60.80587514499996,-63.753095031999976],[-60.715474520999976,-63.75681358899993],[-60.67953921999998,-63.72708310199994],[-60.79257178199998,-63.72541432199995],[-60.77962422799993,-63.682906697999954],[-60.82059989199996,-63.67576439199996],[-60.787183709999965,-63.66732070499995]]],[[[-61.15190076599998,-69.98173039899996],[-61.32234009999996,-69.97474935699995],[-61.399611669999956,-69.94304696899997],[-61.40295470199993,-69.91070638799994],[-61.326295852999976,-69.85271577199995],[-61.20701255299997,-69.85107166999995],[-61.108399823999946,-69.94188446399994],[-61.15190076599998,-69.98173039899996]]],[[[-59.73342396099997,-65.10266731799999],[-59.62187971299994,-65.12070872799995],[-59.43748857299994,-65.23597476999998],[-59.54774701799994,-65.24744415299995],[-59.79132995799995,-65.17831901499994],[-59.84510493099998,-65.13086623699996],[-59.80656324499995,-65.10213458499999],[-59.73342396099997,-65.10266731799999]]],[[[-62.313616442999944,-62.87094535799997],[-62.44279505299994,-62.99189344599995],[-62.720431115999986,-63.09742927099995],[-62.543141909999974,-62.956425285999956],[-62.535548580999944,-62.91993884899995],[-62.313616442999944,-62.87094535799997]]],[[[-59.047624636999956,-62.23360934599998],[-58.97867031499993,-62.23803897899995],[-58.986445162999985,-62.27713386499994],[-58.87635728899994,-62.26430547599995],[-58.82907301399996,-62.30992270499996],[-59.04908363399994,-62.35479221799994],[-59.126532847999954,-62.35027969299995],[-59.11135839299993,-62.332254313999954],[-59.168110755999976,-62.328411811999956],[-59.14912205599995,-62.31731584999994],[-59.170942398999955,-62.30422386199996],[-59.24528507799994,-62.30360569499999],[-59.047624636999956,-62.23360934599998]]],[[[-60.919140658999936,-68.68613480999994],[-60.74743619999998,-68.70923085299995],[-60.67387315899998,-68.74626055199997],[-60.66358847599997,-68.78021021199999],[-60.76875452899998,-68.79918974899994],[-61.03132483099995,-68.71317228299995],[-60.919140658999936,-68.68613480999994]]],[[[-64.79117177299997,-67.58987593599994],[-64.56361195499994,-67.61963903899994],[-64.71476360699995,-67.68221138099995],[-64.85498586699998,-67.65610686199994],[-64.94113424699998,-67.69065315999995],[-64.95369954399996,-67.64829455299997],[-65.00798701799994,-67.61806209999997],[-64.79117177299997,-67.58987593599994]]],[[[-48.82220259799993,-77.77659117099995],[-49.279766129999985,-77.86407186399998],[-49.392563768999935,-77.84844098399998],[-49.19191977199995,-77.79002759299993],[-48.73973876699995,-77.74162679199998],[-48.82220259799993,-77.77659117099995]]],[[[-63.18287953799995,-64.70907319499997],[-63.14936164499994,-64.74767369099993],[-63.28252975699996,-64.79577682999997],[-63.27505417399993,-64.82212211499996],[-63.31842987299996,-64.86811658099998],[-63.41957840599997,-64.87813185899995],[-63.39957455799998,-64.89058562399998],[-63.43013390799996,-64.91177168899998],[-63.59925803799996,-64.91514606999993],[-63.42884587799995,-64.83628385499998],[-63.52033217899998,-64.81741451599999],[-63.42529223699995,-64.78479558699996],[-63.318728557999975,-64.79200890599998],[-63.18287953799995,-64.70907319499997]]],[[[-59.78317623799995,-62.443589171999974],[-59.72321436699997,-62.44523680899994],[-59.78646477399997,-62.48223695199994],[-59.73367358399997,-62.50815374899997],[-59.66924216899997,-62.498651131999964],[-59.65446449299998,-62.468101573999945],[-59.551193695999984,-62.50287883499993],[-59.60475163499996,-62.516427731999954],[-59.57857440399994,-62.54658092799997],[-59.719441219999965,-62.55743249699998],[-59.791274374999944,-62.53029619499995],[-59.74928712899998,-62.51854347699998],[-59.93579610599994,-62.50379067799997],[-60.033149529999946,-62.45210090899997],[-59.78317623799995,-62.443589171999974]]],[[[-62.210511862999965,-63.23093796899997],[-62.136244258999966,-63.27696193799994],[-62.04011845399998,-63.25267218699997],[-62.00582736499996,-63.26838959199995],[-62.00668062899996,-63.30011838499996],[-61.94515941499998,-63.31992006799999],[-62.012066156999936,-63.35422259999996],[-62.279907898999966,-63.35440867899996],[-62.23376339799995,-63.32730830299994],[-62.26012562699998,-63.30778713799998],[-62.23313826399993,-63.299472081999966],[-62.26474106399996,-63.29402536799995],[-62.23606893799996,-63.28830893999998],[-62.26861633799996,-63.27368610399998],[-62.21451352799994,-63.25878168599996],[-62.210511862999965,-63.23093796899997]]],[[[-59.62016436399995,-62.32760111799996],[-59.438674781999964,-62.37849291699996],[-59.37729407399996,-62.368262379999976],[-59.34358467399994,-62.40889007699997],[-59.380643179999936,-62.45016242599996],[-59.42527835499993,-62.43456613099994],[-59.508815321999975,-62.46344282999996],[-59.62332910799995,-62.41155801899998],[-59.60233530299996,-62.38207183999998],[-59.726066009999954,-62.37224731799995],[-59.68235906099994,-62.37519979899997],[-59.62016436399995,-62.32760111799996]]],[[[-67.09321052099995,-67.49919707299995],[-67.02845991199996,-67.53473069699999],[-66.93990680599995,-67.50747091299996],[-66.81164647299994,-67.52199083999994],[-66.95723640799997,-67.59170720199995],[-67.15682940899995,-67.59835657399998],[-67.17917827099996,-67.58941675899996],[-67.09877637999995,-67.55438584099994],[-67.21596673499994,-67.56211746799994],[-67.09321052099995,-67.49919707299995]]],[[[-61.331543447999934,-62.70323927199996],[-61.19643304599998,-62.729412012999944],[-61.25297182699995,-62.74735513199994],[-61.242441095999936,-62.77515631499995],[-61.41849814599993,-62.84201299299997],[-61.51611465199994,-62.81140947999995],[-61.495554969999944,-62.804055578999964],[-61.53385358199995,-62.775648417999946],[-61.39699198999995,-62.74608016899998],[-61.331543447999934,-62.70323927199996]]],[[[-54.00963112699998,-61.12787798199997],[-54.00032732699998,-61.15416723699997],[-54.064589774999945,-61.20377554299995],[-54.024129690999985,-61.22139892599995],[-54.05659244299994,-61.233390278999934],[-54.02968040899998,-61.255764247999934],[-54.05427286799994,-61.29303572499998],[-54.09156075399994,-61.31797612299994],[-54.22875797299997,-61.29445302899995],[-54.232543249999935,-61.26937952399999],[-54.14863148799998,-61.226611970999954],[-54.12950758499994,-61.18476538699997],[-54.00963112699998,-61.12787798199997]]],[[[-60.633599525999955,-62.892231942999956],[-60.532899026999985,-62.89800275199997],[-60.49616387699996,-62.96693559899995],[-60.56112895699994,-62.99284457999994],[-60.60218873399998,-62.93159777999995],[-60.69166862999998,-62.92776988099996],[-60.70754643499998,-62.980467604999944],[-60.552646342999935,-62.999366975999976],[-60.605671478999966,-63.021657421999976],[-60.67345995399995,-63.01532800599995],[-60.75018529099998,-62.966949978999935],[-60.73931789599993,-62.920919062999985],[-60.633599525999955,-62.892231942999956]]],[[[-26.357702995999944,-58.40389833699999],[-26.27527589899995,-58.42005053799994],[-26.256781382999975,-58.505361352999955],[-26.363970608999978,-58.50645902499997],[-26.480893822999974,-58.45875203899993],[-26.46914421499997,-58.41507802499996],[-26.357702995999944,-58.40389833699999]]],[[[-60.31520899999998,-51.267120999999975],[-60.18327899999997,-51.315362999999934],[-60.08569699999998,-51.30375099999998],[-60.061271999999974,-51.31631399999998],[-60.09529299999997,-51.32806999999997],[-60.04478799999998,-51.33800999999994],[-60.12714099999994,-51.39568899999995],[-60.10828499999997,-51.40444499999995],[-60.265240999999946,-51.41304699999995],[-60.31609499999996,-51.38921399999998],[-60.27505999999994,-51.397092999999984],[-60.284922999999935,-51.36939599999994],[-60.23469499999999,-51.337613999999974],[-60.17588999999998,-51.39652799999993],[-60.12111299999998,-51.36220999999995],[-60.28559199999995,-51.30431699999997],[-60.31520899999998,-51.267120999999975]]],[[[-59.76505099999997,-51.248039999999946],[-59.69612699999993,-51.27272799999997],[-59.60317299999997,-51.26130399999994],[-59.587703999999974,-51.31140099999993],[-59.49872399999998,-51.27398899999997],[-59.42338199999995,-51.33513999999997],[-59.479300999999964,-51.302670999999975],[-59.461423999999965,-51.351092999999935],[-59.58626499999997,-51.343775999999934],[-59.61949199999998,-51.305087999999955],[-59.83788099999998,-51.26435299999997],[-59.76505099999997,-51.248039999999946]]],[[[-56.62000841599996,-64.20972259599995],[-56.58679888299997,-64.24297932099995],[-56.70745888299996,-64.30766214799996],[-56.903473435999956,-64.32031374899998],[-56.800786985999935,-64.24193532399994],[-56.71473235399998,-64.25628741899993],[-56.62000841599996,-64.20972259599995]]],[[[-67.24191496099996,-67.78873398999997],[-67.15942574799993,-67.80585085699994],[-67.20560575299999,-67.82908592299998],[-67.12976150099996,-67.81280561999995],[-67.08771230399998,-67.83767693899995],[-67.27184970399998,-67.89664946599999],[-67.30272454499993,-67.86784795699998],[-67.23785406199994,-67.82855207999995],[-67.34671115399993,-67.82209881999995],[-67.24191496099996,-67.78873398999997]]],[[[-44.54205672099994,-60.66029622899998],[-44.53340815699994,-60.68935132599995],[-44.517639575999965,-60.67185097399994],[-44.40706217199994,-60.720483042999945],[-44.488376270999936,-60.70985646999998],[-44.59251683399998,-60.76028467599997],[-44.73087398399997,-60.73682001999998],[-44.70309000199995,-60.779606298999965],[-44.75101786299996,-60.781998115999954],[-44.75309917499993,-60.74747161199997],[-44.83079288399995,-60.74631858099997],[-44.84985862299993,-60.72038585699994],[-44.671580304999964,-60.72185954599996],[-44.70390928499995,-60.68544398499995],[-44.685942344999944,-60.671192205999944],[-44.59475842299997,-60.72197820499997],[-44.59125489499996,-60.68282832899996],[-44.537477561999935,-60.696328867999966],[-44.56020448299995,-60.66932262599994],[-44.54205672099994,-60.66029622899998]]],[[[-71.94447972699999,-73.18586952099997],[-71.80106163599999,-73.22026101199998],[-72.00718268899993,-73.23858356599999],[-72.09706827899998,-73.23099560099996],[-72.11318211199995,-73.20465462199996],[-71.94447972699999,-73.18586952099997]]],[[[-70.70403599799994,-70.23256723499998],[-70.64067148099997,-70.25229363199998],[-70.66748546699995,-70.28944027299997],[-70.63900921399994,-70.30596173099997],[-70.73185836499994,-70.34097855099998],[-70.77744198099998,-70.33079982999993],[-70.78117749399996,-70.26117987699996],[-70.70403599799994,-70.23256723499998]]],[[[-68.99283890699996,-72.39854616999997],[-68.86488671499995,-72.40926783899994],[-68.92871981299999,-72.43995213799997],[-69.14306755399997,-72.46274110299998],[-69.08077943499995,-72.44545819199993],[-69.05441408299998,-72.39279515599998],[-68.99283890699996,-72.39854616999997]]],[[[-67.63779174399997,-67.19630712299994],[-67.57974036899998,-67.21052984699998],[-67.66739388299999,-67.27183334799997],[-67.81548347099994,-67.27136970299995],[-67.63779174399997,-67.19630712299994]]],[[[-61.83969756799996,-64.00056790799994],[-61.93594036899998,-64.04233707199995],[-61.904042678999986,-64.05570241199996],[-61.958958475999964,-64.06157268299995],[-61.96417658399997,-64.09060353599995],[-62.07212096599994,-64.06618474899994],[-61.99690759899994,-64.02079397799997],[-62.03301696899996,-64.01684633699995],[-62.01407564699997,-64.00425545399997],[-61.83969756799996,-64.00056790799994]]],[[[-26.53798871899994,-58.96666398999997],[-26.43807422699996,-59.01872773599996],[-26.526637298999958,-59.06172062599995],[-26.63011671499993,-59.00793485599996],[-26.53798871899994,-58.96666398999997]]],[[[-56.55901610999996,-63.55385775399998],[-56.45324456499998,-63.564698232999945],[-56.56193441199997,-63.61868658999998],[-56.69159834599998,-63.611824009999964],[-56.689975456999946,-63.577277841999944],[-56.55901610999996,-63.55385775399998]]],[[[-60.18155350099994,-72.26109116799995],[-60.24571337399993,-72.23572615099994],[-60.25439159699994,-72.19277146799993],[-60.21033739099994,-72.17345690899998],[-60.12771520899997,-72.19857020199998],[-60.12489079399995,-72.24115254699996],[-60.18155350099994,-72.26109116799995]]],[[[-70.48362349099995,-72.23463616399994],[-70.42393345599999,-72.24243634299995],[-70.56516410899997,-72.27877409999996],[-70.66320313499995,-72.25555172899993],[-70.58873182699995,-72.22007521499995],[-70.48362349099995,-72.23463616399994]]],[[[-67.56299354299995,-67.04018275299995],[-67.53849521199999,-67.09757569499993],[-67.56753935399996,-67.12677305199998],[-67.61850327099995,-67.14584138099997],[-67.68334634799999,-67.12888678599995],[-67.63493884399998,-67.10391519899997],[-67.65972017099995,-67.08792209999996],[-67.64343836699999,-67.06794947999998],[-67.56299354299995,-67.04018275299995]]],[[[-61.71382029199998,-63.71121680799996],[-61.62538317199994,-63.730232625999975],[-61.611089730999936,-63.775667142999964],[-61.67799196999994,-63.81531972299996],[-61.69488891599997,-63.803159852999954],[-61.67222987499997,-63.79103884099999],[-61.76605033399994,-63.726759792999985],[-61.71382029199998,-63.71121680799996]]],[[[-57.42200248199998,-63.62719347099994],[-57.419247481999946,-63.660613170999966],[-57.45841819299994,-63.69267607099994],[-57.53811614299997,-63.68978964399997],[-57.53277027499996,-63.66422339099995],[-57.57879328699994,-63.64334693799998],[-57.42200248199998,-63.62719347099994]]],[[[-58.48413899999997,-51.98941999999994],[-58.40328199999993,-52.004550999999935],[-58.470173999999986,-52.02721799999995],[-58.42329399999994,-52.02626699999996],[-58.44223699999998,-52.05011099999996],[-58.41419099999996,-52.09765999999996],[-58.46265299999993,-52.09815499999996],[-58.44618699999995,-52.07542099999995],[-58.474433999999974,-52.084810999999945],[-58.553939999999955,-52.02802299999996],[-58.46979699999997,-52.00305199999997],[-58.48413899999997,-51.98941999999994]]],[[[-59.77798699999994,-52.148931999999945],[-59.768047999999965,-52.173937999999964],[-59.697450999999944,-52.16827699999993],[-59.69380899999999,-52.217719999999986],[-59.67015299999997,-52.22214799999995],[-59.74332999999996,-52.295420999999976],[-59.76213599999994,-52.26669599999997],[-59.74165499999998,-52.191340999999966],[-59.807844999999986,-52.17036899999994],[-59.77798699999994,-52.148931999999945]]],[[[-65.17824719999999,-67.80462635799995],[-65.07092536499994,-67.82648464199997],[-65.02155796699998,-67.79495388999999],[-64.98445152399995,-67.80474990599998],[-65.01712976499994,-67.81053541499995],[-65.01165352399994,-67.85409017199999],[-65.31114783999993,-67.82830063699998],[-65.28781378999997,-67.80444813599996],[-65.17824719999999,-67.80462635799995]]],[[[-65.30749436199994,-65.82849214199996],[-65.19904382399994,-65.85819833899996],[-65.19319920199996,-65.88245098999994],[-65.21896981899994,-65.90333509899995],[-65.29976438899996,-65.88976927899995],[-65.27476958399996,-65.87830345899994],[-65.33643275799994,-65.87081419499998],[-65.31584453399995,-65.86124438099995],[-65.34892244399998,-65.84063371899998],[-65.30749436199994,-65.82849214199996]]],[[[-63.05374993099997,-64.84375618199994],[-63.012273626999956,-64.84810879499997],[-63.02296413399995,-64.87266637999994],[-62.98519946399995,-64.85258703699998],[-62.92359561099994,-64.87996500499997],[-62.99665615799995,-64.89980027899998],[-63.12548829699995,-64.86960628499997],[-63.09563114699995,-64.85655089699998],[-63.116233904999945,-64.84354379099995],[-63.05374993099997,-64.84375618199994]]],[[[-56.61421078099994,-63.14731819499997],[-56.566021356999954,-63.161953015999984],[-56.59857879599997,-63.213181160999966],[-56.69753998599998,-63.207740926999975],[-56.70494917599996,-63.17889975799994],[-56.61421078099994,-63.14731819499997]]],[[[-60.917228818999945,-72.58993210399996],[-60.94533110599997,-72.57372672199995],[-60.91076890699998,-72.53204417399996],[-60.77670824699999,-72.56203568499996],[-60.917228818999945,-72.58993210399996]]],[[[-67.11571308899994,-66.31896922299995],[-67.01991650999997,-66.36520411099997],[-67.16088445999998,-66.39733407699998],[-67.11283702099996,-66.36573540399996],[-67.15327707699998,-66.34933895799998],[-67.14891738399996,-66.31915783199997],[-67.11571308899994,-66.31896922299995]]],[[[-26.496803263999936,-57.76199912599998],[-26.38424062799993,-57.80853168599998],[-26.534420809999972,-57.81929745899998],[-26.496803263999936,-57.76199912599998]]],[[[-67.07684549999993,-66.23643865999998],[-67.04504568199997,-66.24383944699997],[-67.06828281299994,-66.26230157099997],[-66.87907649799996,-66.25970233599998],[-67.02736848099994,-66.28849097999995],[-67.10598049999999,-66.26853945399995],[-67.07684549999993,-66.23643865999998]]],[[[-62.67074064199994,-64.66876057999997],[-62.632781025999975,-64.70743818499994],[-62.65557704499997,-64.74436698199997],[-62.716671608999945,-64.74752954599995],[-62.771422333999965,-64.71291118899995],[-62.67074064199994,-64.66876057999997]]],[[[-61.233806999999956,-51.79504099999997],[-61.19545999999997,-51.82109099999997],[-61.25337399999995,-51.831830999999966],[-61.229672999999934,-51.84297299999997],[-61.264520999999945,-51.86154399999998],[-61.204188999999985,-51.84993199999997],[-61.23333799999995,-51.87697499999996],[-61.349023999999986,-51.835301999999956],[-61.29761799999994,-51.83055299999995],[-61.306291999999985,-51.80014199999994],[-61.261532999999986,-51.830817999999965],[-61.233806999999956,-51.79504099999997]]],[[[-59.95536199999998,-51.282164999999964],[-59.89968299999998,-51.31238799999994],[-59.95000799999997,-51.31758499999995],[-59.92877499999997,-51.355910999999935],[-60.04523299999994,-51.30550899999997],[-59.95536199999998,-51.282164999999964]]],[[[-62.05665452299996,-64.53538683299996],[-62.01346375299994,-64.55678994999994],[-62.06484854499996,-64.58822931499998],[-62.04517417899996,-64.60505115499996],[-62.11041782399997,-64.62423676499998],[-62.14038049099997,-64.60234776099998],[-62.120925211999975,-64.59383197599993],[-62.152444539999976,-64.57873489799994],[-62.05665452299996,-64.53538683299996]]],[[[-61.713289756999984,-64.09248751699994],[-61.716184443999964,-64.11569290799997],[-61.673307457999954,-64.11347167899999],[-61.66070045099997,-64.17148846999999],[-61.76223901499998,-64.15257093399998],[-61.713289756999984,-64.09248751699994]]],[[[-66.91817172999998,-67.85055106799996],[-66.87048893599996,-67.87521941999995],[-67.05387064199994,-67.87687705499997],[-66.91817172999998,-67.85055106799996]]],[[[-67.00345652799996,-72.20666533699995],[-66.96815307699995,-72.21265159499995],[-67.02666012999998,-72.25194887299995],[-67.12411933399994,-72.21815045499994],[-67.00345652799996,-72.20666533699995]]],[[[-67.20635140999997,-68.12858413299995],[-67.13717464899997,-68.14016605999996],[-67.23074608499996,-68.17689520799996],[-67.27372306499996,-68.15262701599994],[-67.20635140999997,-68.12858413299995]]],[[[-67.60925231799996,-67.30783623999997],[-67.66084222999996,-67.35333234799998],[-67.74990891099998,-67.36140727799994],[-67.72370779999994,-67.32677581899998],[-67.60925231799996,-67.30783623999997]]],[[[-27.21471493699994,-56.68293888299996],[-27.131547572999978,-56.71170220299996],[-27.253805168999975,-56.72313246699997],[-27.21471493699994,-56.68293888299996]]],[[[-65.57834141199999,-65.45836628399996],[-65.58398575799998,-65.48158033899995],[-65.52501449599998,-65.47386694599999],[-65.59408002199996,-65.50552938799996],[-65.72073404799994,-65.50237233799999],[-65.57834141199999,-65.45836628399996]]],[[[-45.07348604699996,-60.62609043699996],[-45.00392076099996,-60.703914474999976],[-45.021663957999976,-60.73793555199995],[-45.08162417799997,-60.69218554699995],[-45.07348604699996,-60.62609043699996]]],[[[-59.84244807299996,-63.54225327399996],[-59.77010219199997,-63.585498634999965],[-59.83544028399996,-63.60743231399994],[-59.87681564799993,-63.59056163399998],[-59.84244807299996,-63.54225327399996]]],[[[-62.978927158999966,-64.79522202099997],[-62.85123134899993,-64.80903285299996],[-62.89806032299998,-64.83114973799997],[-63.02777909499997,-64.81243938699998],[-62.978927158999966,-64.79522202099997]]],[[[-59.68301399999996,-52.30137499999995],[-59.753769999999975,-52.34856599999995],[-59.735615999999936,-52.35957499999995],[-59.76002999999997,-52.38326799999999],[-59.81646299999994,-52.36140999999998],[-59.76364799999993,-52.34378099999998],[-59.751139999999964,-52.30872499999998],[-59.68301399999996,-52.30137499999995]]],[[[-65.89445560099995,-65.87422155699994],[-65.90322429299994,-65.91131694099994],[-66.04013007399993,-65.92323044599993],[-65.89445560099995,-65.87422155699994]]],[[[-71.72869303199997,-73.17725772499995],[-71.64502158299996,-73.21151425899996],[-71.80706579599996,-73.18621541899995],[-71.72869303199997,-73.17725772499995]]],[[[-61.55536012299996,-64.34761387399993],[-61.48610285299998,-64.38623109299994],[-61.57141711899993,-64.39802673399998],[-61.62603512199996,-64.36095232299994],[-61.55536012299996,-64.34761387399993]]],[[[-67.01169133499997,-67.64606439699998],[-67.05166782999999,-67.68785920399995],[-67.17642013799997,-67.72832627199995],[-67.01169133499997,-67.64606439699998]]],[[[-55.64743115299996,-61.463031780999984],[-55.44609404499994,-61.49315145099996],[-55.70075282399995,-61.47456592799995],[-55.64743115299996,-61.463031780999984]]],[[[-67.51071899999994,-54.87733099999997],[-67.40792099999999,-54.90003599999994],[-67.53613999999993,-54.90192399999995],[-67.54032899999999,-54.879790999999955],[-67.51071899999994,-54.87733099999997]]],[[[-60.201312737999956,-65.07706671099999],[-60.24818671899993,-65.09005630199994],[-60.31419501099998,-65.05528202799997],[-60.201312737999956,-65.07706671099999]]],[[[-27.20138707899997,-59.42144212699998],[-27.130580177999946,-59.44458481799995],[-27.247741017999942,-59.451286626999945],[-27.20138707899997,-59.42144212699998]]],[[[-45.62511668199994,-60.67187932099995],[-45.581241474999956,-60.73215320299994],[-45.67565732099996,-60.72389742299998],[-45.62511668199994,-60.67187932099995]]],[[[-63.57442665299993,-64.83292910099993],[-63.47196640899995,-64.83625753299998],[-63.56690567199996,-64.87884099999997],[-63.59833381399994,-64.87867247999998],[-63.55202439399994,-64.86295479099994],[-63.62882818799994,-64.86631486599998],[-63.57442665299993,-64.83292910099993]]],[[[-58.82528599999995,-52.15568399999995],[-58.85033899999996,-52.17048699999998],[-58.83544899999998,-52.21069799999998],[-59.004485999999986,-52.24724699999996],[-58.99015499999996,-52.22272499999997],[-58.85657999999995,-52.21419599999996],[-58.86318199999994,-52.17745199999996],[-58.82617799999997,-52.13307899999995],[-58.82528599999995,-52.15568399999995]]],[[[-60.19378980099998,-66.90425939199997],[-60.22083910199996,-66.89606351599997],[-60.17001324299997,-66.85943251699996],[-60.081381405999934,-66.84676315799999],[-60.19378980099998,-66.90425939199997]]],[[[-61.259702999999945,-51.67673099999996],[-61.21084899999994,-51.70180099999993],[-61.29347399999995,-51.70645399999995],[-61.304674999999975,-51.73978599999998],[-61.27519399999994,-51.74534199999994],[-61.296366999999975,-51.76415199999997],[-61.33299299999999,-51.69234499999993],[-61.259702999999945,-51.67673099999996]]],[[[-73.72960773799997,-73.36910964599997],[-73.78810294699997,-73.40102160599997],[-73.83448674599998,-73.39090973999998],[-73.78171165499998,-73.35239778399995],[-73.72960773799997,-73.36910964599997]]],[[[-71.21673810599998,-73.05078166399994],[-71.19410625599994,-73.07295369399998],[-71.31559755099994,-73.06956155699999],[-71.21673810599998,-73.05078166399994]]],[[[-57.554310476999945,-64.42866029699996],[-57.59177616599993,-64.46299370999998],[-57.655204132999984,-64.45102818699996],[-57.554310476999945,-64.42866029699996]]],[[[-27.34359422299997,-59.41231214199996],[-27.32236331699994,-59.415409833999945],[-27.344651768999938,-59.44215505599993],[-27.29863049399995,-59.45930319099995],[-27.418744661999938,-59.442334082999935],[-27.34359422299997,-59.41231214199996]]],[[[-60.07589905599997,-65.00949125299996],[-60.01342627699995,-65.02857398999998],[-60.081173227999955,-65.04641036399994],[-60.09748158399998,-65.02213468499997],[-60.07589905599997,-65.00949125299996]]],[[[-59.75043299999999,-51.32015899999993],[-59.66032199999995,-51.37060999999994],[-59.831894999999975,-51.35939599999995],[-59.74963999999994,-51.348243999999966],[-59.78159499999998,-51.32223799999997],[-59.75043299999999,-51.32015899999993]]],[[[-61.82280856899996,-63.95719062899997],[-61.786679591999984,-63.96888440899994],[-61.83342357299995,-63.99920389499994],[-61.95972304299994,-63.99258166799996],[-61.83474951199997,-63.98259946799993],[-61.82280856899996,-63.95719062899997]]],[[[-60.59680499999996,-51.24740499999996],[-60.509622999999976,-51.30570099999994],[-60.584859999999935,-51.28971599999994],[-60.59680499999996,-51.24740499999996]]],[[[-65.77189021599997,-65.94430253499996],[-65.73120748999997,-65.98775939299998],[-65.80831905099996,-66.00098009199996],[-65.76255245799996,-65.96448226099994],[-65.77189021599997,-65.94430253499996]]],[[[-71.09645740799994,-70.92397199199996],[-71.03424581099995,-70.93879315999999],[-71.09629087099995,-70.95926746099997],[-71.13801982799998,-70.92508649999996],[-71.09645740799994,-70.92397199199996]]],[[[-58.67752079899998,-63.288361219999956],[-58.65199993599998,-63.32823888399997],[-58.75340403699994,-63.308427338999934],[-58.67752079899998,-63.288361219999956]]],[[[-67.20101921699995,-66.36911546599998],[-67.17260405999997,-66.38461818299999],[-67.27556037599999,-66.41032737899997],[-67.20101921699995,-66.36911546599998]]],[[[-63.94006950199997,-65.04413600799995],[-64.01181678499995,-65.11157634299997],[-64.01434331999997,-65.07333096699995],[-64.04985136299996,-65.06734421099998],[-63.94006950199997,-65.04413600799995]]],[[[-60.870788999999945,-51.96789099999995],[-60.85197999999997,-52.01377599999995],[-60.95074999999997,-51.996302999999955],[-60.870788999999945,-51.96789099999995]]],[[[-57.51623048299996,-63.69540177299996],[-57.48922135599997,-63.71410644699995],[-57.59508332799999,-63.71703298399996],[-57.51623048299996,-63.69540177299996]]],[[[-64.42012754799998,-65.52161494899997],[-64.31105861299994,-65.55292171099995],[-64.40021618599997,-65.55796250399999],[-64.42012754799998,-65.52161494899997]]],[[[-71.20654353399993,-70.85237840699995],[-71.16419283099998,-70.86055767699997],[-71.30947302699997,-70.87107745099996],[-71.20654353399993,-70.85237840699995]]],[[[-71.12798918999994,-72.98646668299995],[-71.09665402999997,-72.99573248099995],[-71.23926605199995,-72.99063412799995],[-71.12798918999994,-72.98646668299995]]],[[[-64.53339298499998,-65.60236807799998],[-64.49481410799996,-65.64721794199994],[-64.53503570399994,-65.65881402199994],[-64.57485205599994,-65.62161068399996],[-64.53339298499998,-65.60236807799998]]],[[[-61.12468999999999,-51.022243999999944],[-61.047090999999966,-51.08213099999995],[-61.12692599999997,-51.07235399999996],[-61.12468999999999,-51.022243999999944]]],[[[-60.09109947699994,-65.10409884499995],[-60.00236248699997,-65.10835106499997],[-60.04714698799995,-65.12441743299996],[-60.13018638099999,-65.09419677799997],[-60.09109947699994,-65.10409884499995]]],[[[-62.00171312799995,-64.23571746999994],[-62.03656182499998,-64.27597388699996],[-62.10141319599995,-64.28350550799996],[-62.00171312799995,-64.23571746999994]]],[[[-56.69100058899994,-63.52739357699994],[-56.64804302899995,-63.551836349999974],[-56.72852845099993,-63.54693888799994],[-56.69100058899994,-63.52739357699994]]],[[[-61.29517885699994,-62.613578959999984],[-61.18862151199994,-62.63295890499995],[-61.290518919999954,-62.64317883399997],[-61.29517885699994,-62.613578959999984]]],[[[-37.094512693999945,-54.47381330699994],[-37.02324478699995,-54.49892927899998],[-37.09968164399993,-54.513862304999975],[-37.07848962699995,-54.49961621199998],[-37.12548774099997,-54.48185273299998],[-37.094512693999945,-54.47381330699994]]],[[[-66.92137235999996,-67.79374377999994],[-66.90069153699994,-67.80051789899994],[-66.96410099599996,-67.83137456199995],[-67.00193071699994,-67.81675798499998],[-66.92137235999996,-67.79374377999994]]],[[[-59.55658799999998,-51.78119499999997],[-59.55915799999997,-51.806131999999934],[-59.63044499999995,-51.797586999999965],[-59.53586399999995,-51.75671099999994],[-59.55658799999998,-51.78119499999997]]],[[[-60.73108199999996,-51.326059999999984],[-60.66373599999997,-51.35241499999995],[-60.70697699999994,-51.380412999999976],[-60.73108199999996,-51.326059999999984]]],[[[-59.549795625999934,-65.11135171499996],[-59.579532221999955,-65.10861008199998],[-59.575668303999976,-65.07909686499994],[-59.51171826099994,-65.09627894099998],[-59.549795625999934,-65.11135171499996]]],[[[-68.49060586099995,-69.19505184699995],[-68.45646873399994,-69.20409575399998],[-68.46539413799997,-69.23161012299994],[-68.54796714999998,-69.20147354399995],[-68.49060586099995,-69.19505184699995]]],[[[-59.985858692999955,-65.15306484399997],[-59.91546830499993,-65.16902156999998],[-60.02906759699994,-65.15167707799998],[-59.985858692999955,-65.15306484399997]]],[[[-63.67021037099994,-66.51667801399998],[-63.635775766999984,-66.53865433999994],[-63.71222952599999,-66.52348801899996],[-63.67021037099994,-66.51667801399998]]],[[[-71.14842555799999,-70.93726931199996],[-71.10834500699997,-70.95750198399998],[-71.19612774199999,-70.96456867999996],[-71.14842555799999,-70.93726931199996]]],[[[-72.77278487599995,-71.33889083799994],[-72.71684081799998,-71.34715848399998],[-72.81668958399996,-71.34847855599998],[-72.77278487599995,-71.33889083799994]]],[[[-65.22428133599993,-65.64398002199994],[-65.15859587399996,-65.68064245299996],[-65.23945909999998,-65.68300446599994],[-65.22428133599993,-65.64398002199994]]],[[[-62.84959176999996,-64.39235800099993],[-62.79626158199994,-64.39500122699997],[-62.91437656099998,-64.41092408399999],[-62.84959176999996,-64.39235800099993]]],[[[-59.69193299999995,-51.935941999999955],[-59.70135399999998,-51.95981699999999],[-59.66647599999993,-51.97326099999998],[-59.69766299999998,-51.99184199999996],[-59.72436099999999,-51.97504299999997],[-59.69193299999995,-51.935941999999955]]],[[[-68.30807927099994,-69.22714385499995],[-68.25888665099995,-69.25072590699995],[-68.33472269799995,-69.24179279999998],[-68.30807927099994,-69.22714385499995]]],[[[-27.57743635099996,-56.27954396599995],[-27.543488456999967,-56.30188623099997],[-27.59122646999998,-56.31551864199997],[-27.607828235999932,-56.28975463299997],[-27.57743635099996,-56.27954396599995]]],[[[-59.66410999999994,-52.35605899999996],[-59.64698699999997,-52.36892599999993],[-59.69863699999996,-52.396623999999974],[-59.74442299999998,-52.38339899999994],[-59.66410999999994,-52.35605899999996]]],[[[-66.83432925099999,-67.20686428399995],[-66.81448663999998,-67.23386924299996],[-66.88890020299993,-67.23828842299997],[-66.83432925099999,-67.20686428399995]]],[[[-26.742985027999964,-57.07313010499996],[-26.685678415999973,-57.107001399999945],[-26.724712930999942,-57.11146293699994],[-26.742985027999964,-57.07313010499996]]],[[[-57.36412592199997,-63.60364220399998],[-57.286708988999976,-63.64582410699995],[-57.33275541199998,-63.61372450699997],[-57.404809814999965,-63.61445338599998],[-57.36412592199997,-63.60364220399998]]],[[[-61.400702027999955,-63.911190689999955],[-61.431891055999984,-63.95361487499997],[-61.49700180699995,-63.94724370499995],[-61.400702027999955,-63.911190689999955]]],[[[-67.16476651899995,-66.23983406199994],[-67.13092493799996,-66.27140926199996],[-67.19488146999998,-66.27279917099997],[-67.16476651899995,-66.23983406199994]]],[[[-59.07625799999994,-52.42117299999995],[-59.03643499999998,-52.432132999999965],[-59.152544999999975,-52.437573999999984],[-59.07625799999994,-52.42117299999995]]],[[[-72.50040348499994,-71.02312259599995],[-72.45935209299995,-71.04903728399995],[-72.54260744599998,-71.02911456199996],[-72.50040348499994,-71.02312259599995]]],[[[-60.74422298999997,-64.92471190899994],[-60.70743984999996,-64.93306282099996],[-60.82328355699997,-64.94545128199996],[-60.74422298999997,-64.92471190899994]]],[[[-66.97501882599994,-66.89300388399994],[-66.93482832099994,-66.91947796899996],[-67.00425494999996,-66.91581873399997],[-66.97501882599994,-66.89300388399994]]],[[[-65.45885125699994,-65.42597791299994],[-65.44120080099998,-65.43111711699999],[-65.46408278799998,-65.44801010099997],[-65.42437054199996,-65.45895524599996],[-65.50591311499994,-65.45977646899996],[-65.45885125699994,-65.42597791299994]]],[[[-66.68384345399994,-66.87349194799998],[-66.64291822699994,-66.88380708999995],[-66.72340261799997,-66.88599658499999],[-66.68384345399994,-66.87349194799998]]],[[[-61.25717999999995,-51.01072099999993],[-61.164953999999966,-51.055687999999975],[-61.25717999999995,-51.01072099999993]]],[[[-59.717915999999946,-51.389115999999945],[-59.68400699999995,-51.407910999999956],[-59.724778999999955,-51.42205499999994],[-59.74006799999995,-51.40665599999994],[-59.717915999999946,-51.389115999999945]]],[[[-71.60260656899999,-73.21351559599998],[-71.56801519299995,-73.23378535899997],[-71.65307423399997,-73.22347673699994],[-71.60260656899999,-73.21351559599998]]],[[[-61.01152974399997,-64.17740275399996],[-60.98301267499994,-64.19845259699997],[-61.05744580099997,-64.19228409199997],[-61.01152974399997,-64.17740275399996]]],[[[-68.36114467599998,-67.72074660099997],[-68.34340407999997,-67.73087794899993],[-68.42203399799996,-67.73706075699994],[-68.36114467599998,-67.72074660099997]]],[[[-64.07024427599998,-65.10769355699995],[-64.11015564899998,-65.15344314199996],[-64.13268138399997,-65.13257381999995],[-64.07024427599998,-65.10769355699995]]],[[[-65.15358921299998,-65.69508299299997],[-65.07867829999998,-65.72268399699993],[-65.14925319299994,-65.72979696499993],[-65.13235302899994,-65.71002295699998],[-65.15358921299998,-65.69508299299997]]],[[[-67.79801790199997,-66.95480698899996],[-67.70638218499994,-66.96419666699995],[-67.73797534599998,-66.98090346799995],[-67.79801790199997,-66.95480698899996]]],[[[-60.700170999999955,-51.603741999999954],[-60.65678899999995,-51.65916199999998],[-60.68279299999995,-51.676223999999934],[-60.700170999999955,-51.603741999999954]]],[[[-60.80888699999997,-51.56746799999996],[-60.73124799999994,-51.58683899999994],[-60.80888699999997,-51.56746799999996]]],[[[-60.307181250999975,-65.03031962099993],[-60.336529207999945,-65.01577500799993],[-60.290810067999985,-65.00872765499997],[-60.307181250999975,-65.03031962099993]]],[[[-60.391569740999955,-65.07357383099998],[-60.43128788599995,-65.06873097999994],[-60.391569740999955,-65.07357383099998]]],[[[-62.04784089499998,-64.62410906199995],[-62.026484911999944,-64.62493876899998],[-62.046151090999956,-64.64579089999995],[-62.02865440399995,-64.66293327899996],[-62.07756235299996,-64.64417214399998],[-62.04784089499998,-64.62410906199995]]],[[[-64.88565369899999,-65.87511567699994],[-64.83734023099998,-65.89959648599995],[-64.91559721499993,-65.88935453399995],[-64.88565369899999,-65.87511567699994]]],[[[-68.42684609099996,-69.14617623499998],[-68.50384399399996,-69.15455851499996],[-68.42684609099996,-69.14617623499998]]],[[[-67.02207715099996,-68.19565470999999],[-66.99378616599995,-68.20513873799996],[-67.06764793299993,-68.20483325099997],[-67.02207715099996,-68.19565470999999]]],[[[-65.74269079199996,-66.11432173099996],[-65.68080330799995,-66.12543470899993],[-65.75264852299995,-66.13227910399996],[-65.74269079199996,-66.11432173099996]]],[[[-59.72825299999994,-52.090539999999976],[-59.74908999999997,-52.079038999999966],[-59.718155999999965,-52.04440499999998],[-59.72825299999994,-52.090539999999976]]],[[[-65.91775579799997,-66.37434403199995],[-65.90335889499994,-66.38835839199999],[-65.93537368399996,-66.40411558799997],[-65.97731257799995,-66.38908211699999],[-65.91775579799997,-66.37434403199995]]],[[[-65.52060361399998,-65.47735220999994],[-65.47652466999995,-65.48516428799996],[-65.56137641099997,-65.49205071899996],[-65.52060361399998,-65.47735220999994]]],[[[-59.64569799999998,-51.36866699999996],[-59.590134999999975,-51.371602999999936],[-59.66835099999997,-51.384709999999984],[-59.64569799999998,-51.36866699999996]]],[[[-55.936447628999986,-61.45255084399997],[-55.87154088899996,-61.47193016099993],[-55.92607629499997,-61.47786988799999],[-55.936447628999986,-61.45255084399997]]],[[[-72.31077388399996,-69.68400218399995],[-72.29006150999999,-69.69603606199996],[-72.36894607299996,-69.68587656799997],[-72.31077388399996,-69.68400218399995]]],[[[-57.703430895999986,-63.664119133999975],[-57.67940230499994,-63.679400674999954],[-57.73692061099996,-63.674291995999965],[-57.703430895999986,-63.664119133999975]]],[[[-62.93771911799996,-64.31418955599997],[-62.91018650199999,-64.32492054999994],[-62.94543582899996,-64.34767259599994],[-62.93771911799996,-64.31418955599997]]],[[[-59.70564099999996,-51.33294799999993],[-59.63393999999994,-51.34830899999997],[-59.70564099999996,-51.33294799999993]]],[[[-67.18338506099997,-71.80733409999993],[-67.21188980499994,-71.80473851699998],[-67.20772282199994,-71.78222464099997],[-67.16918165799996,-71.79160419499993],[-67.18338506099997,-71.80733409999993]]],[[[-58.16638899399999,-63.754120985999975],[-58.25631385699995,-63.78801067399996],[-58.16638899399999,-63.754120985999975]]],[[[-70.64679659899997,-72.29406905399998],[-70.66648072499999,-72.27786782899994],[-70.60206140199995,-72.28271336599994],[-70.64679659899997,-72.29406905399998]]],[[[-62.305028909999976,-64.58776918499996],[-62.297160453999936,-64.61409764099994],[-62.33227772399994,-64.61384784099994],[-62.305028909999976,-64.58776918499996]]],[[[-62.91955486399996,-64.29699964699995],[-62.87868650599995,-64.31253552999993],[-62.94541117099993,-64.30466683199995],[-62.91955486399996,-64.29699964699995]]],[[[-61.16966599999995,-51.87545199999994],[-61.215851999999984,-51.91085799999996],[-61.16966599999995,-51.87545199999994]]],[[[-56.835720024999944,-64.21234748399996],[-56.85846876199997,-64.19723692899998],[-56.82985879399996,-64.19169875799997],[-56.835720024999944,-64.21234748399996]]],[[[-60.50174899999996,-51.82614599999994],[-60.47092199999997,-51.85166399999997],[-60.495536999999956,-51.85793399999994],[-60.50174899999996,-51.82614599999994]]],[[[-73.44170402399999,-73.28883658299998],[-73.39381700999996,-73.29504146599999],[-73.46956947099994,-73.27514627999994],[-73.44170402399999,-73.28883658299998]]],[[[-57.60887026399996,-63.66225763699998],[-57.651032026999985,-63.67241691799995],[-57.60887026399996,-63.66225763699998]]],[[[-59.88951999999995,-51.23758899999996],[-59.84028699999993,-51.26177899999993],[-59.88951999999995,-51.23758899999996]]],[[[-65.66282432599996,-65.96718118899997],[-65.65546058199993,-65.98857582699998],[-65.68495318499998,-65.99506007199994],[-65.66282432599996,-65.96718118899997]]],[[[-65.51598156099993,-65.41879663099996],[-65.52135351599998,-65.44828248199997],[-65.56702335099993,-65.44480280199997],[-65.51598156099993,-65.41879663099996]]],[[[-62.12604753499994,-64.32823116599997],[-62.10311940499997,-64.33320326199998],[-62.16277481099996,-64.33731794599998],[-62.12604753499994,-64.32823116599997]]],[[[-70.67643408199996,-70.20090130899996],[-70.70053795899997,-70.22978733299993],[-70.67643408199996,-70.20090130899996]]],[[[-60.36873441199998,-62.44323866599996],[-60.305056079999986,-62.456022393999945],[-60.34396456899998,-62.469427379999956],[-60.36873441199998,-62.44323866599996]]],[[[-38.01187115299996,-54.00034959599998],[-38.08239548199998,-54.01752399099996],[-38.01187115299996,-54.00034959599998]]],[[[-72.71732547099998,-73.36990521199994],[-72.67316496199999,-73.38495332299993],[-72.71732547099998,-73.36990521199994]]],[[[-35.770851962999984,-54.80357344399994],[-35.80437551499995,-54.824075634999986],[-35.80988728699998,-54.80425188999993],[-35.770851962999984,-54.80357344399994]]],[[[-65.72447339399997,-65.75915775899995],[-65.70499152399998,-65.76123926499997],[-65.77851319799998,-65.76614643399995],[-65.72447339399997,-65.75915775899995]]],[[[-38.205407857999944,-54.00059609999994],[-38.18770071899996,-54.007161605999954],[-38.24313238499997,-54.013300114999936],[-38.205407857999944,-54.00059609999994]]],[[[-64.13099899999997,-54.64619799999997],[-64.10910699999994,-54.65119499999997],[-64.16240799999997,-54.65065899999996],[-64.13099899999997,-54.64619799999997]]],[[[-59.60457199999996,-51.404736999999955],[-59.59259899999995,-51.42535499999997],[-59.64204799999993,-51.41913299999993],[-59.60457199999996,-51.404736999999955]]],[[[-60.94554677999997,-63.84311378899997],[-60.92179237099998,-63.853926042999944],[-60.98723483499998,-63.86289658199996],[-60.94554677999997,-63.84311378899997]]],[[[-60.849887999999964,-51.19383899999997],[-60.94134399999996,-51.214722999999935],[-60.849887999999964,-51.19383899999997]]],[[[-68.33891921099996,-67.59240438999996],[-68.32167535199994,-67.60521165599994],[-68.36482051299998,-67.60891814699994],[-68.33891921099996,-67.59240438999996]]],[[[-63.13689634799994,-64.66894103899995],[-63.112480965999964,-64.67029955499999],[-63.15128866599997,-64.69338922699995],[-63.13689634799994,-64.66894103899995]]],[[[-65.73562334999997,-64.94244430899994],[-65.68758858599995,-64.96734689799996],[-65.73562334999997,-64.94244430899994]]],[[[-62.19875446699996,-64.65127054999994],[-62.172124176999944,-64.66608364499996],[-62.21175834699994,-64.67698312099998],[-62.19875446699996,-64.65127054999994]]],[[[-65.64019154399995,-65.81626936499998],[-65.57437930499998,-65.81997986299996],[-65.68666136099995,-65.81843063599996],[-65.64019154399995,-65.81626936499998]]],[[[-62.056921184999965,-64.08764306799998],[-62.038415578999945,-64.10186212799994],[-62.11037759299995,-64.10896903299994],[-62.056921184999965,-64.08764306799998]]],[[[-60.90195699999998,-51.08822799999996],[-60.86017799999996,-51.12192699999997],[-60.92017899999996,-51.08829999999995],[-60.90195699999998,-51.08822799999996]]],[[[-57.88023596499994,-63.719311080999944],[-57.85755150899996,-63.726285821999966],[-57.90293601099995,-63.724131469999975],[-57.88023596499994,-63.719311080999944]]],[[[-71.55046925199997,-73.02403407799994],[-71.59214477199998,-73.02631741199997],[-71.55046925199997,-73.02403407799994]]],[[[-65.71436583299999,-65.46584437599995],[-65.70370574399993,-65.48834902899995],[-65.73567793599995,-65.48957081299994],[-65.71436583299999,-65.46584437599995]]],[[[-71.26227793199996,-72.98341443299995],[-71.32083596999996,-72.98457843799997],[-71.26227793199996,-72.98341443299995]]],[[[-65.44804310499995,-65.48655776299995],[-65.42074350499996,-65.50530491199999],[-65.47783235899993,-65.49688411199998],[-65.44804310499995,-65.48655776299995]]],[[[-58.38558617699994,-64.19520353499996],[-58.40781748999996,-64.21112626399997],[-58.408135184999935,-64.18729655999994],[-58.38558617699994,-64.19520353499996]]],[[[-67.80169803099994,-67.54896057099995],[-67.83083557499998,-67.57425870799995],[-67.80169803099994,-67.54896057099995]]],[[[-70.79062605699994,-70.22282585999994],[-70.84472465499994,-70.21846488299997],[-70.79062605699994,-70.22282585999994]]],[[[-67.48936118599994,-68.70314014299998],[-67.53236184399998,-68.71177774099993],[-67.48936118599994,-68.70314014299998]]],[[[-64.48715127199995,-65.67558660699996],[-64.43020616999996,-65.70306619099995],[-64.48715127199995,-65.67558660699996]]],[[[-55.77280586399996,-63.572287493999966],[-55.81016495499995,-63.58054238799997],[-55.77280586399996,-63.572287493999966]]],[[[-64.87817218099997,-68.64574967299995],[-64.90400491099996,-68.62944775099999],[-64.87817218099997,-68.64574967299995]]],[[[-65.49288476499999,-65.88538124999997],[-65.46608883899995,-65.90440764399995],[-65.49288476499999,-65.88538124999997]]],[[[-65.07992268099997,-65.93373107899998],[-65.04345865999994,-65.94783953399997],[-65.10276986499997,-65.93817779999995],[-65.07992268099997,-65.93373107899998]]],[[[-61.16534599999994,-51.90521099999995],[-61.14604899999995,-51.895730999999955],[-61.19425199999995,-51.90978999999999],[-61.16534599999994,-51.90521099999995]]],[[[-60.45647799999995,-51.60512499999999],[-60.417872999999986,-51.627553999999975],[-60.45647799999995,-51.60512499999999]]],[[[-60.395501999999965,-51.14298199999996],[-60.37436399999996,-51.14593699999995],[-60.44566499999996,-51.15113299999996],[-60.395501999999965,-51.14298199999996]]],[[[-58.61763799999994,-52.12849399999993],[-58.59641899999997,-52.14467499999995],[-58.61763799999994,-52.12849399999993]]],[[[-70.78178587599996,-72.26609554399994],[-70.83258821699997,-72.26250601799995],[-70.78178587599996,-72.26609554399994]]],[[[-71.14246359199996,-73.11943696799995],[-71.10344951099995,-73.12275207699997],[-71.18411928399996,-73.12415085199996],[-71.14246359199996,-73.11943696799995]]],[[[-67.11367680199999,-66.40802362099998],[-67.15391009399997,-66.42421755099997],[-67.11367680199999,-66.40802362099998]]],[[[-60.38605336399996,-64.99447021299994],[-60.41105731999994,-64.98721526699995],[-60.38605336399996,-64.99447021299994]]],[[[-71.50338352599994,-73.08952043799997],[-71.46932435399998,-73.08135429099997],[-71.50338352599994,-73.08952043799997]]],[[[-65.34720378799994,-65.64859438799994],[-65.31353974099994,-65.66716175299996],[-65.34720378799994,-65.64859438799994]]],[[[-58.08052999999995,-51.54957099999996],[-58.03859399999993,-51.56161999999995],[-58.08052999999995,-51.54957099999996]]],[[[-71.86372149399995,-69.38799457499994],[-71.82442259099997,-69.39664035399994],[-71.86372149399995,-69.38799457499994]]],[[[-60.83896199999998,-51.14910699999996],[-60.87936099999996,-51.171073999999976],[-60.83896199999998,-51.14910699999996]]],[[[-46.04972640099993,-60.58767388499996],[-46.026269070999945,-60.594385888999966],[-46.08038788599998,-60.60295362399995],[-46.04972640099993,-60.58767388499996]]],[[[-62.98647299199996,-64.48068725699994],[-62.97607394199997,-64.50284590499996],[-63.011627863999934,-64.50025758199996],[-62.98647299199996,-64.48068725699994]]],[[[-58.488680999999985,-51.97168399999998],[-58.43137399999995,-51.98472499999997],[-58.488680999999985,-51.97168399999998]]],[[[-58.029390846999945,-61.841432649999945],[-57.98848603999994,-61.86028741299998],[-58.029390846999945,-61.841432649999945]]],[[[-68.52483715899996,-69.77541722799998],[-68.48965419599995,-69.77772229399994],[-68.52483715899996,-69.77541722799998]]],[[[-71.20587794299996,-70.96317173099999],[-71.24429422999998,-70.97178519899995],[-71.20587794299996,-70.96317173099999]]],[[[-65.29613947799999,-65.41074514999997],[-65.34886799699996,-65.42913875899995],[-65.29613947799999,-65.41074514999997]]],[[[-71.22538620499995,-70.82199764599994],[-71.25067464099999,-70.81779726199994],[-71.20117543399994,-70.81056064899997],[-71.22538620499995,-70.82199764599994]]],[[[-59.62561999999997,-51.76858599999997],[-59.66389899999996,-51.79899899999998],[-59.62561999999997,-51.76858599999997]]],[[[-63.773629737999954,-65.01949160199996],[-63.75460396899996,-65.02322727199999],[-63.80161134399998,-65.02898966599997],[-63.773629737999954,-65.01949160199996]]],[[[-65.77742396899998,-65.88723696399995],[-65.81415943699994,-65.89833993299999],[-65.77742396899998,-65.88723696399995]]],[[[-70.46491839299995,-68.74822463999993],[-70.43880094499997,-68.76451957699999],[-70.46491839299995,-68.74822463999993]]],[[[-72.51919508299994,-73.37909673299998],[-72.54664763599999,-73.37381645599999],[-72.51919508299994,-73.37909673299998]]],[[[-68.49286761099995,-69.66787511699994],[-68.52731262199995,-69.65522828599995],[-68.49286761099995,-69.66787511699994]]],[[[-59.83391799999998,-51.36612699999995],[-59.87126399999994,-51.373246999999935],[-59.83391799999998,-51.36612699999995]]],[[[-67.91953397499998,-67.44154037199996],[-67.95390217399995,-67.46378734699994],[-67.91953397499998,-67.44154037199996]]],[[[-67.40729088699999,-67.88138622299994],[-67.37605882299994,-67.88898895299997],[-67.40729088699999,-67.88138622299994]]],[[[-71.61576309399999,-73.11689829599999],[-71.63729965099998,-73.11359290899998],[-71.59588801699994,-73.10370095999997],[-71.61576309399999,-73.11689829599999]]],[[[-65.02836374799995,-65.62229718299994],[-64.97745873299993,-65.62710211999996],[-65.02836374799995,-65.62229718299994]]],[[[-73.57576768199993,-71.86963649699999],[-73.55969621599996,-71.88169837499998],[-73.57576768199993,-71.86963649699999]]],[[[-61.185501999999985,-51.84883099999996],[-61.16770399999996,-51.85561699999994],[-61.206155999999964,-51.86600999999996],[-61.185501999999985,-51.84883099999996]]],[[[-73.85350966299995,-73.41886660799997],[-73.89826834599995,-73.40593470499994],[-73.85350966299995,-73.41886660799997]]],[[[-64.32327447199998,-65.56745613399994],[-64.29303870799998,-65.58864936499998],[-64.32327447199998,-65.56745613399994]]],[[[-60.40674999999993,-51.35529999999994],[-60.36964599999993,-51.371711999999945],[-60.40674999999993,-51.35529999999994]]],[[[-59.59107499999993,-51.86304999999993],[-59.622825999999975,-51.86859999999996],[-59.59107499999993,-51.86304999999993]]],[[[-64.23436903999993,-64.57853817999995],[-64.22474530699998,-64.60049562799998],[-64.23436903999993,-64.57853817999995]]],[[[-26.828468245999943,-57.108812118999936],[-26.798663224999927,-57.11464865099998],[-26.828468245999943,-57.108812118999936]]],[[[-59.78251590299993,-62.41662519199997],[-59.76307796999998,-62.424809177999975],[-59.80491941599996,-62.42866482699998],[-59.78251590299993,-62.41662519199997]]],[[[-59.67468599999995,-51.37757399999998],[-59.75418799999994,-51.388102999999944],[-59.67468599999995,-51.37757399999998]]],[[[-61.10511958799998,-64.16078695499994],[-61.08325895799999,-64.17384776899996],[-61.12373350499996,-64.16772998999994],[-61.10511958799998,-64.16078695499994]]],[[[-71.50740515399997,-73.23842600099994],[-71.48927414699995,-73.23091242199996],[-71.50740515399997,-73.23842600099994]]],[[[-65.27738586399994,-67.66944478699997],[-65.30687176499998,-67.65524606299994],[-65.27738586399994,-67.66944478699997]]],[[[-59.04703788499995,-63.63409731999997],[-59.02804276599994,-63.65577880099994],[-59.04703788499995,-63.63409731999997]]],[[[-64.79570348299995,-68.62649360199998],[-64.77119482399996,-68.63827687699995],[-64.79570348299995,-68.62649360199998]]],[[[-66.04918383199998,-65.95867605999996],[-66.09201548199997,-65.96975023799996],[-66.04918383199998,-65.95867605999996]]],[[[-65.08196766099996,-65.90354958599994],[-65.06482733499996,-65.91397089599997],[-65.11800779599997,-65.91710668699994],[-65.08196766099996,-65.90354958599994]]],[[[-57.93514628099996,-62.09435313599994],[-57.91271148399994,-62.101974119999966],[-57.93514628099996,-62.09435313599994]]],[[[-65.37235987299994,-65.40152529799997],[-65.34784516799994,-65.40395696099995],[-65.37235987299994,-65.40152529799997]]],[[[-62.98358643499995,-64.29270251199995],[-63.009377797999946,-64.31066128299994],[-62.98358643499995,-64.29270251199995]]],[[[-60.730182999999954,-51.463378999999975],[-60.69115899999997,-51.476710999999966],[-60.730182999999954,-51.463378999999975]]],[[[-72.23016403699995,-70.46750415899999],[-72.21051617199998,-70.47203941099997],[-72.24634334099994,-70.47558327799999],[-72.23016403699995,-70.46750415899999]]],[[[-54.729506984999944,-63.42909308399999],[-54.71565052799997,-63.441538066999954],[-54.729506984999944,-63.42909308399999]]],[[[-65.52293772699994,-65.49988848299995],[-65.56401507699997,-65.51061214499998],[-65.52293772699994,-65.49988848299995]]],[[[-54.45840157199996,-61.063183193999976],[-54.47967936799995,-61.07128816599999],[-54.45840157199996,-61.063183193999976]]],[[[-58.54387699999995,-51.89613099999997],[-58.50658899999996,-51.90739899999994],[-58.54387699999995,-51.89613099999997]]],[[[-73.99336616599999,-73.38609242499996],[-73.97895658999994,-73.40440267599996],[-73.99336616599999,-73.38609242499996]]],[[[-70.52401535799999,-72.21641492699996],[-70.56846039499999,-72.21308422799996],[-70.52401535799999,-72.21641492699996]]],[[[-60.48908899999998,-51.54774699999996],[-60.49142999999998,-51.569875999999965],[-60.48908899999998,-51.54774699999996]]],[[[-56.29287393799996,-63.55526810699996],[-56.31161767399993,-63.562017054999956],[-56.29287393799996,-63.55526810699996]]],[[[-61.03933699999993,-51.77675599999998],[-61.07547299999993,-51.78683199999995],[-61.03933699999993,-51.77675599999998]]],[[[-55.97491844899997,-61.49808646699995],[-55.94941805899998,-61.51257717499993],[-55.97491844899997,-61.49808646699995]]],[[[-68.62405450199998,-69.67091692099996],[-68.64254829599997,-69.66052798999993],[-68.62405450199998,-69.67091692099996]]],[[[-61.997221465999985,-64.52560587999994],[-61.98763796199995,-64.54457372799993],[-62.01700181499996,-64.54517948699998],[-61.997221465999985,-64.52560587999994]]],[[[-60.11126636399996,-65.08205576099994],[-60.13493631799997,-65.07383337499994],[-60.11126636399996,-65.08205576099994]]],[[[-61.45160350499998,-64.00235763899997],[-61.45481279399996,-64.02457425299997],[-61.45160350499998,-64.00235763899997]]],[[[-61.37903078299996,-63.89112143199998],[-61.40359218899994,-63.90552128599995],[-61.37903078299996,-63.89112143199998]]],[[[-63.41482763399995,-64.93539065699997],[-63.45069974699999,-64.94389453599996],[-63.41482763399995,-64.93539065699997]]],[[[-60.42130499999996,-52.204638999999986],[-60.46155599999997,-52.21005599999995],[-60.42130499999996,-52.204638999999986]]],[[[-58.38711699999993,-51.99508199999997],[-58.34817899999996,-52.00450499999994],[-58.38711699999993,-51.99508199999997]]],[[[-64.00747162499994,-64.91067780699996],[-64.03985902999995,-64.92237916999994],[-64.00747162499994,-64.91067780699996]]],[[[-66.98041770699996,-69.06111978799998],[-67.00719235699995,-69.06714564699996],[-66.98041770699996,-69.06111978799998]]],[[[-64.21216749699994,-65.39675626899998],[-64.23707188399999,-65.41175246999995],[-64.21216749699994,-65.39675626899998]]],[[[-59.90770905299996,-62.58080823999995],[-59.89061482799997,-62.59390778899996],[-59.93417938199997,-62.587709866999944],[-59.90770905299996,-62.58080823999995]]],[[[-44.89210036099996,-60.60929780099997],[-44.82838498899997,-60.621295515999975],[-44.89210036099996,-60.60929780099997]]],[[[-72.66622518499997,-71.05106940499996],[-72.62348202999993,-71.05412131799994],[-72.66622518499997,-71.05106940499996]]],[[[-65.22631305999994,-65.68881509799996],[-65.20624335199994,-65.69615059999995],[-65.26178385299994,-65.70500453599993],[-65.22631305999994,-65.68881509799996]]],[[[-68.19064912299996,-67.59347175199997],[-68.23629582899997,-67.61576994699993],[-68.19064912299996,-67.59347175199997]]],[[[-63.327411188999974,-64.88389549599998],[-63.36946748299994,-64.89385476199993],[-63.327411188999974,-64.88389549599998]]],[[[-62.595115643999975,-64.72611203799994],[-62.60204055999998,-64.74675236599995],[-62.595115643999975,-64.72611203799994]]],[[[-71.21110929399998,-70.95613020599995],[-71.19280515199995,-70.94266567799997],[-71.21110929399998,-70.95613020599995]]],[[[-63.96275826999994,-64.91728201999996],[-63.926320543999964,-64.92130282799997],[-63.985077686999944,-64.92486531499998],[-63.96275826999994,-64.91728201999996]]],[[[-58.71228199999996,-52.12609299999997],[-58.734693999999934,-52.131077999999945],[-58.71228199999996,-52.12609299999997]]],[[[-64.13539274799996,-65.32207932699998],[-64.16413833199994,-65.33109691699997],[-64.13539274799996,-65.32207932699998]]],[[[-27.08080487199993,-59.40440261799995],[-27.094768366999972,-59.41832596299997],[-27.08080487199993,-59.40440261799995]]],[[[-63.720521744999985,-64.92531215299994],[-63.749000130999946,-64.93403507699998],[-63.720521744999985,-64.92531215299994]]],[[[-67.47328899999997,-54.86918599999996],[-67.44607599999995,-54.875850999999955],[-67.47328899999997,-54.86918599999996]]],[[[-67.78660481499998,-66.92068265499995],[-67.76626300999999,-66.92895996599998],[-67.80801221499996,-66.92342537899998],[-67.78660481499998,-66.92068265499995]]],[[[-59.18696499999999,-52.90641599999998],[-59.18696499999999,-52.90641599999998]]],[[[-65.62856818299997,-65.51289727899996],[-65.60665541899994,-65.51726323599996],[-65.62856818299997,-65.51289727899996]]],[[[-59.56101099999995,-52.26305499999995],[-59.529834999999935,-52.27380499999998],[-59.56101099999995,-52.26305499999995]]],[[[-61.78625415999994,-63.72188952899995],[-61.81941432699995,-63.72968311799997],[-61.78625415999994,-63.72188952899995]]],[[[-61.147235999999964,-51.78449999999998],[-61.16308299999997,-51.794198999999935],[-61.147235999999964,-51.78449999999998]]],[[[-65.63005397099994,-65.65924166599996],[-65.61139071199995,-65.66659290199993],[-65.63005397099994,-65.65924166599996]]],[[[-58.18593599999997,-51.80207599999994],[-58.225930999999946,-51.80491299999994],[-58.18593599999997,-51.80207599999994]]],[[[-60.34020399999997,-51.64210299999996],[-60.36161899999996,-51.63634499999995],[-60.34020399999997,-51.64210299999996]]],[[[-67.58843737599994,-66.60063801899997],[-67.60928182699996,-66.60887236599996],[-67.58843737599994,-66.60063801899997]]],[[[-71.17121092599996,-70.82593252399994],[-71.20450777999997,-70.82063522499993],[-71.17121092599996,-70.82593252399994]]],[[[-44.98546232099994,-60.714284103999944],[-44.98001962999996,-60.75048728399997],[-44.98546232099994,-60.714284103999944]]],[[[-65.96162182699999,-66.02999322199997],[-65.98017962099993,-66.04493419899995],[-65.96162182699999,-66.02999322199997]]],[[[-71.79739578899995,-73.15233790099995],[-71.77681401299998,-73.15665032399994],[-71.81676021699997,-73.15487355499994],[-71.79739578899995,-73.15233790099995]]],[[[-72.06193813999994,-69.30755786999998],[-72.08765877499997,-69.31372841099994],[-72.06193813999994,-69.30755786999998]]],[[[-69.98108137099996,-70.30881783799998],[-70.00197453499999,-70.29744772099997],[-69.98108137099996,-70.30881783799998]]],[[[-63.86828636599995,-64.90379651099994],[-63.84659112999998,-64.90722955499996],[-63.88917209099998,-64.90924801399996],[-63.86828636599995,-64.90379651099994]]],[[[-68.61319643499996,-69.31874918999995],[-68.63808567799998,-69.32564310699996],[-68.61319643499996,-69.31874918999995]]],[[[-55.939236284999936,-61.47315859199995],[-55.96251320699997,-61.48032564299996],[-55.939236284999936,-61.47315859199995]]],[[[-64.39855928099996,-65.71764999599998],[-64.37930919099995,-65.72498992099997],[-64.39855928099996,-65.71764999599998]]],[[[-60.88907399999994,-51.55585499999995],[-60.85552299999995,-51.56400499999995],[-60.88907399999994,-51.55585499999995]]],[[[-59.91394599999995,-51.213554999999985],[-59.89940399999995,-51.22446199999996],[-59.93658099999993,-51.21541199999996],[-59.91394599999995,-51.213554999999985]]],[[[-65.71775437299993,-65.82456684899995],[-65.69444522599997,-65.82816832799995],[-65.73518956799995,-65.83108296499995],[-65.71775437299993,-65.82456684899995]]],[[[-71.63158066399996,-70.09990990199998],[-71.60550061899994,-70.11066380799997],[-71.63158066399996,-70.09990990199998]]],[[[-66.08262823299998,-65.62465918899994],[-66.11075031999997,-65.63035156399997],[-66.08262823299998,-65.62465918899994]]],[[[-57.27983837099998,-63.793944582999984],[-57.307564225999954,-63.801626382999984],[-57.27983837099998,-63.793944582999984]]],[[[-71.16410345099996,-70.84100794599993],[-71.16410345099996,-70.84100794599993]]],[[[-64.26493199999999,-54.67545299999995],[-64.26493199999999,-54.67545299999995]]],[[[-34.69570199999998,-55.01943099999994],[-34.669700999999975,-55.01773599999996],[-34.69570199999998,-55.01943099999994]]],[[[-58.93810730299998,-62.20915008399999],[-58.91407302899995,-62.213133890999984],[-58.93810730299998,-62.20915008399999]]],[[[-58.99149099999994,-52.13632699999994],[-59.013679999999965,-52.15048399999995],[-58.99149099999994,-52.13632699999994]]],[[[-58.73363199999994,-51.92199199999993],[-58.70084299999996,-51.92605999999995],[-58.73363199999994,-51.92199199999993]]],[[[-64.14889994099997,-65.16405976099998],[-64.13184628299996,-65.17480325799994],[-64.14889994099997,-65.16405976099998]]],[[[-65.67731654499994,-65.99699676099993],[-65.67731654499994,-65.99699676099993]]],[[[-65.30472086799995,-65.89670461899993],[-65.27540207299995,-65.90414849699994],[-65.32766782799996,-65.90359636399995],[-65.30472086799995,-65.89670461899993]]],[[[-45.68542596999998,-60.72911367299997],[-45.70221999599994,-60.73928343099993],[-45.68542596999998,-60.72911367299997]]],[[[-63.398860224999964,-64.91219692399994],[-63.41597660599996,-64.92131309899997],[-63.398860224999964,-64.91219692399994]]],[[[-65.33725790399996,-65.62758218499994],[-65.38394342799995,-65.63398915499994],[-65.33725790399996,-65.62758218499994]]],[[[-59.80977209599996,-62.33821847099995],[-59.80977209599996,-62.33821847099995]]],[[[-63.58900168399998,-64.97497338899996],[-63.60938473599998,-64.98260627599996],[-63.58900168399998,-64.97497338899996]]],[[[-58.45688599999994,-51.950477999999976],[-58.49339699999996,-51.95451399999996],[-58.45688599999994,-51.950477999999976]]],[[[-65.28714036499997,-65.38478444499998],[-65.27094741399998,-65.39772728799994],[-65.28714036499997,-65.38478444499998]]],[[[-59.52868599999994,-51.75122799999997],[-59.50600099999997,-51.73197699999997],[-59.52868599999994,-51.75122799999997]]],[[[-64.11240020799994,-65.06812066399993],[-64.14868781199993,-65.07900435999994],[-64.11240020799994,-65.06812066399993]]],[[[-63.58710175099998,-64.27922748899994],[-63.55783937599995,-64.29089436499999],[-63.58710175099998,-64.27922748899994]]],[[[-62.72633258999997,-68.45789132999994],[-62.72633258999997,-68.45789132999994]]],[[[-66.43924730999998,-66.35532148099998],[-66.43924730999998,-66.35532148099998]]],[[[-64.11574637599995,-65.07408128899993],[-64.11574637599995,-65.07408128899993]]],[[[-67.11040804499999,-66.43867967999995],[-67.14532713699998,-66.45139084299996],[-67.11040804499999,-66.43867967999995]]],[[[-65.50244470199993,-65.51517206299997],[-65.50244470199993,-65.51517206299997]]],[[[-54.66830373999994,-63.40896715699995],[-54.66830373999994,-63.40896715699995]]],[[[-72.24838590199994,-70.53198790399995],[-72.26815498199994,-70.52601117499995],[-72.24838590199994,-70.53198790399995]]],[[[-59.66981499999997,-51.886739999999975],[-59.68650699999995,-51.89720599999998],[-59.66981499999997,-51.886739999999975]]],[[[-65.95732308299995,-65.92748972799995],[-65.97662590099998,-65.93769475099998],[-65.95732308299995,-65.92748972799995]]],[[[-63.130176318999986,-64.89120117799996],[-63.10667978999999,-64.89994043199994],[-63.130176318999986,-64.89120117799996]]],[[[-71.45783854199993,-73.05452683899995],[-71.48562323899995,-73.05263302499998],[-71.45783854199993,-73.05452683899995]]],[[[-59.650124999999946,-51.91521599999999],[-59.638867999999945,-51.93005299999999],[-59.650124999999946,-51.91521599999999]]],[[[-60.15495999999996,-51.41334699999993],[-60.10638199999994,-51.427652999999964],[-60.15495999999996,-51.41334699999993]]],[[[-65.42589913299997,-65.60572020699993],[-65.40364335899994,-65.60877582699999],[-65.42589913299997,-65.60572020699993]]],[[[-71.87635006299996,-70.15285697399997],[-71.89425996699998,-70.14308948299998],[-71.87635006299996,-70.15285697399997]]],[[[-59.684170268999935,-64.92028512199994],[-59.684170268999935,-64.92028512199994]]],[[[-59.68025199999994,-52.016309999999976],[-59.68025199999994,-52.016309999999976]]],[[[-71.17869240999994,-70.91130668599999],[-71.17869240999994,-70.91130668599999]]],[[[-60.22111499999994,-51.757574999999974],[-60.21413199999995,-51.77956599999993],[-60.22111499999994,-51.757574999999974]]],[[[-57.40818143399997,-63.98442467299998],[-57.40818143399997,-63.98442467299998]]],[[[-70.58662008499994,-72.21269580099994],[-70.58662008499994,-72.21269580099994]]],[[[-73.83787780999995,-73.36105383099994],[-73.86971628999999,-73.36098361299997],[-73.83787780999995,-73.36105383099994]]],[[[-72.21426837199994,-70.59928902699994],[-72.21426837199994,-70.59928902699994]]],[[[-60.989885999999956,-52.01522099999994],[-60.989885999999956,-52.01522099999994]]],[[[-72.62166335899997,-71.03934160899996],[-72.58802631299994,-71.04454567999994],[-72.62166335899997,-71.03934160899996]]],[[[-67.06519064399998,-72.26620287299994],[-67.06519064399998,-72.26620287299994]]],[[[-58.07551099999995,-51.78628699999996],[-58.04755199999994,-51.788531999999975],[-58.07551099999995,-51.78628699999996]]],[[[-60.523987999999974,-51.48806899999994],[-60.523987999999974,-51.48806899999994]]],[[[-62.618901825999956,-64.68032132599996],[-62.618901825999956,-64.68032132599996]]],[[[-70.51869858999999,-72.19381436499998],[-70.55488186999997,-72.19546316199995],[-70.51869858999999,-72.19381436499998]]],[[[-65.02482837599996,-65.58735940099996],[-65.00377517499999,-65.59178446099997],[-65.02482837599996,-65.58735940099996]]],[[[-65.43256990999998,-65.48727353299995],[-65.40503211499998,-65.49802729199996],[-65.43256990999998,-65.48727353299995]]],[[[-60.92043499999994,-52.167404999999974],[-60.940026999999986,-52.16910599999994],[-60.92043499999994,-52.167404999999974]]],[[[-73.47717628599997,-73.16769816499993],[-73.47717628599997,-73.16769816499993]]],[[[-62.97539692599997,-64.32379429499997],[-63.00471074099994,-64.33137719899997],[-62.97539692599997,-64.32379429499997]]],[[[-62.07397491199998,-74.48006238299996],[-62.107237004999945,-74.47374912699996],[-62.07397491199998,-74.48006238299996]]],[[[-58.26133945899994,-63.88224847699996],[-58.26133945899994,-63.88224847699996]]],[[[-65.59502476299997,-65.92504079399998],[-65.63043775299997,-65.93637621999994],[-65.59502476299997,-65.92504079399998]]],[[[-61.100003999999956,-51.78321099999994],[-61.100003999999956,-51.78321099999994]]],[[[-68.87819500099994,-67.76699656699998],[-68.90229869199999,-67.77163640599997],[-68.87819500099994,-67.76699656699998]]],[[[-59.642826999999954,-51.38874199999998],[-59.67480899999998,-51.40468199999998],[-59.642826999999954,-51.38874199999998]]],[[[-66.69819518199995,-68.20319715799997],[-66.66875535099996,-68.20878057199997],[-66.69819518199995,-68.20319715799997]]],[[[-63.09226191699997,-64.81618619099999],[-63.11119794999996,-64.83180000699997],[-63.09226191699997,-64.81618619099999]]],[[[-60.091368304999946,-63.51692810499998],[-60.11041266099994,-63.52330558699998],[-60.091368304999946,-63.51692810499998]]],[[[-54.604524796999954,-63.38729011199996],[-54.604524796999954,-63.38729011199996]]],[[[-59.84130299999998,-51.34411899999998],[-59.84130299999998,-51.34411899999998]]],[[[-66.42464507199998,-66.46637150199996],[-66.42464507199998,-66.46637150199996]]],[[[-66.21043723499997,-65.88475663099996],[-66.21043723499997,-65.88475663099996]]],[[[-65.55439573499996,-65.58850848599997],[-65.58152131499997,-65.59913502899997],[-65.55439573499996,-65.58850848599997]]],[[[-61.349705719999974,-64.39021719899995],[-61.380193202999976,-64.40017193699998],[-61.349705719999974,-64.39021719899995]]],[[[-73.29538171099995,-73.32781290799994],[-73.31584123499994,-73.32376570799994],[-73.29538171099995,-73.32781290799994]]],[[[-60.763237999999944,-52.14678199999997],[-60.780352999999934,-52.13996899999995],[-60.763237999999944,-52.14678199999997]]],[[[-66.87022178099994,-67.01223515099997],[-66.87022178099994,-67.01223515099997]]],[[[-65.72077751499995,-66.07769765199998],[-65.73027713499994,-66.09453314799998],[-65.72077751499995,-66.07769765199998]]],[[[-61.57929969799994,-64.34382744099997],[-61.57929969799994,-64.34382744099997]]],[[[-66.15021495999997,-65.76224617199995],[-66.15021495999997,-65.76224617199995]]],[[[-59.659730999999965,-51.987153999999975],[-59.659730999999965,-51.987153999999975]]],[[[-63.926481991999935,-64.92506635399997],[-63.94822104799994,-64.92870022399995],[-63.926481991999935,-64.92506635399997]]],[[[-65.38446656199994,-65.42576248199998],[-65.38446656199994,-65.42576248199998]]],[[[-37.337145007999936,-54.019223834999934],[-37.337145007999936,-54.019223834999934]]],[[[-59.31232399999993,-52.24524399999996],[-59.31232399999993,-52.24524399999996]]],[[[-71.32777968299996,-70.89279052799998],[-71.32777968299996,-70.89279052799998]]],[[[-65.09241467099997,-65.81142061999998],[-65.06762544099996,-65.81642205599996],[-65.09241467099997,-65.81142061999998]]],[[[-68.84130291399998,-68.08757332599998],[-68.85825670099996,-68.09735702899997],[-68.84130291399998,-68.08757332599998]]],[[[-59.69147297999996,-62.31456130699996],[-59.69147297999996,-62.31456130699996]]],[[[-71.59257766799993,-72.27002503999995],[-71.61785773799994,-72.25872173999994],[-71.59257766799993,-72.27002503999995]]],[[[-37.73779668499998,-54.135576121999975],[-37.76426056299994,-54.14346626499997],[-37.73779668499998,-54.135576121999975]]],[[[-58.38065099999994,-52.01117099999993],[-58.350818999999944,-52.01740399999994],[-58.38065099999994,-52.01117099999993]]],[[[-59.89008599999994,-51.366116999999974],[-59.90705099999997,-51.37386399999997],[-59.89008599999994,-51.366116999999974]]],[[[-60.639697386999956,-63.877957540999944],[-60.62155572399996,-63.885524793999934],[-60.639697386999956,-63.877957540999944]]],[[[-73.43572105399994,-73.31075113099996],[-73.45382658099999,-73.30458505599995],[-73.43572105399994,-73.31075113099996]]],[[[-65.74426869099995,-65.87276909299999],[-65.76304501499993,-65.87523947799997],[-65.74426869099995,-65.87276909299999]]],[[[-67.87000064299997,-68.88896868299997],[-67.89391759399996,-68.89404445599996],[-67.87000064299997,-68.88896868299997]]],[[[-60.962921999999935,-52.01807999999994],[-60.962921999999935,-52.01807999999994]]],[[[-62.061954121999975,-64.51327234299998],[-62.061954121999975,-64.51327234299998]]],[[[-60.83521099999996,-51.56639499999994],[-60.83521099999996,-51.56639499999994]]],[[[-60.73582799999997,-51.12374399999993],[-60.762703999999985,-51.12831199999994],[-60.73582799999997,-51.12374399999993]]],[[[-64.73163018599996,-65.98748081899998],[-64.73163018599996,-65.98748081899998]]],[[[-67.08382351899996,-66.43301201399998],[-67.10731862599994,-66.44632741499998],[-67.08382351899996,-66.43301201399998]]],[[[-65.00704518099997,-65.25046005999997],[-65.00704518099997,-65.25046005999997]]],[[[-72.05585448199997,-72.16547371699994],[-72.05585448199997,-72.16547371699994]]],[[[-63.97761443899998,-64.89473060999995],[-63.95955798299997,-64.89694457599995],[-63.97761443899998,-64.89473060999995]]],[[[-59.85678199999995,-52.12543999999997],[-59.85678199999995,-52.12543999999997]]],[[[-65.36547757799997,-65.44256965499994],[-65.40962261999994,-65.45016053099994],[-65.36547757799997,-65.44256965499994]]],[[[-65.38917581999993,-66.02343388399999],[-65.38917581999993,-66.02343388399999]]],[[[-60.46348999999998,-51.32852799999995],[-60.46348999999998,-51.32852799999995]]],[[[-64.04803990399995,-65.09795858199993],[-64.07124063699996,-65.10689073299994],[-64.04803990399995,-65.09795858199993]]],[[[-64.08539403699996,-64.75870672499997],[-64.06005759199996,-64.76670299899996],[-64.08539403699996,-64.75870672499997]]],[[[-61.235735999999974,-51.64780299999995],[-61.235735999999974,-51.64780299999995]]],[[[-60.47205799999995,-52.224995999999976],[-60.500125999999966,-52.234226999999976],[-60.47205799999995,-52.224995999999976]]],[[[-62.18442729199995,-64.55518740999997],[-62.19892967299995,-64.57026399499995],[-62.18442729199995,-64.55518740999997]]],[[[-65.54114840299997,-65.89803307299997],[-65.54114840299997,-65.89803307299997]]],[[[-65.32030787099995,-65.63115960099998],[-65.34401904399994,-65.64932974299995],[-65.32030787099995,-65.63115960099998]]],[[[-59.64707499999997,-51.41266299999995],[-59.64707499999997,-51.41266299999995]]],[[[-67.14410239199998,-66.45986567699998],[-67.17422590599995,-66.46943667399995],[-67.14410239199998,-66.45986567699998]]],[[[-61.08485899999994,-51.77351699999997],[-61.08485899999994,-51.77351699999997]]],[[[-70.50628843999993,-72.20039949199997],[-70.50628843999993,-72.20039949199997]]],[[[-61.13427236699994,-64.23434853499998],[-61.115407036999954,-64.23922582499995],[-61.13427236699994,-64.23434853499998]]],[[[-45.144195905999936,-60.77454067799994],[-45.144195905999936,-60.77454067799994]]],[[[-70.63484571099997,-70.22662429099995],[-70.63484571099997,-70.22662429099995]]],[[[-61.435488411999984,-63.95642561799997],[-61.435488411999984,-63.95642561799997]]],[[[-61.11676499999999,-51.79826699999995],[-61.11676499999999,-51.79826699999995]]],[[[-65.04251907699995,-65.82514184699994],[-65.04251907699995,-65.82514184699994]]],[[[-71.81208072399994,-73.14526259199994],[-71.83759243399999,-73.14839425599996],[-71.81208072399994,-73.14526259199994]]],[[[-58.27548499999995,-51.86721899999998],[-58.25693199999995,-51.87356399999993],[-58.27548499999995,-51.86721899999998]]],[[[-63.85530267199994,-64.97225190299997],[-63.87853685699997,-64.97692690199995],[-63.85530267199994,-64.97225190299997]]],[[[-41.806659999999965,-53.652390999999966],[-41.806659999999965,-53.652390999999966]]],[[[-60.06560310499998,-64.97676982799999],[-60.09997663799999,-64.96953249199998],[-60.06560310499998,-64.97676982799999]]],[[[-65.30363001299997,-65.93307815499998],[-65.32587788199999,-65.94424709999998],[-65.30363001299997,-65.93307815499998]]],[[[-67.68616066299995,-67.17432349199998],[-67.68616066299995,-67.17432349199998]]],[[[-61.31957099999994,-51.80718399999995],[-61.31957099999994,-51.80718399999995]]],[[[-57.31474093199995,-63.19298505399996],[-57.31474093199995,-63.19298505399996]]],[[[-72.64867052499994,-71.04525021199998],[-72.62000264399995,-71.04787122699997],[-72.64867052499994,-71.04525021199998]]],[[[-63.761203758999955,-64.80906862599994],[-63.79501057199997,-64.81314122099997],[-63.761203758999955,-64.80906862599994]]],[[[-38.16972737699996,-53.99819873299998],[-38.16972737699996,-53.99819873299998]]],[[[-65.76426548899997,-66.12581724199998],[-65.76426548899997,-66.12581724199998]]],[[[-66.92277010399994,-69.05352735499997],[-66.94329849299999,-69.04724382999996],[-66.92277010399994,-69.05352735499997]]],[[[-58.89172499999995,-52.44373399999995],[-58.91291099999995,-52.448860999999965],[-58.89172499999995,-52.44373399999995]]],[[[-60.17881808399994,-62.42535570599995],[-60.17881808399994,-62.42535570599995]]],[[[-68.25020599999993,-54.86592099999996],[-68.25020599999993,-54.86592099999996]]],[[[-62.37483598899996,-64.59822171799993],[-62.37483598899996,-64.59822171799993]]],[[[-59.74551884599998,-62.402241241999945],[-59.76689074999996,-62.40512835399994],[-59.74551884599998,-62.402241241999945]]],[[[-72.11241770899994,-70.03279010399996],[-72.12995427999994,-70.03986478799999],[-72.11241770899994,-70.03279010399996]]],[[[-59.08044899999999,-52.06853599999994],[-59.08044899999999,-52.06853599999994]]],[[[-66.62309044199998,-66.39324512099995],[-66.62309044199998,-66.39324512099995]]],[[[-58.35937599999994,-51.541624999999954],[-58.35937599999994,-51.541624999999954]]],[[[-64.19844928599997,-65.12242967099996],[-64.22808399199994,-65.13001706499995],[-64.19844928599997,-65.12242967099996]]],[[[-65.82979882499995,-66.09140859599995],[-65.82979882499995,-66.09140859599995]]],[[[-61.98707006899997,-64.11871849099998],[-62.01278620599999,-64.12401699499998],[-61.98707006899997,-64.11871849099998]]],[[[-64.27060217799993,-65.24886616699996],[-64.24694678599997,-65.25303113399997],[-64.27060217799993,-65.24886616699996]]],[[[-72.06336357399994,-70.12084679899993],[-72.04395941599995,-70.12443703899999],[-72.06336357399994,-70.12084679899993]]],[[[-62.280382163999946,-64.41953306599999],[-62.29450597699997,-64.43093285299994],[-62.280382163999946,-64.41953306599999]]],[[[-54.903958158999956,-63.382252078999954],[-54.92757642999993,-63.38948208399995],[-54.903958158999956,-63.382252078999954]]],[[[-65.99216085199998,-66.39345380499998],[-66.01012592599994,-66.39684412599996],[-65.99216085199998,-66.39345380499998]]],[[[-65.33947434299995,-65.43073089199999],[-65.36193398599994,-65.43602475299997],[-65.33947434299995,-65.43073089199999]]],[[[-59.85197599999998,-52.03616899999997],[-59.85197599999998,-52.03616899999997]]],[[[-68.86682783299995,-68.08995803899995],[-68.86682783299995,-68.08995803899995]]],[[[-61.920343911999964,-74.50405053599997],[-61.94209012399995,-74.50023297099995],[-61.920343911999964,-74.50405053599997]]],[[[-60.07582274599997,-62.448342811999964],[-60.07582274599997,-62.448342811999964]]],[[[-66.06207464399995,-65.63072867099999],[-66.09419204099999,-65.63486184799996],[-66.06207464399995,-65.63072867099999]]],[[[-58.67537399999998,-51.93779099999995],[-58.64877299999995,-51.94500899999997],[-58.67537399999998,-51.93779099999995]]],[[[-65.57752573099998,-65.58406096799996],[-65.59887067599993,-65.59501741299994],[-65.57752573099998,-65.58406096799996]]],[[[-65.61720687899998,-65.53805531499995],[-65.63569534099997,-65.54458167199994],[-65.61720687899998,-65.53805531499995]]],[[[-63.98490737599997,-64.90272200799996],[-63.98490737599997,-64.90272200799996]]],[[[-59.21607999999998,-51.58348399999994],[-59.21607999999998,-51.58348399999994]]],[[[-71.21593030099996,-70.84171642099994],[-71.21593030099996,-70.84171642099994]]],[[[-67.62517730499997,-66.61197585399998],[-67.64540333299993,-66.61915050799996],[-67.62517730499997,-66.61197585399998]]],[[[-64.10786495999997,-65.08215786299996],[-64.12738848499998,-65.08494348699998],[-64.10786495999997,-65.08215786299996]]],[[[-45.15530816399996,-60.78033448499997],[-45.13795742199994,-60.78759880399997],[-45.15530816399996,-60.78033448499997]]],[[[-65.31525026599996,-65.51876810099998],[-65.33313196899996,-65.52246086499997],[-65.31525026599996,-65.51876810099998]]],[[[-72.13235510099997,-71.08856843299998],[-72.14943086399995,-71.08244857799997],[-72.13235510099997,-71.08856843299998]]],[[[-65.69078094099996,-65.72772928799998],[-65.71708905499997,-65.73247832799996],[-65.69078094099996,-65.72772928799998]]],[[[-65.35239446399999,-65.36500114799998],[-65.35239446399999,-65.36500114799998]]],[[[-59.67433299999993,-51.42852199999999],[-59.67433299999993,-51.42852199999999]]],[[[-36.107466457999976,-54.89278639699995],[-36.107466457999976,-54.89278639699995]]],[[[-62.046735987999966,-74.48610378499995],[-62.01935028599996,-74.48825342199996],[-62.046735987999966,-74.48610378499995]]],[[[-65.08542309599994,-65.73541128299996],[-65.08542309599994,-65.73541128299996]]],[[[-46.097179849999975,-60.57991848499995],[-46.097179849999975,-60.57991848499995]]],[[[-65.79501554099994,-65.73666567199996],[-65.79501554099994,-65.73666567199996]]],[[[-67.13060890899999,-66.30452359199995],[-67.13060890899999,-66.30452359199995]]],[[[-67.18504940499997,-66.31670100599996],[-67.16708870299993,-66.32131986899998],[-67.18504940499997,-66.31670100599996]]],[[[-64.01263905099995,-64.79632240799998],[-64.03778245899997,-64.80066073499995],[-64.01263905099995,-64.79632240799998]]],[[[-60.70617099999998,-52.18404999999996],[-60.686661999999956,-52.18998499999998],[-60.70617099999998,-52.18404999999996]]],[[[-72.25727169199996,-70.48490208399994],[-72.25727169199996,-70.48490208399994]]],[[[-72.01827749899996,-70.18241946099994],[-72.06213405699998,-70.18825365599997],[-72.01827749899996,-70.18241946099994]]],[[[-61.480874607999965,-63.99131811399997],[-61.480874607999965,-63.99131811399997]]],[[[-65.03322701399998,-65.25314591599994],[-65.03322701399998,-65.25314591599994]]],[[[-59.89691912799998,-62.42498592299995],[-59.88006242299997,-62.43387436799998],[-59.89691912799998,-62.42498592299995]]],[[[-65.54390794099999,-65.76195115299998],[-65.52583266699997,-65.76692570699998],[-65.54390794099999,-65.76195115299998]]],[[[-65.10007279799999,-65.84121390099995],[-65.10007279799999,-65.84121390099995]]],[[[-62.88646972999999,-64.34170657299995],[-62.88646972999999,-64.34170657299995]]],[[[-59.72742199999993,-51.30561199999994],[-59.72742199999993,-51.30561199999994]]],[[[-64.40845121099994,-65.49647674499994],[-64.43025617599994,-65.50231366499997],[-64.40845121099994,-65.49647674499994]]],[[[-64.23916999999994,-54.696195999999986],[-64.23916999999994,-54.696195999999986]]],[[[-64.21101431199997,-65.11953054199995],[-64.22881493899996,-65.12294256799998],[-64.21101431199997,-65.11953054199995]]],[[[-46.67299753899994,-60.58020209599994],[-46.64933256699993,-60.58453888199995],[-46.67299753899994,-60.58020209599994]]],[[[-72.27445766299996,-70.59203628999995],[-72.29535111099995,-70.58855371899995],[-72.27445766299996,-70.59203628999995]]],[[[-58.549040323999975,-62.164381988999935],[-58.57126977599995,-62.16738940999994],[-58.549040323999975,-62.164381988999935]]],[[[-65.65244459199994,-65.80912094099995],[-65.65244459199994,-65.80912094099995]]],[[[-66.59595127899996,-66.41745893899997],[-66.59595127899996,-66.41745893899997]]],[[[-64.47928181599997,-65.18773666599998],[-64.49798684799998,-65.19141716399997],[-64.47928181599997,-65.18773666599998]]],[[[-64.54413409999995,-65.19271291899997],[-64.54413409999995,-65.19271291899997]]],[[[-65.41892002999998,-66.14545584099994],[-65.44689330199998,-66.15222657699996],[-65.41892002999998,-66.14545584099994]]],[[[-64.02376058899995,-64.53052284499995],[-64.02376058899995,-64.53052284499995]]],[[[-72.20353508299996,-69.57661207499996],[-72.20353508299996,-69.57661207499996]]],[[[-59.25847299999998,-52.20097499999997],[-59.25847299999998,-52.20097499999997]]],[[[-67.32745508799997,-66.42361677999997],[-67.32745508799997,-66.42361677999997]]],[[[-55.523495895999986,-63.12700792199996],[-55.523495895999986,-63.12700792199996]]],[[[-65.57735185299998,-65.81062813799997],[-65.57735185299998,-65.81062813799997]]],[[[-64.24133244299998,-65.13421642399999],[-64.24133244299998,-65.13421642399999]]],[[[-71.83569578599997,-73.15638884399993],[-71.83569578599997,-73.15638884399993]]],[[[-66.04856557599999,-65.62327225799999],[-66.04856557599999,-65.62327225799999]]],[[[-65.41523553999997,-65.40076411099994],[-65.41523553999997,-65.40076411099994]]],[[[-61.077834999999936,-51.79553699999997],[-61.077834999999936,-51.79553699999997]]],[[[-64.25384389499993,-65.24507643099997],[-64.25384389499993,-65.24507643099997]]],[[[-57.642650798999966,-63.722097204999955],[-57.642650798999966,-63.722097204999955]]],[[[-71.85993061899995,-70.18330937899998],[-71.87968266899998,-70.18492490599994],[-71.85993061899995,-70.18330937899998]]],[[[-63.51933163399997,-64.24205871799995],[-63.51933163399997,-64.24205871799995]]],[[[-66.14653130899995,-66.01344884199995],[-66.12807611199997,-66.01805100999997],[-66.14653130899995,-66.01344884199995]]],[[[-64.22236656699994,-65.23155060299996],[-64.22236656699994,-65.23155060299996]]],[[[-67.82187164099997,-67.21180836999997],[-67.82187164099997,-67.21180836999997]]],[[[-65.69334871299998,-65.75438087399993],[-65.69334871299998,-65.75438087399993]]],[[[-66.94336340499996,-66.52377991699996],[-66.94336340499996,-66.52377991699996]]],[[[-55.21699312399994,-61.281746548999934],[-55.21699312399994,-61.281746548999934]]],[[[-65.60896050099996,-65.76752311199994],[-65.62733786099994,-65.77258901699997],[-65.60896050099996,-65.76752311199994]]],[[[-66.41335330299995,-66.36715202199997],[-66.41335330299995,-66.36715202199997]]],[[[-61.25430699999998,-51.73685599999993],[-61.25430699999998,-51.73685599999993]]],[[[-66.94737968999993,-66.36043144199994],[-66.96510033599998,-66.36496722799995],[-66.94737968999993,-66.36043144199994]]],[[[-58.27720999999997,-51.53867399999996],[-58.27720999999997,-51.53867399999996]]],[[[-65.12613360599994,-65.91330018599996],[-65.15089260899998,-65.91929075999997],[-65.12613360599994,-65.91330018599996]]],[[[-59.67642399999994,-52.264553999999976],[-59.69421099999994,-52.26944099999997],[-59.67642399999994,-52.264553999999976]]],[[[-59.84047307199995,-63.60925058699996],[-59.84047307199995,-63.60925058699996]]],[[[-71.87629579299994,-70.13612826699995],[-71.87629579299994,-70.13612826699995]]],[[[-72.18691663699997,-69.53997616799995],[-72.18691663699997,-69.53997616799995]]],[[[-28.097792973999958,-56.669251620999944],[-28.097792973999958,-56.669251620999944]]],[[[-59.758055999999954,-51.39140499999996],[-59.77683399999995,-51.39335399999993],[-59.758055999999954,-51.39140499999996]]],[[[-65.72527300199994,-66.09526958899994],[-65.72527300199994,-66.09526958899994]]],[[[-63.75030064899994,-64.93559239699994],[-63.726934865999965,-64.93715766299994],[-63.75030064899994,-64.93559239699994]]],[[[-60.75487999999996,-52.190294999999935],[-60.75487999999996,-52.190294999999935]]],[[[-37.25319118699997,-54.02098103299994],[-37.25319118699997,-54.02098103299994]]],[[[-57.90004653999995,-63.299421879999954],[-57.88118413999996,-63.30411187799996],[-57.90004653999995,-63.299421879999954]]],[[[-60.14743236999993,-62.43172739299996],[-60.14743236999993,-62.43172739299996]]],[[[-73.72408332099997,-73.38178252899996],[-73.72408332099997,-73.38178252899996]]],[[[-63.80814713899997,-64.91880874899994],[-63.80814713899997,-64.91880874899994]]],[[[-64.07205929499997,-65.09749854299997],[-64.10008116599994,-65.10261713299997],[-64.07205929499997,-65.09749854299997]]],[[[-59.96365099999997,-51.37566799999996],[-59.96365099999997,-51.37566799999996]]],[[[-59.630642999999964,-51.879321999999945],[-59.630642999999964,-51.879321999999945]]],[[[-64.31653868399997,-65.23881499199996],[-64.29670447899997,-65.24249226099994],[-64.31653868399997,-65.23881499199996]]],[[[-63.917074567999975,-64.92242783299997],[-63.89838863499995,-64.92697679199995],[-63.917074567999975,-64.92242783299997]]],[[[-67.09610614599995,-66.28639856599995],[-67.11343996799997,-66.29435905299994],[-67.09610614599995,-66.28639856599995]]],[[[-64.16635040499995,-65.60500546099996],[-64.16635040499995,-65.60500546099996]]],[[[-61.055601999999965,-51.802652999999964],[-61.055601999999965,-51.802652999999964]]],[[[-59.75693199999995,-51.83709499999998],[-59.77652399999994,-51.85199099999994],[-59.75693199999995,-51.83709499999998]]],[[[-64.42316819399997,-65.70589717699994],[-64.40515118999997,-65.71417023799995],[-64.42316819399997,-65.70589717699994]]],[[[-64.10003360499996,-64.76683134599995],[-64.10003360499996,-64.76683134599995]]],[[[-65.51845350999997,-65.41150194199997],[-65.51845350999997,-65.41150194199997]]],[[[-65.95277082099994,-66.03730487399997],[-65.95277082099994,-66.03730487399997]]],[[[-64.95920260599996,-65.44468798099996],[-64.95920260599996,-65.44468798099996]]],[[[-65.62036681699993,-65.41262531499996],[-65.62036681699993,-65.41262531499996]]],[[[-72.32308166199994,-70.56930656799994],[-72.32308166199994,-70.56930656799994]]],[[[-65.68991324299998,-64.95505098899997],[-65.68991324299998,-64.95505098899997]]],[[[-67.40096999999997,-54.902057999999954],[-67.37387099999995,-54.908023999999955],[-67.40096999999997,-54.902057999999954]]],[[[-60.513806999999986,-51.48225899999994],[-60.513806999999986,-51.48225899999994]]],[[[-65.59057992799995,-65.77888548999994],[-65.60882710199996,-65.78092535099995],[-65.59057992799995,-65.77888548999994]]],[[[-67.33748599999996,-54.90027599999996],[-67.33748599999996,-54.90027599999996]]],[[[-65.83668542899994,-66.05608817199999],[-65.83668542899994,-66.05608817199999]]],[[[-59.73122797499997,-62.40985329799997],[-59.73122797499997,-62.40985329799997]]],[[[-71.20433646999999,-73.02944216599997],[-71.20433646999999,-73.02944216599997]]],[[[-65.67589887699995,-66.06798649399997],[-65.67589887699995,-66.06798649399997]]],[[[-72.26250280699998,-70.49217864399998],[-72.26250280699998,-70.49217864399998]]],[[[-70.66395000599994,-70.19209268399999],[-70.66395000599994,-70.19209268399999]]],[[[-65.68769317999994,-65.95028386899997],[-65.68769317999994,-65.95028386899997]]],[[[-65.58915669599997,-65.57793733999995],[-65.58915669599997,-65.57793733999995]]],[[[-64.13463830299997,-65.03448092899998],[-64.13463830299997,-65.03448092899998]]],[[[-67.11810380999998,-66.43105963999994],[-67.14518559899994,-66.43453045099994],[-67.11810380999998,-66.43105963999994]]],[[[-58.778201999999965,-51.946369999999945],[-58.75384599999995,-51.94589399999995],[-58.778201999999965,-51.946369999999945]]],[[[-63.78167132699997,-64.91806497699997],[-63.78167132699997,-64.91806497699997]]],[[[-63.867614156999934,-64.96471891799996],[-63.90012306799997,-64.96948984599999],[-63.867614156999934,-64.96471891799996]]],[[[-64.24866226799998,-64.64755850799997],[-64.24866226799998,-64.64755850799997]]],[[[-68.24029856199996,-67.59010573899997],[-68.24029856199996,-67.59010573899997]]],[[[-68.48636599999998,-54.86004299999996],[-68.48636599999998,-54.86004299999996]]],[[[-64.15860859899993,-65.05307447599995],[-64.15860859899993,-65.05307447599995]]],[[[-61.12759445399996,-62.56225851999994],[-61.12759445399996,-62.56225851999994]]],[[[-61.498010997999984,-64.51385663999997],[-61.498010997999984,-64.51385663999997]]],[[[-64.15685199999996,-54.851121999999975],[-64.15685199999996,-54.851121999999975]]],[[[-56.70561620899997,-62.060298612999986],[-56.70561620899997,-62.060298612999986]]],[[[-36.92752626999993,-54.46506568199993],[-36.92752626999993,-54.46506568199993]]],[[[-65.12067537399997,-65.91147270099998],[-65.12067537399997,-65.91147270099998]]],[[[-36.942992636999975,-54.46841914899994],[-36.942992636999975,-54.46841914899994]]],[[[-59.62326499999995,-51.34264899999994],[-59.62326499999995,-51.34264899999994]]],[[[-65.43385600799996,-65.40553413299995],[-65.43385600799996,-65.40553413299995]]],[[[-66.40352385299997,-66.40242055099998],[-66.40352385299997,-66.40242055099998]]],[[[-71.23837570499995,-70.24933744399993],[-71.23837570499995,-70.24933744399993]]],[[[-58.484171999999944,-51.455803999999944],[-58.484171999999944,-51.455803999999944]]],[[[-63.88237682299996,-64.89564820399994],[-63.85552313199997,-64.89959860399995],[-63.88237682299996,-64.89564820399994]]],[[[-67.71118654899993,-66.87259395999996],[-67.71118654899993,-66.87259395999996]]],[[[-71.85403082499994,-73.15404478299996],[-71.85403082499994,-73.15404478299996]]],[[[-67.10186118499996,-66.25296828199998],[-67.10186118499996,-66.25296828199998]]],[[[-61.27169753499999,-64.04498261399993],[-61.27169753499999,-64.04498261399993]]],[[[-59.66306399999996,-52.03839499999998],[-59.66306399999996,-52.03839499999998]]],[[[-70.74791439599994,-70.14392329799995],[-70.74791439599994,-70.14392329799995]]],[[[-59.74770499999994,-51.39468199999993],[-59.74770499999994,-51.39468199999993]]],[[[-59.99448424999997,-62.43800109499995],[-59.99448424999997,-62.43800109499995]]],[[[-64.53685332899994,-65.18647068499996],[-64.53685332899994,-65.18647068499996]]],[[[-65.78123400999993,-65.93358729099998],[-65.78123400999993,-65.93358729099998]]],[[[-45.31493918499996,-60.68425234999995],[-45.31493918499996,-60.68425234999995]]],[[[-65.60237301899997,-65.60420584999997],[-65.60237301899997,-65.60420584999997]]],[[[-66.07487615799994,-65.87622338999995],[-66.07487615799994,-65.87622338999995]]],[[[-63.87514334999997,-64.96962078099995],[-63.89588048599995,-64.97484969699997],[-63.87514334999997,-64.96962078099995]]],[[[-67.11933245199998,-66.24634934799997],[-67.11933245199998,-66.24634934799997]]],[[[-59.19417899999996,-51.580746999999974],[-59.19417899999996,-51.580746999999974]]],[[[-65.44860819599995,-66.02847914699998],[-65.44860819599995,-66.02847914699998]]],[[[-45.917391743999985,-60.63538971699995],[-45.917391743999985,-60.63538971699995]]],[[[-62.99286507499994,-64.31844243099994],[-62.99286507499994,-64.31844243099994]]],[[[-65.32698645799996,-65.41194659299998],[-65.32698645799996,-65.41194659299998]]],[[[-58.664515999999935,-51.95210199999997],[-58.664515999999935,-51.95210199999997]]],[[[-65.86399679299996,-65.86800882099993],[-65.88281750999994,-65.87190346599994],[-65.86399679299996,-65.86800882099993]]],[[[-59.71204499999993,-51.43868399999997],[-59.71204499999993,-51.43868399999997]]],[[[-60.73635989899998,-63.91193291299999],[-60.73635989899998,-63.91193291299999]]],[[[-66.77717254199996,-67.24516017699995],[-66.77717254199996,-67.24516017699995]]],[[[-66.26290623199998,-65.88608130599994],[-66.26290623199998,-65.88608130599994]]],[[[-65.64426212099994,-65.92759431199994],[-65.64426212099994,-65.92759431199994]]],[[[-60.82820565999998,-64.01661665299997],[-60.82820565999998,-64.01661665299997]]],[[[-58.75612431099995,-62.06829117199999],[-58.75612431099995,-62.06829117199999]]],[[[-65.62528416899994,-65.67626855599997],[-65.62528416899994,-65.67626855599997]]],[[[-64.00980905899996,-64.90296126699997],[-64.00980905899996,-64.90296126699997]]],[[[-65.32294851399996,-65.37409262599994],[-65.32294851399996,-65.37409262599994]]],[[[-59.06849599999998,-51.48261199999996],[-59.09396899999996,-51.48866599999997],[-59.06849599999998,-51.48261199999996]]],[[[-58.93682299999995,-51.85255999999998],[-58.93682299999995,-51.85255999999998]]],[[[-67.20010239999993,-66.32127643199993],[-67.17822638199993,-66.32412481299997],[-67.20010239999993,-66.32127643199993]]],[[[-61.24074899999994,-51.66616699999997],[-61.24074899999994,-51.66616699999997]]],[[[-64.10668598499996,-65.01557743499995],[-64.12718005899995,-65.01857260499997],[-64.10668598499996,-65.01557743499995]]],[[[-65.62507180699998,-65.40860445199996],[-65.62507180699998,-65.40860445199996]]],[[[-67.84888167399998,-67.23028826399997],[-67.84888167399998,-67.23028826399997]]],[[[-59.873089999999934,-52.12979299999995],[-59.873089999999934,-52.12979299999995]]],[[[-59.00539199999997,-52.08047699999997],[-59.00539199999997,-52.08047699999997]]],[[[-63.38187570799994,-65.05128520199997],[-63.38187570799994,-65.05128520199997]]],[[[-66.08823239199995,-66.39774368099995],[-66.08823239199995,-66.39774368099995]]],[[[-66.06741837399994,-65.64438660599996],[-66.06741837399994,-65.64438660599996]]],[[[-56.374327533999974,-62.96908019299997],[-56.374327533999974,-62.96908019299997]]],[[[-45.03996754999997,-60.72518460599997],[-45.03996754999997,-60.72518460599997]]],[[[-65.69866728999995,-65.87547527999993],[-65.69866728999995,-65.87547527999993]]],[[[-66.20259051199997,-65.88039663199999],[-66.20259051199997,-65.88039663199999]]],[[[-60.19590464699996,-62.47027314699994],[-60.19590464699996,-62.47027314699994]]],[[[-63.91910366299999,-65.03305614699997],[-63.91910366299999,-65.03305614699997]]],[[[-63.74795559199998,-64.29001655899998],[-63.74795559199998,-64.29001655899998]]],[[[-72.26398470799995,-70.50116261099998],[-72.26398470799995,-70.50116261099998]]],[[[-65.98518545299999,-65.98138895399995],[-65.98518545299999,-65.98138895399995]]],[[[-64.36953799299994,-64.77151568599999],[-64.36953799299994,-64.77151568599999]]],[[[-58.249139527999944,-63.37399768599994],[-58.27012118799996,-63.37486606899995],[-58.249139527999944,-63.37399768599994]]],[[[-63.90672011699996,-64.93170862399995],[-63.90672011699996,-64.93170862399995]]],[[[-66.51356057099997,-66.36601545499997],[-66.51356057099997,-66.36601545499997]]],[[[-63.89197410799994,-64.43014816199997],[-63.89197410799994,-64.43014816199997]]],[[[-60.829499984999984,-63.671652446999985],[-60.829499984999984,-63.671652446999985]]],[[[-64.19821424199995,-65.22002463099994],[-64.19821424199995,-65.22002463099994]]],[[[-64.96190220099999,-65.43468957299996],[-64.96190220099999,-65.43468957299996]]],[[[-66.08457585299993,-66.37977579299996],[-66.08457585299993,-66.37977579299996]]],[[[-44.84473620699998,-60.63373618799994],[-44.84473620699998,-60.63373618799994]]],[[[-42.03788999999995,-53.54905899999994],[-42.03788999999995,-53.54905899999994]]],[[[-67.18706184599995,-68.79120340899993],[-67.18706184599995,-68.79120340899993]]],[[[-58.93809299999998,-51.86237599999998],[-58.91884299999998,-51.87205299999994],[-58.93809299999998,-51.86237599999998]]],[[[-65.44546039499994,-65.50570694499999],[-65.44546039499994,-65.50570694499999]]],[[[-64.36243399099993,-64.77494658399996],[-64.36243399099993,-64.77494658399996]]],[[[-64.16396806299997,-65.04872063999994],[-64.16396806299997,-65.04872063999994]]],[[[-61.156942999999956,-51.05587899999995],[-61.156942999999956,-51.05587899999995]]],[[[-72.21002300599997,-69.69720049799997],[-72.21002300599997,-69.69720049799997]]],[[[-65.36199851399994,-66.00540262499999],[-65.36199851399994,-66.00540262499999]]],[[[-63.355003643999964,-64.23558466199995],[-63.355003643999964,-64.23558466199995]]],[[[-64.15498062299997,-65.06550473999994],[-64.15498062299997,-65.06550473999994]]],[[[-66.05428270099998,-65.96976691499998],[-66.05428270099998,-65.96976691499998]]],[[[-64.46215809199998,-65.20382017599997],[-64.46215809199998,-65.20382017599997]]],[[[-65.55890465899995,-65.58119292899994],[-65.55890465899995,-65.58119292899994]]],[[[-65.56155539899999,-65.64973726299996],[-65.56155539899999,-65.64973726299996]]],[[[-46.67902827399996,-60.57175404999998],[-46.67902827399996,-60.57175404999998]]],[[[-71.88792755699995,-70.17364649099994],[-71.88792755699995,-70.17364649099994]]],[[[-65.63877266699996,-65.78263586699995],[-65.63877266699996,-65.78263586699995]]],[[[-67.09123269299994,-66.40958070599999],[-67.09123269299994,-66.40958070599999]]],[[[-63.688101674999984,-65.02243794299994],[-63.688101674999984,-65.02243794299994]]],[[[-60.47613499999994,-52.18167699999998],[-60.47613499999994,-52.18167699999998]]],[[[-62.69274738399997,-64.54930050999997],[-62.69274738399997,-64.54930050999997]]],[[[-63.77295192899999,-64.95978149899997],[-63.77295192899999,-64.95978149899997]]],[[[-65.98669574899998,-65.93507402199998],[-65.98669574899998,-65.93507402199998]]],[[[-60.29944299999994,-51.648665999999935],[-60.29944299999994,-51.648665999999935]]],[[[-62.86701898299998,-64.71408730499996],[-62.86701898299998,-64.71408730499996]]],[[[-59.851887999999974,-51.335909999999956],[-59.851887999999974,-51.335909999999956]]],[[[-57.75698599999998,-51.62234399999994],[-57.75698599999998,-51.62234399999994]]],[[[-45.148327740999946,-60.76381072399994],[-45.148327740999946,-60.76381072399994]]],[[[-63.47293279499996,-64.23907484299997],[-63.47293279499996,-64.23907484299997]]],[[[-65.18883118899998,-65.73690529299995],[-65.18883118899998,-65.73690529299995]]],[[[-65.93799870699996,-65.92631320999993],[-65.93799870699996,-65.92631320999993]]],[[[-65.53757995399997,-65.45637644699997],[-65.53757995399997,-65.45637644699997]]],[[[-64.21351208399994,-65.11541162499998],[-64.21351208399994,-65.11541162499998]]],[[[-67.10985953399995,-66.44654016599998],[-67.10985953399995,-66.44654016599998]]],[[[-69.00719435699995,-68.33866888899996],[-69.00719435699995,-68.33866888899996]]],[[[-67.15569228199996,-66.42526003599994],[-67.15569228199996,-66.42526003599994]]],[[[-63.838280993999945,-64.89510117799995],[-63.838280993999945,-64.89510117799995]]],[[[-61.09790499999997,-52.00282899999996],[-61.09790499999997,-52.00282899999996]]],[[[-55.70395765699993,-63.49420919099998],[-55.70395765699993,-63.49420919099998]]],[[[-64.22904960099999,-64.72296860499995],[-64.22904960099999,-64.72296860499995]]],[[[-68.39885499499997,-67.79963113899998],[-68.41572265699995,-67.80675332199996],[-68.39885499499997,-67.79963113899998]]],[[[-71.56869183899994,-73.21458802299998],[-71.56869183899994,-73.21458802299998]]],[[[-60.16137657099995,-62.43188871199993],[-60.16137657099995,-62.43188871199993]]],[[[-64.26106664399998,-64.57693620699996],[-64.26106664399998,-64.57693620699996]]],[[[-64.26526869199995,-65.12347226199995],[-64.26526869199995,-65.12347226199995]]],[[[-59.00499899999994,-52.44076499999994],[-59.00499899999994,-52.44076499999994]]],[[[-60.86848053399996,-64.04050157799998],[-60.86848053399996,-64.04050157799998]]],[[[-61.20151199999998,-51.80496199999993],[-61.20151199999998,-51.80496199999993]]],[[[-63.85613382599996,-64.89288230299996],[-63.85613382599996,-64.89288230299996]]],[[[-58.60531199999997,-51.97153599999996],[-58.60531199999997,-51.97153599999996]]],[[[-55.383719370999984,-60.98482618999998],[-55.383719370999984,-60.98482618999998]]],[[[-58.80469599999998,-52.19731399999995],[-58.80469599999998,-52.19731399999995]]],[[[-67.15437057499997,-68.35279229099996],[-67.15437057499997,-68.35279229099996]]],[[[-66.99900255399996,-68.18239923599998],[-66.99900255399996,-68.18239923599998]]],[[[-58.49495399999995,-51.980155999999965],[-58.49495399999995,-51.980155999999965]]],[[[-59.55286499999994,-51.670334999999966],[-59.53810899999996,-51.658848999999975],[-59.55286499999994,-51.670334999999966]]],[[[-66.00371601299997,-65.62964807999998],[-66.00371601299997,-65.62964807999998]]],[[[-60.98645799999997,-51.863475999999935],[-60.98645799999997,-51.863475999999935]]],[[[-59.34749151799997,-62.38619885799994],[-59.34749151799997,-62.38619885799994]]],[[[-61.19078399999995,-51.80424499999998],[-61.19078399999995,-51.80424499999998]]],[[[-60.96953830799998,-63.83915317399993],[-60.96953830799998,-63.83915317399993]]],[[[-65.36514418499996,-65.43335093099995],[-65.36514418499996,-65.43335093099995]]],[[[-61.21297699999997,-51.84093599999994],[-61.21297699999997,-51.84093599999994]]],[[[-65.71404225199996,-66.06276694399997],[-65.71404225199996,-66.06276694399997]]],[[[-66.79461277299998,-66.86623559399999],[-66.79461277299998,-66.86623559399999]]],[[[-58.63966334599996,-63.975209166999946],[-58.63966334599996,-63.975209166999946]]],[[[-63.95939396299997,-64.89171836099996],[-63.95939396299997,-64.89171836099996]]],[[[-58.914008999999965,-51.86729399999996],[-58.914008999999965,-51.86729399999996]]],[[[-61.20312199999995,-51.87155699999994],[-61.20312199999995,-51.87155699999994]]],[[[-67.52032328799999,-68.69555315899999],[-67.52032328799999,-68.69555315899999]]],[[[-68.68241393699998,-69.34342427899998],[-68.68241393699998,-69.34342427899998]]],[[[-58.596018999999956,-52.03422599999993],[-58.596018999999956,-52.03422599999993]]],[[[-58.25372699999997,-51.854258999999956],[-58.25372699999997,-51.854258999999956]]],[[[-59.89907805699994,-65.09072414699995],[-59.89907805699994,-65.09072414699995]]],[[[-68.23854099999994,-54.86180899999994],[-68.23854099999994,-54.86180899999994]]],[[[-36.670569660999945,-54.156276729999945],[-36.670569660999945,-54.156276729999945]]],[[[-62.79590446399993,-64.55856560999996],[-62.79590446399993,-64.55856560999996]]],[[[-64.22843017599996,-65.24229709999997],[-64.22843017599996,-65.24229709999997]]],[[[-64.44036762199994,-64.78372382199996],[-64.44036762199994,-64.78372382199996]]],[[[-59.94195144799994,-62.43860376699996],[-59.94195144799994,-62.43860376699996]]],[[[-36.755181413999935,-54.63512598899996],[-36.755181413999935,-54.63512598899996]]],[[[-61.426960460999965,-63.96846754999996],[-61.426960460999965,-63.96846754999996]]],[[[-35.99676712499996,-54.50755941699998],[-35.99676712499996,-54.50755941699998]]],[[[-64.01867824899995,-64.79140494799998],[-64.01867824899995,-64.79140494799998]]],[[[-64.01067121899996,-64.80590183399994],[-64.01067121899996,-64.80590183399994]]],[[[-64.25472059099997,-65.24719163699996],[-64.25472059099997,-65.24719163699996]]],[[[-64.93638165899995,-65.43521260499995],[-64.93638165899995,-65.43521260499995]]],[[[-65.65446183599994,-65.77550816999997],[-65.65446183599994,-65.77550816999997]]],[[[-58.95234399999998,-51.83620899999994],[-58.95234399999998,-51.83620899999994]]],[[[-63.48283357299994,-64.22804106199993],[-63.48283357299994,-64.22804106199993]]],[[[-64.03499846299997,-65.03982741599998],[-64.03499846299997,-65.03982741599998]]],[[[-59.58705699999996,-52.228976999999986],[-59.58705699999996,-52.228976999999986]]],[[[-58.91634099999993,-52.12244499999997],[-58.91634099999993,-52.12244499999997]]],[[[-61.31304499999993,-50.99971799999997],[-61.29643799999997,-51.00710299999997],[-61.31304499999993,-50.99971799999997]]],[[[-61.14253299999996,-51.811184999999966],[-61.14253299999996,-51.811184999999966]]],[[[-64.05064246299997,-64.98710484299994],[-64.07097181099994,-64.99091059799997],[-64.05064246299997,-64.98710484299994]]],[[[-58.851673999999946,-52.141164999999944],[-58.851673999999946,-52.141164999999944]]],[[[-61.81709690799994,-64.47886730699997],[-61.81709690799994,-64.47886730699997]]],[[[-58.085519999999974,-51.53767799999997],[-58.085519999999974,-51.53767799999997]]],[[[-68.06863241399998,-68.57729423499995],[-68.06863241399998,-68.57729423499995]]],[[[-55.69230032699994,-63.49006728599994],[-55.69230032699994,-63.49006728599994]]],[[[-26.65833680299994,-59.01555089899995],[-26.65833680299994,-59.01555089899995]]],[[[-62.90033419499997,-64.29228342499994],[-62.90033419499997,-64.29228342499994]]],[[[-71.24796502799995,-73.01654619599998],[-71.24796502799995,-73.01654619599998]]],[[[-44.86986514399996,-60.69187874399995],[-44.86986514399996,-60.69187874399995]]],[[[-65.17008233399997,-65.63414436799997],[-65.17008233399997,-65.63414436799997]]],[[[-64.31035606499995,-65.23550703899997],[-64.31035606499995,-65.23550703899997]]],[[[-65.81521106799994,-65.48555169999997],[-65.81521106799994,-65.48555169999997]]],[[[-59.75718699999999,-51.373069999999984],[-59.75718699999999,-51.373069999999984]]],[[[-64.14789811699995,-65.32104571799994],[-64.14789811699995,-65.32104571799994]]],[[[-63.86558125899995,-64.93150867899993],[-63.86558125899995,-64.93150867899993]]],[[[-62.899965288999965,-64.41267573699997],[-62.899965288999965,-64.41267573699997]]],[[[-61.24287028699996,-62.76602667099996],[-61.24287028699996,-62.76602667099996]]],[[[-67.20170830199999,-66.32397335499996],[-67.18108901899996,-66.32610716899995],[-67.20170830199999,-66.32397335499996]]],[[[-64.11790144399998,-65.02841725799993],[-64.11790144399998,-65.02841725799993]]],[[[-71.64906649399995,-70.12357453099997],[-71.64906649399995,-70.12357453099997]]],[[[-65.61299850099994,-65.40426882699995],[-65.61299850099994,-65.40426882699995]]],[[[-64.03808472499998,-64.91872891599996],[-64.03808472499998,-64.91872891599996]]],[[[-66.83934873299995,-67.55456939099997],[-66.83934873299995,-67.55456939099997]]],[[[-63.99760780099996,-65.00269553199996],[-63.99760780099996,-65.00269553199996]]],[[[-63.20865233699993,-64.93892842699995],[-63.20865233699993,-64.93892842699995]]],[[[-66.97382196399997,-67.71754846199997],[-66.97382196399997,-67.71754846199997]]],[[[-61.15808999999996,-51.86857799999996],[-61.15808999999996,-51.86857799999996]]],[[[-64.38773999999995,-54.84734199999997],[-64.38773999999995,-54.84734199999997]]],[[[-58.306749999999965,-51.42035699999997],[-58.306749999999965,-51.42035699999997]]],[[[-26.723545712999965,-59.02673767999994],[-26.723545712999965,-59.02673767999994]]],[[[-63.99289855999996,-64.99918772899997],[-64.01241523899995,-65.00267321399997],[-63.99289855999996,-64.99918772899997]]],[[[-60.85121899999996,-51.253439999999955],[-60.85121899999996,-51.253439999999955]]],[[[-68.82640405699993,-67.75782867899994],[-68.82640405699993,-67.75782867899994]]],[[[-58.246933353999964,-63.36559935099996],[-58.246933353999964,-63.36559935099996]]],[[[-64.46476391999994,-64.78005338399998],[-64.46476391999994,-64.78005338399998]]],[[[-62.57724196999993,-64.03174889199994],[-62.57724196999993,-64.03174889199994]]],[[[-61.03453440699997,-64.16430230699996],[-61.03453440699997,-64.16430230699996]]],[[[-59.655115999999964,-51.353587999999945],[-59.655115999999964,-51.353587999999945]]],[[[-60.980794999999944,-51.048771999999985],[-60.980794999999944,-51.048771999999985]]],[[[-68.18956917699995,-67.60702750499996],[-68.18956917699995,-67.60702750499996]]],[[[-59.795580782999934,-62.389031399999965],[-59.77790668399996,-62.39644813099994],[-59.795580782999934,-62.389031399999965]]],[[[-59.06140099999993,-51.684113999999965],[-59.06140099999993,-51.684113999999965]]],[[[-71.90850051299998,-70.20035262199997],[-71.90850051299998,-70.20035262199997]]],[[[-72.29570708599994,-70.51533734899994],[-72.29570708599994,-70.51533734899994]]],[[[-65.42246394099993,-66.02294940699994],[-65.42246394099993,-66.02294940699994]]],[[[-71.97211326499996,-73.17822902399996],[-71.97211326499996,-73.17822902399996]]],[[[-65.49671988099993,-65.42173774699995],[-65.49671988099993,-65.42173774699995]]],[[[-65.73253413399993,-66.22594176999996],[-65.73253413399993,-66.22594176999996]]],[[[-66.02174053799996,-65.94500784099995],[-66.02174053799996,-65.94500784099995]]],[[[-64.12367780399995,-65.02152968799999],[-64.12367780399995,-65.02152968799999]]],[[[-67.03015899999997,-54.953895999999986],[-67.03015899999997,-54.953895999999986]]],[[[-59.928958103999946,-62.374455240999964],[-59.928958103999946,-62.374455240999964]]],[[[-59.85272015199996,-62.39472993199996],[-59.85272015199996,-62.39472993199996]]],[[[-61.02113621799998,-63.865432960999954],[-61.02113621799998,-63.865432960999954]]],[[[-63.09851315299994,-64.45202571899995],[-63.09851315299994,-64.45202571899995]]],[[[-61.072766129999934,-64.28400295799997],[-61.072766129999934,-64.28400295799997]]],[[[-59.895996999999966,-51.365800999999976],[-59.895996999999966,-51.365800999999976]]],[[[-63.83224031499998,-64.89923257199996],[-63.83224031499998,-64.89923257199996]]],[[[-65.69707696799998,-65.96257455399996],[-65.69707696799998,-65.96257455399996]]],[[[-60.06020157499995,-62.446958792999965],[-60.06020157499995,-62.446958792999965]]],[[[-65.38138254799998,-65.43839360099997],[-65.38138254799998,-65.43839360099997]]],[[[-71.77613657899997,-70.17441850299997],[-71.77613657899997,-70.17441850299997]]],[[[-71.88727727099996,-70.18846677099998],[-71.88727727099996,-70.18846677099998]]],[[[-64.11471202999996,-65.07092092699997],[-64.11471202999996,-65.07092092699997]]],[[[-57.910633109999935,-63.31294189999994],[-57.910633109999935,-63.31294189999994]]],[[[-59.13969899999995,-52.006096999999954],[-59.13969899999995,-52.006096999999954]]],[[[-65.60995464699994,-65.38262645499998],[-65.60995464699994,-65.38262645499998]]],[[[-64.25022699999994,-54.69139599999994],[-64.25022699999994,-54.69139599999994]]],[[[-66.21622254699997,-65.89412097299999],[-66.21622254699997,-65.89412097299999]]],[[[-66.26544517899998,-65.87203519699995],[-66.26544517899998,-65.87203519699995]]],[[[-65.45646779599997,-65.40807952999995],[-65.45646779599997,-65.40807952999995]]],[[[-66.97066789399997,-66.24846814399996],[-66.97066789399997,-66.24846814399996]]],[[[-61.62541597099994,-64.14239319599994],[-61.62541597099994,-64.14239319599994]]],[[[-58.398289999999974,-51.46449999999999],[-58.398289999999974,-51.46449999999999]]],[[[-44.46292554299998,-60.71369804999995],[-44.46292554299998,-60.71369804999995]]],[[[-59.022775999999965,-51.806362999999976],[-59.022775999999965,-51.806362999999976]]],[[[-67.06862098699997,-67.83195106799997],[-67.08595932599997,-67.83812481899997],[-67.06862098699997,-67.83195106799997]]],[[[-59.712822760999984,-62.341570359999935],[-59.712822760999984,-62.341570359999935]]],[[[-46.091324388999965,-60.589767276999964],[-46.091324388999965,-60.589767276999964]]],[[[-61.456730999999934,-50.996951999999965],[-61.456730999999934,-50.996951999999965]]],[[[-62.97523337299998,-64.30781575499998],[-62.97523337299998,-64.30781575499998]]],[[[-64.11704160999994,-65.33133808699995],[-64.11704160999994,-65.33133808699995]]],[[[-62.904977275999954,-64.34920963899998],[-62.904977275999954,-64.34920963899998]]],[[[-64.96404945199998,-65.56780802399999],[-64.96404945199998,-65.56780802399999]]],[[[-72.15357299499993,-69.78807597899998],[-72.15357299499993,-69.78807597899998]]],[[[-68.86796127599996,-68.07552518499995],[-68.86796127599996,-68.07552518499995]]],[[[-60.52177399999994,-51.86299599999995],[-60.52177399999994,-51.86299599999995]]],[[[-60.76558899999998,-51.31737899999996],[-60.76558899999998,-51.31737899999996]]],[[[-72.20136263599994,-70.24966280299998],[-72.20136263599994,-70.24966280299998]]],[[[-65.04720304199998,-65.90952014399994],[-65.04720304199998,-65.90952014399994]]],[[[-63.65527793699994,-64.31008446499993],[-63.65527793699994,-64.31008446499993]]],[[[-45.14046739499997,-60.75777610899996],[-45.14046739499997,-60.75777610899996]]],[[[-60.31474192099995,-62.48031277699994],[-60.31474192099995,-62.48031277699994]]],[[[-63.70810388499996,-64.34054434999996],[-63.70810388499996,-64.34054434999996]]],[[[-37.43370326999997,-54.16598685099996],[-37.41220450399993,-54.169598604999976],[-37.43370326999997,-54.16598685099996]]],[[[-55.846059827999966,-63.002627632999975],[-55.846059827999966,-63.002627632999975]]],[[[-60.815053999999975,-51.10993399999995],[-60.815053999999975,-51.10993399999995]]],[[[-68.85207666999997,-68.08559990799995],[-68.85207666999997,-68.08559990799995]]],[[[-60.87557399999997,-51.938868999999954],[-60.87557399999997,-51.938868999999954]]],[[[-63.946019976999935,-64.89012933899994],[-63.946019976999935,-64.89012933899994]]],[[[-67.59701109299994,-66.59428037299995],[-67.59701109299994,-66.59428037299995]]],[[[-64.04071475299997,-64.91589188299997],[-64.04071475299997,-64.91589188299997]]],[[[-60.961971999999946,-51.983379999999954],[-60.961971999999946,-51.983379999999954]]],[[[-65.22014399599993,-65.77586589799995],[-65.22014399599993,-65.77586589799995]]],[[[-64.15483140899994,-65.03712741699997],[-64.15483140899994,-65.03712741699997]]],[[[-67.53291253099997,-68.69008912099997],[-67.53291253099997,-68.69008912099997]]],[[[-62.881551069999944,-64.51475964999997],[-62.881551069999944,-64.51475964999997]]],[[[-66.96718204499996,-66.24004281599997],[-66.96718204499996,-66.24004281599997]]],[[[-58.94200099999995,-51.83572699999996],[-58.94200099999995,-51.83572699999996]]],[[[-64.33038738499994,-65.23254960199995],[-64.33038738499994,-65.23254960199995]]],[[[-67.10058250399999,-66.45086947299995],[-67.10058250399999,-66.45086947299995]]],[[[-65.98705218699996,-65.97381504899994],[-65.98705218699996,-65.97381504899994]]],[[[-65.10797317499998,-65.88524703199994],[-65.10797317499998,-65.88524703199994]]],[[[-61.01562989599995,-64.04509856599998],[-61.01562989599995,-64.04509856599998]]],[[[-67.50042901199998,-68.70158088299996],[-67.50042901199998,-68.70158088299996]]],[[[-60.46907299999998,-52.214275999999984],[-60.46907299999998,-52.214275999999984]]],[[[-62.17851026799997,-63.22957375999994],[-62.17851026799997,-63.22957375999994]]],[[[-59.081079999999986,-51.68372999999997],[-59.081079999999986,-51.68372999999997]]],[[[-65.68924423299995,-65.88454115299999],[-65.68924423299995,-65.88454115299999]]],[[[-69.03971543399996,-68.04311324499997],[-69.03971543399996,-68.04311324499997]]],[[[-60.16869153599998,-62.467385745999934],[-60.16869153599998,-62.467385745999934]]],[[[-66.18791383499996,-65.87348690699997],[-66.18791383499996,-65.87348690699997]]],[[[-54.67235402099993,-63.43071624299995],[-54.67235402099993,-63.43071624299995]]],[[[-37.31371702599995,-54.009860927999966],[-37.31371702599995,-54.009860927999966]]],[[[-67.16175918999994,-66.39968844799995],[-67.16175918999994,-66.39968844799995]]],[[[-64.34225309199996,-64.70161330599996],[-64.34225309199996,-64.70161330599996]]],[[[-62.968385556999976,-64.49760785399997],[-62.968385556999976,-64.49760785399997]]],[[[-71.84511911299995,-70.19540116399997],[-71.84511911299995,-70.19540116399997]]],[[[-66.00849276099996,-65.86955879699997],[-66.00849276099996,-65.86955879699997]]],[[[-58.794986999999935,-51.90593899999993],[-58.774689999999964,-51.907794999999965],[-58.794986999999935,-51.90593899999993]]],[[[-67.24842621599998,-67.83503483199996],[-67.24842621599998,-67.83503483199996]]],[[[-62.828231811999956,-64.44146870599997],[-62.828231811999956,-64.44146870599997]]],[[[-59.655584999999974,-51.90660099999997],[-59.655584999999974,-51.90660099999997]]],[[[-65.65180721799999,-65.55586668199999],[-65.65180721799999,-65.55586668199999]]],[[[-67.73479774799995,-66.88709097099996],[-67.73479774799995,-66.88709097099996]]],[[[-65.78524094899996,-65.92121802099996],[-65.78524094899996,-65.92121802099996]]],[[[-61.994323588999976,-64.28290568799997],[-61.994323588999976,-64.28290568799997]]],[[[-65.70997107999995,-66.16026496199999],[-65.70997107999995,-66.16026496199999]]],[[[-68.66640679099999,-69.08809763599999],[-68.66640679099999,-69.08809763599999]]],[[[-64.54291647999997,-65.18402660799995],[-64.54291647999997,-65.18402660799995]]],[[[-68.83192876499999,-68.08011538799997],[-68.83192876499999,-68.08011538799997]]],[[[-64.39374502699997,-64.78661400599998],[-64.39374502699997,-64.78661400599998]]],[[[-65.36394396999998,-65.35444228399996],[-65.36394396999998,-65.35444228399996]]],[[[-64.33553653199994,-64.70867944599996],[-64.33553653199994,-64.70867944599996]]],[[[-66.25562238799995,-65.88152152599997],[-66.25562238799995,-65.88152152599997]]],[[[-63.67334426499997,-64.30867150799997],[-63.67334426499997,-64.30867150799997]]],[[[-63.506300419999945,-64.25020752999995],[-63.506300419999945,-64.25020752999995]]],[[[-65.64131079499998,-65.78116485099997],[-65.64131079499998,-65.78116485099997]]],[[[-59.66409199999998,-51.33388999999994],[-59.66409199999998,-51.33388999999994]]],[[[-68.53108680499997,-69.34534856999994],[-68.53108680499997,-69.34534856999994]]],[[[-64.10717043299996,-64.55469065999995],[-64.10717043299996,-64.55469065999995]]],[[[-65.59629577299995,-65.58419907799998],[-65.59629577299995,-65.58419907799998]]],[[[-66.04122149299997,-65.95542536599999],[-66.04122149299997,-65.95542536599999]]],[[[-61.836177858999974,-64.48503537199997],[-61.836177858999974,-64.48503537199997]]],[[[-65.84232860899994,-66.06432366599995],[-65.84232860899994,-66.06432366599995]]],[[[-60.77016099999997,-52.18995899999993],[-60.77016099999997,-52.18995899999993]]],[[[-65.63690789899994,-65.67899236599993],[-65.63690789899994,-65.67899236599993]]],[[[-64.16580977299998,-65.33513731299996],[-64.16580977299998,-65.33513731299996]]],[[[-62.28630052099999,-64.74474145099998],[-62.28630052099999,-64.74474145099998]]],[[[-64.28261773699995,-65.23467345899996],[-64.28261773699995,-65.23467345899996]]],[[[-59.69888260399995,-62.33129353999993],[-59.69888260399995,-62.33129353999993]]],[[[-65.70586266799995,-65.49232655799995],[-65.70586266799995,-65.49232655799995]]],[[[-64.25498428199995,-65.23800989799997],[-64.25498428199995,-65.23800989799997]]],[[[-60.206875999999966,-51.40310499999998],[-60.206875999999966,-51.40310499999998]]],[[[-60.561422999999934,-51.479404999999986],[-60.561422999999934,-51.479404999999986]]],[[[-60.553871999999956,-51.82062399999995],[-60.553871999999956,-51.82062399999995]]],[[[-60.63978499999996,-51.24623699999995],[-60.63978499999996,-51.24623699999995]]],[[[-64.36484283499993,-64.78561287199994],[-64.36484283499993,-64.78561287199994]]],[[[-54.78627742799995,-63.48980510299998],[-54.78627742799995,-63.48980510299998]]],[[[-63.713330664999944,-65.01124389499995],[-63.713330664999944,-65.01124389499995]]],[[[-59.81830099999996,-51.39272099999994],[-59.81830099999996,-51.39272099999994]]],[[[-68.85573871799994,-68.06075185199995],[-68.85573871799994,-68.06075185199995]]],[[[-66.46242017499998,-66.34636945199998],[-66.46242017499998,-66.34636945199998]]],[[[-62.914525082999944,-64.34759810699995],[-62.914525082999944,-64.34759810699995]]],[[[-59.03674099999995,-52.19404999999995],[-59.03674099999995,-52.19404999999995]]],[[[-68.84341980299996,-68.09953898599997],[-68.84341980299996,-68.09953898599997]]],[[[-68.80123927899996,-67.23154205999998],[-68.80123927899996,-67.23154205999998]]],[[[-62.86885659899997,-64.32335455699996],[-62.86885659899997,-64.32335455699996]]],[[[-63.681156906999945,-64.26565518599995],[-63.681156906999945,-64.26565518599995]]],[[[-63.59480252199995,-64.97178871799997],[-63.59480252199995,-64.97178871799997]]],[[[-64.48463852999998,-65.18088243499994],[-64.48463852999998,-65.18088243499994]]],[[[-64.23176735399994,-65.13047743599998],[-64.23176735399994,-65.13047743599998]]],[[[-61.940829260999976,-63.96870569199996],[-61.940829260999976,-63.96870569199996]]],[[[-56.36437388599995,-62.96529376799998],[-56.36437388599995,-62.96529376799998]]],[[[-66.08855282799993,-65.67864747699997],[-66.06840960399995,-65.68158887099997],[-66.08855282799993,-65.67864747699997]]],[[[-64.33449431599996,-64.70344735799995],[-64.33449431599996,-64.70344735799995]]],[[[-67.69043402399996,-67.55188675899996],[-67.69043402399996,-67.55188675899996]]],[[[-68.24610899999993,-54.877715999999964],[-68.24610899999993,-54.877715999999964]]],[[[-65.07125388999998,-65.85984306499995],[-65.07125388999998,-65.85984306499995]]],[[[-66.00406683299997,-65.98794950899998],[-66.00406683299997,-65.98794950899998]]],[[[-67.07189517699999,-66.41194086099995],[-67.07189517699999,-66.41194086099995]]],[[[-65.43489678099996,-65.60277796699995],[-65.43489678099996,-65.60277796699995]]],[[[-64.96605140299994,-65.15864914199994],[-64.96605140299994,-65.15864914199994]]],[[[-64.38950277799995,-64.76214148299994],[-64.38950277799995,-64.76214148299994]]],[[[-65.78236630299995,-65.92607524099998],[-65.78236630299995,-65.92607524099998]]],[[[-66.24159284099994,-65.90110146999996],[-66.24159284099994,-65.90110146999996]]],[[[-58.89529199999998,-51.89080299999995],[-58.89529199999998,-51.89080299999995]]],[[[-64.24985253099999,-65.13180948999997],[-64.24985253099999,-65.13180948999997]]],[[[-67.27267498099997,-68.17455702799998],[-67.27267498099997,-68.17455702799998]]],[[[-37.08671004299998,-54.33758313699997],[-37.08671004299998,-54.33758313699997]]],[[[-60.78943860199996,-63.901123190999954],[-60.78943860199996,-63.901123190999954]]],[[[-71.30837192099995,-70.26648758199997],[-71.30837192099995,-70.26648758199997]]],[[[-64.16100500399995,-65.23303382699999],[-64.16100500399995,-65.23303382699999]]],[[[-64.33820228099995,-64.69818166599998],[-64.33820228099995,-64.69818166599998]]],[[[-60.79461649799998,-63.80145337899995],[-60.79461649799998,-63.80145337899995]]],[[[-62.08727492899993,-64.52674512899995],[-62.08727492899993,-64.52674512899995]]],[[[-59.71847599999995,-51.37088899999998],[-59.71847599999995,-51.37088899999998]]],[[[-63.69456406299997,-64.41839365599998],[-63.69456406299997,-64.41839365599998]]],[[[-60.50340899999998,-52.21363299999996],[-60.50340899999998,-52.21363299999996]]],[[[-63.34035213899995,-64.24030786399999],[-63.34035213899995,-64.24030786399999]]],[[[-71.30515551199994,-70.30363848899998],[-71.30515551199994,-70.30363848899998]]],[[[-66.30146799999994,-55.01727299999993],[-66.30146799999994,-55.01727299999993]]],[[[-71.93550549499997,-70.10721656599998],[-71.93550549499997,-70.10721656599998]]],[[[-61.77076719199994,-63.724267948999966],[-61.77076719199994,-63.724267948999966]]],[[[-63.99760026599995,-64.79291643899995],[-63.99760026599995,-64.79291643899995]]],[[[-62.65932087099998,-64.66014303599997],[-62.65932087099998,-64.66014303599997]]],[[[-67.10567345899995,-69.07187069099996],[-67.10567345899995,-69.07187069099996]]],[[[-59.65201399999995,-51.87310899999994],[-59.65201399999995,-51.87310899999994]]],[[[-66.02085651499993,-65.94146109799993],[-66.02085651499993,-65.94146109799993]]],[[[-26.685289763999947,-59.016773789999945],[-26.685289763999947,-59.016773789999945]]],[[[-58.390669299999956,-61.93225103899994],[-58.390669299999956,-61.93225103899994]]],[[[-68.16799899999995,-54.860747999999944],[-68.16799899999995,-54.860747999999944]]],[[[-68.05542967299994,-68.58368034899996],[-68.05542967299994,-68.58368034899996]]],[[[-60.79948472299998,-63.808238991999986],[-60.79948472299998,-63.808238991999986]]],[[[-46.07673859099998,-60.59376547699998],[-46.07673859099998,-60.59376547699998]]],[[[-64.17516173499996,-65.33508090399994],[-64.17516173499996,-65.33508090399994]]],[[[-65.12570500899994,-65.89702435599997],[-65.12570500899994,-65.89702435599997]]],[[[-68.24434250499996,-67.59294383499997],[-68.24434250499996,-67.59294383499997]]],[[[-62.34383955699997,-62.86612054799997],[-62.34383955699997,-62.86612054799997]]],[[[-59.773645999999985,-51.363350999999966],[-59.773645999999985,-51.363350999999966]]],[[[-64.08204727099996,-65.02390810399999],[-64.08204727099996,-65.02390810399999]]],[[[-58.95824899999997,-51.84441799999996],[-58.95824899999997,-51.84441799999996]]],[[[-65.96337789499995,-65.96527127799993],[-65.96337789499995,-65.96527127799993]]],[[[-36.316505778999954,-54.75339387199995],[-36.316505778999954,-54.75339387199995]]],[[[-67.64083595699998,-67.49072260699995],[-67.64083595699998,-67.49072260699995]]],[[[-68.39872148099994,-67.79372985199996],[-68.39872148099994,-67.79372985199996]]],[[[-67.21245359499994,-66.24070826499997],[-67.21245359499994,-66.24070826499997]]],[[[-44.63212591599995,-60.77824435399998],[-44.63212591599995,-60.77824435399998]]],[[[-64.17275687499995,-64.57769414299997],[-64.17275687499995,-64.57769414299997]]],[[[-67.97435939699994,-67.46664427399998],[-67.97435939699994,-67.46664427399998]]],[[[-67.46175686499998,-67.56975587599999],[-67.46175686499998,-67.56975587599999]]],[[[-59.83953799999995,-52.15964599999995],[-59.83953799999995,-52.15964599999995]]],[[[-64.21605389199993,-64.59972692099996],[-64.21605389199993,-64.59972692099996]]],[[[-65.78026376899999,-65.77124899699999],[-65.78026376899999,-65.77124899699999]]],[[[-65.10340018999995,-65.83786091699994],[-65.10340018999995,-65.83786091699994]]],[[[-58.69723173199998,-63.28360474099998],[-58.69723173199998,-63.28360474099998]]],[[[-67.68375727999995,-67.54360905799996],[-67.68375727999995,-67.54360905799996]]],[[[-59.76167767299995,-62.37736292799997],[-59.76167767299995,-62.37736292799997]]],[[[-64.31776175999994,-65.20318164099996],[-64.31776175999994,-65.20318164099996]]],[[[-59.87336099999993,-51.37683899999996],[-59.87336099999993,-51.37683899999996]]],[[[-65.92203332799994,-65.96373398999998],[-65.92203332799994,-65.96373398999998]]],[[[-62.86301197399996,-64.42148175699998],[-62.86301197399996,-64.42148175699998]]],[[[-65.89496098499995,-65.91861474999996],[-65.89496098499995,-65.91861474999996]]],[[[-60.65162499999997,-52.202384999999936],[-60.65162499999997,-52.202384999999936]]],[[[-45.15333740099993,-60.75757819699999],[-45.15333740099993,-60.75757819699999]]],[[[-58.848165999999935,-51.893618999999944],[-58.848165999999935,-51.893618999999944]]],[[[-58.28409781999994,-63.36779031999998],[-58.28409781999994,-63.36779031999998]]],[[[-62.77450567499994,-63.100710497999955],[-62.77450567499994,-63.100710497999955]]],[[[-63.842197254999974,-64.90933557499994],[-63.842197254999974,-64.90933557499994]]],[[[-63.69176825499994,-64.41402234899994],[-63.69176825499994,-64.41402234899994]]],[[[-65.97126389299996,-65.95373157699999],[-65.97126389299996,-65.95373157699999]]],[[[-63.910427321999975,-64.48650091699994],[-63.910427321999975,-64.48650091699994]]],[[[-64.12509204999998,-65.51035431199995],[-64.12509204999998,-65.51035431199995]]],[[[-63.729060481999966,-64.33765277299995],[-63.729060481999966,-64.33765277299995]]],[[[-58.987859999999955,-52.442908999999986],[-58.987859999999955,-52.442908999999986]]],[[[-58.31574299999994,-51.392611999999986],[-58.31574299999994,-51.392611999999986]]],[[[-64.20937245799996,-64.58247684099996],[-64.20937245799996,-64.58247684099996]]],[[[-62.88547966899995,-64.28595580699994],[-62.88547966899995,-64.28595580699994]]],[[[-67.24317917399998,-67.55136438799997],[-67.24317917399998,-67.55136438799997]]],[[[-44.86500908099998,-60.70540938499994],[-44.86500908099998,-60.70540938499994]]],[[[-57.499878733999935,-63.23464344399997],[-57.499878733999935,-63.23464344399997]]],[[[-58.94668199999995,-51.846592999999984],[-58.94668199999995,-51.846592999999984]]],[[[-65.33244646899993,-65.36896360299994],[-65.33244646899993,-65.36896360299994]]],[[[-62.79730295799993,-63.09545402599997],[-62.79730295799993,-63.09545402599997]]],[[[-58.52560799999998,-51.99359099999998],[-58.52560799999998,-51.99359099999998]]],[[[-65.61455318899993,-65.51080416099995],[-65.61455318899993,-65.51080416099995]]],[[[-64.12978515399993,-65.03261806599994],[-64.12978515399993,-65.03261806599994]]],[[[-65.36380397699998,-65.36152386599997],[-65.36380397699998,-65.36152386599997]]],[[[-58.706595999999934,-52.146909999999934],[-58.706595999999934,-52.146909999999934]]],[[[-60.76536999999996,-52.19063999999997],[-60.76536999999996,-52.19063999999997]]],[[[-59.141926197999965,-62.23379922899994],[-59.141926197999965,-62.23379922899994]]],[[[-59.82573099999996,-52.15986499999997],[-59.82573099999996,-52.15986499999997]]],[[[-65.71034473699996,-65.45304204399997],[-65.71034473699996,-65.45304204399997]]],[[[-61.601775792999945,-64.08343312799997],[-61.601775792999945,-64.08343312799997]]],[[[-59.738047999999935,-51.43670099999997],[-59.738047999999935,-51.43670099999997]]],[[[-60.339411247999976,-62.47505996099994],[-60.339411247999976,-62.47505996099994]]],[[[-64.08161853999997,-65.10529990099997],[-64.08161853999997,-65.10529990099997]]],[[[-65.34336560899993,-65.36883410399997],[-65.34336560899993,-65.36883410399997]]],[[[-58.31411455399996,-63.35116665299995],[-58.31411455399996,-63.35116665299995]]],[[[-65.77362483499996,-66.05972552499998],[-65.77362483499996,-66.05972552499998]]],[[[-66.63025893599996,-66.45045432199998],[-66.63025893599996,-66.45045432199998]]],[[[-64.49122104399999,-65.64941614199995],[-64.49122104399999,-65.64941614199995]]],[[[-66.27229865799995,-65.89372564699994],[-66.27229865799995,-65.89372564699994]]],[[[-66.56419908099997,-66.31776543099994],[-66.56419908099997,-66.31776543099994]]],[[[-65.79012906199995,-65.94081667999995],[-65.79012906199995,-65.94081667999995]]],[[[-63.85520523699995,-64.97000241699993],[-63.85520523699995,-64.97000241699993]]],[[[-60.98542376599994,-64.14150957699997],[-60.98542376599994,-64.14150957699997]]],[[[-66.18741397199994,-65.79577000599994],[-66.18741397199994,-65.79577000599994]]],[[[-64.27047216699998,-64.60010595799997],[-64.27047216699998,-64.60010595799997]]],[[[-45.92998536799996,-60.51261857099996],[-45.92998536799996,-60.51261857099996]]],[[[-58.19812399999995,-51.774955999999975],[-58.19812399999995,-51.774955999999975]]],[[[-60.10177790399996,-62.41678657899996],[-60.10177790399996,-62.41678657899996]]],[[[-66.17460557599998,-65.77097360599998],[-66.17460557599998,-65.77097360599998]]],[[[-63.80848256499996,-64.42495714399996],[-63.80848256499996,-64.42495714399996]]],[[[-65.38195258899998,-65.37032044599994],[-65.38195258899998,-65.37032044599994]]],[[[-68.45574999999997,-54.862067999999965],[-68.45574999999997,-54.862067999999965]]],[[[-64.19407874799998,-65.52113882999998],[-64.19407874799998,-65.52113882999998]]],[[[-59.03204699999998,-52.17071099999998],[-59.03204699999998,-52.17071099999998]]],[[[-65.67394417599996,-65.44355242399996],[-65.67394417599996,-65.44355242399996]]],[[[-64.23713390499995,-64.60423183499995],[-64.23713390499995,-64.60423183499995]]],[[[-60.45957299999998,-51.85323599999998],[-60.45957299999998,-51.85323599999998]]],[[[-60.578993794999974,-63.020222374999946],[-60.578993794999974,-63.020222374999946]]],[[[-67.38272099999995,-54.89159799999993],[-67.38272099999995,-54.89159799999993]]],[[[-59.89143699999994,-51.272044999999935],[-59.89143699999994,-51.272044999999935]]],[[[-64.10494160199994,-64.78253395999997],[-64.10494160199994,-64.78253395999997]]],[[[-64.27921803899994,-64.60564127699996],[-64.27921803899994,-64.60564127699996]]],[[[-64.29804639999998,-64.71192815699993],[-64.29804639999998,-64.71192815699993]]],[[[-36.326571342999955,-54.75488502899998],[-36.326571342999955,-54.75488502899998]]],[[[-59.77982639299995,-62.38222537599995],[-59.77982639299995,-62.38222537599995]]],[[[-37.25793697699993,-54.04085126299998],[-37.25793697699993,-54.04085126299998]]],[[[-55.500203183999986,-63.186948679999944],[-55.500203183999986,-63.186948679999944]]],[[[-59.01117420099996,-63.65708805099996],[-59.01117420099996,-63.65708805099996]]],[[[-63.69571111499994,-64.37445556899996],[-63.69571111499994,-64.37445556899996]]],[[[-58.38976699999995,-52.00999299999995],[-58.38976699999995,-52.00999299999995]]],[[[-59.50656399999997,-52.28743999999995],[-59.50656399999997,-52.28743999999995]]],[[[-58.61409199999997,-51.90268699999996],[-58.61409199999997,-51.90268699999996]]],[[[-59.693006440999966,-62.35205190499994],[-59.693006440999966,-62.35205190499994]]],[[[-45.60956371799995,-60.651125193999974],[-45.60956371799995,-60.651125193999974]]],[[[-67.00717899999995,-54.95804599999997],[-67.00717899999995,-54.95804599999997]]],[[[-58.47094699999997,-51.987198999999976],[-58.47094699999997,-51.987198999999976]]],[[[-64.33930499999997,-54.711280999999985],[-64.33930499999997,-54.711280999999985]]],[[[-58.78555965199996,-62.082899915999974],[-58.78555965199996,-62.082899915999974]]],[[[-37.496146771999975,-53.97048721699997],[-37.496146771999975,-53.97048721699997]]],[[[-68.25829299999998,-54.847617999999954],[-68.25829299999998,-54.847617999999954]]],[[[-58.502392999999984,-51.97437699999995],[-58.502392999999984,-51.97437699999995]]],[[[-38.13996987599995,-54.004555083999946],[-38.13996987599995,-54.004555083999946]]],[[[-59.79473799999994,-52.12793899999997],[-59.79473799999994,-52.12793899999997]]],[[[-55.414460822999956,-60.981191197999976],[-55.414460822999956,-60.981191197999976]]],[[[-36.29481750399998,-54.278475052999966],[-36.29481750399998,-54.278475052999966]]],[[[-58.39385403199998,-61.915552746999936],[-58.39385403199998,-61.915552746999936]]],[[[-45.10372987299996,-60.68606875399996],[-45.10372987299996,-60.68606875399996]]],[[[-59.91128299999997,-51.37548999999996],[-59.91128299999997,-51.37548999999996]]],[[[-64.50210599999997,-54.85932199999996],[-64.50210599999997,-54.85932199999996]]],[[[-59.019683999999984,-51.74773699999997],[-59.019683999999984,-51.74773699999997]]],[[[-67.39731599999993,-54.89734299999998],[-67.39731599999993,-54.89734299999998]]],[[[-60.56427099999996,-51.97550599999994],[-60.56427099999996,-51.97550599999994]]],[[[-59.73926499999993,-51.31863599999997],[-59.73926499999993,-51.31863599999997]]],[[[-45.90601381399995,-60.63994422099995],[-45.90601381399995,-60.63994422099995]]],[[[-68.24890899999997,-54.86080199999998],[-68.24890899999997,-54.86080199999998]]],[[[-68.18080899999995,-54.87067399999995],[-68.18080899999995,-54.87067399999995]]],[[[-37.25126302899997,-54.01802252599998],[-37.25126302899997,-54.01802252599998]]],[[[-59.358289999999954,-51.780872999999985],[-59.358289999999954,-51.780872999999985]]],[[[-36.301344264999955,-54.26220823699998],[-36.301344264999955,-54.26220823699998]]],[[[-58.308869999999956,-51.82570999999996],[-58.308869999999956,-51.82570999999996]]],[[[-61.27338199999997,-51.72995999999995],[-61.27338199999997,-51.72995999999995]]],[[[-59.63027699999998,-52.24023599999998],[-59.63027699999998,-52.24023599999998]]],[[[-57.74816299999998,-51.671092999999985],[-57.74816299999998,-51.671092999999985]]],[[[-59.67832599999997,-51.42484099999996],[-59.67832599999997,-51.42484099999996]]],[[[-59.82591299999996,-52.01679399999995],[-59.82591299999996,-52.01679399999995]]],[[[-59.70770299999998,-52.36143299999998],[-59.70770299999998,-52.36143299999998]]],[[[-60.96564299999994,-51.77474099999995],[-60.96564299999994,-51.77474099999995]]],[[[-67.43325799999997,-54.885009999999966],[-67.43325799999997,-54.885009999999966]]],[[[-58.60005199999995,-52.15765399999998],[-58.60005199999995,-52.15765399999998]]],[[[-64.17078499999997,-54.87479599999995],[-64.17078499999997,-54.87479599999995]]],[[[-36.90729958899993,-54.37092180299993],[-36.90729958899993,-54.37092180299993]]],[[[-36.983769679999966,-54.476416074999975],[-36.983769679999966,-54.476416074999975]]],[[[-59.25292799999994,-51.45201099999997],[-59.25292799999994,-51.45201099999997]]],[[[-60.972670999999934,-51.05927899999995],[-60.972670999999934,-51.05927899999995]]],[[[-37.89466880799995,-54.058528782999986],[-37.89466880799995,-54.058528782999986]]],[[[-37.62052093099993,-54.187273060999985],[-37.62052093099993,-54.187273060999985]]],[[[-36.751459041999965,-54.629148132999944],[-36.751459041999965,-54.629148132999944]]],[[[-61.09712499999995,-51.02423799999997],[-61.09712499999995,-51.02423799999997]]],[[[-60.875835999999936,-51.86914299999995],[-60.875835999999936,-51.86914299999995]]],[[[-58.85605799999996,-51.88867399999998],[-58.85605799999996,-51.88867399999998]]],[[[-58.877013999999974,-52.19229199999995],[-58.877013999999974,-52.19229199999995]]],[[[-61.276862999999935,-51.71075899999994],[-61.276862999999935,-51.71075899999994]]],[[[-59.68766999999997,-51.32578499999994],[-59.68766999999997,-51.32578499999994]]],[[[-60.64726299999995,-51.23486399999996],[-60.64726299999995,-51.23486399999996]]],[[[-64.03542599999997,-54.806025999999974],[-64.03542599999997,-54.806025999999974]]],[[[-58.70574399999998,-52.15912999999995],[-58.70574399999998,-52.15912999999995]]],[[[-59.50705399999998,-51.824595999999985],[-59.50705399999998,-51.824595999999985]]],[[[-58.68833799999999,-51.95549799999998],[-58.68833799999999,-51.95549799999998]]],[[[-64.10036299999996,-54.745528999999976],[-64.10036299999996,-54.745528999999976]]],[[[-58.51340399999998,-51.46716399999997],[-58.51340399999998,-51.46716399999997]]],[[[-37.308701112999984,-54.01607913999993],[-37.308701112999984,-54.01607913999993]]],[[[-64.70961199999994,-54.79503999999997],[-64.70961199999994,-54.79503999999997]]],[[[-58.34454699999998,-51.52268299999997],[-58.34454699999998,-51.52268299999997]]],[[[-61.13646799999998,-51.88644499999998],[-61.13646799999998,-51.88644499999998]]],[[[-59.29704899999996,-52.24941499999994],[-59.29704899999996,-52.24941499999994]]],[[[-58.596277999999984,-51.900094999999965],[-58.596277999999984,-51.900094999999965]]],[[[-57.73714099999995,-51.51317199999994],[-57.71813499999996,-51.517364999999984],[-57.73714099999995,-51.51317199999994]]],[[[-59.65857399999999,-51.35908299999994],[-59.65857399999999,-51.35908299999994]]],[[[-58.509999999999934,-51.96143099999995],[-58.509999999999934,-51.96143099999995]]],[[[-59.99435699999998,-51.379512999999974],[-59.99435699999998,-51.379512999999974]]],[[[-59.88901499999997,-51.35700399999996],[-59.88901499999997,-51.35700399999996]]],[[[-58.61310999999995,-51.97135499999996],[-58.61310999999995,-51.97135499999996]]],[[[-59.717649999999935,-51.37504999999993],[-59.717649999999935,-51.37504999999993]]],[[[-60.38519899999994,-52.21642799999995],[-60.38519899999994,-52.21642799999995]]],[[[-60.89067099999994,-51.17111399999993],[-60.89067099999994,-51.17111399999993]]],[[[-59.690407999999934,-52.03300599999994],[-59.690407999999934,-52.03300599999994]]],[[[-37.281490996999935,-54.03854903499996],[-37.281490996999935,-54.03854903499996]]],[[[-59.67958699999997,-51.393475999999964],[-59.67958699999997,-51.393475999999964]]],[[[-59.012689999999964,-51.721049999999934],[-59.012689999999964,-51.721049999999934]]],[[[-59.01891299999994,-51.73027599999995],[-59.01891299999994,-51.73027599999995]]],[[[-59.731788999999935,-51.333909999999946],[-59.731788999999935,-51.333909999999946]]],[[[-60.11528899999996,-51.68716399999994],[-60.11528899999996,-51.68716399999994]]],[[[-61.19261599999999,-51.827695999999946],[-61.19261599999999,-51.827695999999946]]],[[[-59.01270299999999,-52.26844999999997],[-59.01270299999999,-52.26844999999997]]],[[[-60.57655799999998,-51.97940799999998],[-60.57655799999998,-51.97940799999998]]],[[[-59.47835699999996,-51.820788999999934],[-59.47835699999996,-51.820788999999934]]],[[[-60.50877899999995,-51.86993499999994],[-60.50877899999995,-51.86993499999994]]],[[[-60.502489999999966,-51.85206499999998],[-60.502489999999966,-51.85206499999998]]],[[[-37.23677918499993,-54.03108450499997],[-37.23677918499993,-54.03108450499997]]],[[[-64.23926499999993,-54.83984799999996],[-64.23926499999993,-54.83984799999996]]],[[[-59.746464999999944,-52.10534499999994],[-59.746464999999944,-52.10534499999994]]],[[[-60.479134999999985,-51.58967299999995],[-60.479134999999985,-51.58967299999995]]],[[[-60.38959999999997,-51.761732999999936],[-60.38959999999997,-51.761732999999936]]],[[[-36.27674428499995,-54.78455840699996],[-36.27674428499995,-54.78455840699996]]],[[[-59.79740499999997,-52.00379299999997],[-59.79740499999997,-52.00379299999997]]],[[[-59.49009199999995,-52.28595199999995],[-59.49009199999995,-52.28595199999995]]],[[[-59.98015799999996,-51.38218199999994],[-59.98015799999996,-51.38218199999994]]],[[[-64.66502299999996,-54.89012599999995],[-64.66502299999996,-54.89012599999995]]],[[[-59.68503599999997,-52.20856299999997],[-59.68503599999997,-52.20856299999997]]],[[[-64.74994699999996,-54.85324099999997],[-64.74994699999996,-54.85324099999997]]],[[[-59.09187499999996,-52.03648799999996],[-59.09187499999996,-52.03648799999996]]],[[[-59.67629899999997,-51.90991399999996],[-59.67629899999997,-51.90991399999996]]],[[[-59.39479199999994,-52.35097399999995],[-59.39479199999994,-52.35097399999995]]],[[[-61.288250999999946,-51.784186999999974],[-61.288250999999946,-51.784186999999974]]],[[[-60.48058599999996,-51.58325999999994],[-60.48058599999996,-51.58325999999994]]],[[[-59.021739999999966,-52.26163199999996],[-59.021739999999966,-52.26163199999996]]],[[[-59.878312999999935,-51.40396199999998],[-59.878312999999935,-51.40396199999998]]],[[[-67.43362399999995,-54.88138999999995],[-67.43362399999995,-54.88138999999995]]],[[[-58.88472699999994,-51.89161199999995],[-58.88472699999994,-51.89161199999995]]],[[[-59.61832099999998,-51.34530399999994],[-59.61832099999998,-51.34530399999994]]],[[[-68.23844099999997,-54.87927199999996],[-68.23844099999997,-54.87927199999996]]],[[[-57.72625799999997,-51.67266699999993],[-57.72625799999997,-51.67266699999993]]],[[[-36.12191292499995,-54.91164253399995],[-36.12191292499995,-54.91164253399995]]],[[[-38.03373850899993,-54.06403111499998],[-38.03373850899993,-54.06403111499998]]],[[[-59.78976299999994,-51.39363099999997],[-59.78976299999994,-51.39363099999997]]],[[[-58.605984999999976,-52.00354799999997],[-58.605984999999976,-52.00354799999997]]],[[[-58.61913199999998,-51.96709199999998],[-58.61913199999998,-51.96709199999998]]],[[[-60.97912899999994,-51.85565699999995],[-60.97912899999994,-51.85565699999995]]],[[[-59.397877999999935,-52.34047999999996],[-59.397877999999935,-52.34047999999996]]],[[[-59.19864599999994,-51.719851999999946],[-59.19864599999994,-51.719851999999946]]],[[[-59.61490299999997,-51.39788199999998],[-59.61490299999997,-51.39788199999998]]],[[[-37.913794020999944,-53.99636873099996],[-37.913794020999944,-53.99636873099996]]],[[[-59.01492499999995,-51.77711899999997],[-59.01492499999995,-51.77711899999997]]],[[[-64.32816399999996,-54.84307299999995],[-64.32816399999996,-54.84307299999995]]],[[[-38.18569945599995,-54.00447127099994],[-38.18569945599995,-54.00447127099994]]],[[[-38.135839002999944,-54.008617052999966],[-38.135839002999944,-54.008617052999966]]],[[[-61.22198099999997,-51.872127999999975],[-61.22198099999997,-51.872127999999975]]],[[[-59.758099999999956,-51.37604399999998],[-59.758099999999956,-51.37604399999998]]],[[[-57.790186999999946,-51.60384099999993],[-57.790186999999946,-51.60384099999993]]],[[[-36.04008425699993,-54.87795263199996],[-36.04008425699993,-54.87795263199996]]],[[[-37.933502276999945,-54.06030515799995],[-37.933502276999945,-54.06030515799995]]],[[[-60.250215999999966,-51.15884799999998],[-60.250215999999966,-51.15884799999998]]],[[[-60.04253099999994,-51.20110099999994],[-60.04253099999994,-51.20110099999994]]],[[[-60.31636299999997,-51.579728999999986],[-60.31636299999997,-51.579728999999986]]],[[[-60.52679299999994,-51.840623999999934],[-60.52679299999994,-51.840623999999934]]],[[[-68.05414769399994,-68.58588256499996],[-68.05414769399994,-68.58588256499996]]],[[[-60.03150299999999,-51.20466399999998],[-60.03150299999999,-51.20466399999998]]],[[[-65.57978099999997,-54.94997399999994],[-65.57978099999997,-54.94997399999994]]],[[[-68.26150499999994,-54.868266999999946],[-68.26150499999994,-54.868266999999946]]],[[[-59.87241599999999,-51.345181999999966],[-59.87241599999999,-51.345181999999966]]],[[[-59.08185299999997,-52.44795099999993],[-59.08185299999997,-52.44795099999993]]],[[[-68.85329497599997,-68.10692607299995],[-68.85329497599997,-68.10692607299995]]],[[[-59.774805999999955,-51.23262399999993],[-59.774805999999955,-51.23262399999993]]],[[[-36.73580991099993,-54.62516469099995],[-36.73580991099993,-54.62516469099995]]],[[[-60.09408899999994,-51.38738499999994],[-60.09408899999994,-51.38738499999994]]],[[[-36.11832382299997,-54.55477260099997],[-36.11832382299997,-54.55477260099997]]],[[[-59.482230999999956,-51.80755199999993],[-59.482230999999956,-51.80755199999993]]],[[[-58.26266599999997,-51.85805099999993],[-58.26266599999997,-51.85805099999993]]],[[[-60.26078599999994,-51.658950999999945],[-60.26078599999994,-51.658950999999945]]],[[[-59.76223799999997,-51.382496999999944],[-59.76223799999997,-51.382496999999944]]],[[[-64.32410599999997,-54.84124499999996],[-64.32410599999997,-54.84124499999996]]],[[[-59.93617599999993,-51.36999199999997],[-59.93617599999993,-51.36999199999997]]],[[[-59.63693399999994,-51.339894999999956],[-59.63693399999994,-51.339894999999956]]],[[[-66.56027209999996,-66.66100186399996],[-66.56027209999996,-66.66100186399996]]],[[[-68.32791148299998,-66.78305412499998],[-68.32791148299998,-66.78305412499998]]],[[[-58.34408399999995,-51.546945999999934],[-58.34408399999995,-51.546945999999934]]],[[[-64.61793099999994,-54.92158399999994],[-64.61793099999994,-54.92158399999994]]],[[[-60.11500799999993,-51.430019999999956],[-60.11500799999993,-51.430019999999956]]],[[[-66.16282634099997,-65.89732154299998],[-66.16282634099997,-65.89732154299998]]],[[[-66.17906922699996,-65.76910044299996],[-66.17906922699996,-65.76910044299996]]],[[[-60.10844799999995,-51.402255999999966],[-60.10844799999995,-51.402255999999966]]],[[[-64.09691299999997,-54.73951999999997],[-64.09691299999997,-54.73951999999997]]],[[[-37.86678644999995,-54.05958485699995],[-37.86678644999995,-54.05958485699995]]],[[[-59.31052999999997,-51.78774099999998],[-59.31052999999997,-51.78774099999998]]],[[[-60.46561799999995,-51.60119999999995],[-60.46561799999995,-51.60119999999995]]],[[[-58.532925999999975,-52.063856999999985],[-58.532925999999975,-52.063856999999985]]],[[[-64.97863587799998,-65.40965453199993],[-64.97863587799998,-65.40965453199993]]],[[[-64.18722126899996,-65.21519574699994],[-64.18722126899996,-65.21519574699994]]],[[[-59.031642999999974,-51.803241999999955],[-59.031642999999974,-51.803241999999955]]],[[[-64.24114782899994,-65.11612315899998],[-64.24114782899994,-65.11612315899998]]],[[[-64.16159319899998,-65.04590928499994],[-64.16159319899998,-65.04590928499994]]],[[[-59.787627999999984,-51.367118999999946],[-59.787627999999984,-51.367118999999946]]],[[[-60.72923099999997,-51.58901199999997],[-60.72923099999997,-51.58901199999997]]],[[[-60.09213799999998,-51.40096299999993],[-60.09213799999998,-51.40096299999993]]],[[[-36.200399232999985,-54.82671024299998],[-36.200399232999985,-54.82671024299998]]],[[[-59.357028999999955,-51.78583699999996],[-59.357028999999955,-51.78583699999996]]],[[[-61.20336899999995,-51.83291299999996],[-61.20336899999995,-51.83291299999996]]],[[[-64.52310899999998,-54.87964499999998],[-64.52310899999998,-54.87964499999998]]],[[[-59.30466599999994,-52.24808699999994],[-59.30466599999994,-52.24808699999994]]],[[[-36.32968763899993,-54.763021985999956],[-36.32968763899993,-54.763021985999956]]],[[[-37.49097767099994,-53.96864192299995],[-37.49097767099994,-53.96864192299995]]],[[[-37.50024640299995,-53.97422997999996],[-37.50024640299995,-53.97422997999996]]],[[[-37.10567303799996,-54.32477166399997],[-37.10567303799996,-54.32477166399997]]],[[[-58.04771354099995,-63.341263381999966],[-58.04771354099995,-63.341263381999966]]],[[[-59.78621099999998,-51.39594699999998],[-59.78621099999998,-51.39594699999998]]],[[[-60.00866099999996,-51.377707999999984],[-60.00866099999996,-51.377707999999984]]],[[[-58.456470999999965,-52.03171499999996],[-58.456470999999965,-52.03171499999996]]],[[[-64.59261299999997,-54.81064999999995],[-64.59261299999997,-54.81064999999995]]],[[[-64.48327099999995,-54.87858799999998],[-64.48327099999995,-54.87858799999998]]],[[[-37.918378409999946,-53.99236321899997],[-37.918378409999946,-53.99236321899997]]],[[[-59.82170099999996,-51.40776899999997],[-59.82170099999996,-51.40776899999997]]],[[[-59.791759999999954,-51.36384999999996],[-59.791759999999954,-51.36384999999996]]],[[[-65.58944699999995,-54.948928999999964],[-65.58944699999995,-54.948928999999964]]],[[[-60.163907999999935,-51.36153799999994],[-60.163907999999935,-51.36153799999994]]],[[[-58.81353699999994,-51.895779999999945],[-58.81353699999994,-51.895779999999945]]],[[[-59.82779399999998,-51.33378099999993],[-59.82779399999998,-51.33378099999993]]],[[[-58.14456999999999,-51.80418599999996],[-58.14456999999999,-51.80418599999996]]],[[[-60.51560499999994,-51.326419999999985],[-60.51560499999994,-51.326419999999985]]],[[[-60.743097999999975,-51.32402399999995],[-60.743097999999975,-51.32402399999995]]],[[[-61.084641999999974,-51.94185399999998],[-61.084641999999974,-51.94185399999998]]],[[[-45.237588364999965,-60.615483525999934],[-45.237588364999965,-60.615483525999934]]],[[[-38.15727295999994,-54.00584020599996],[-38.15727295999994,-54.00584020599996]]],[[[-58.36811199999994,-51.466523999999936],[-58.36811199999994,-51.466523999999936]]],[[[-60.688958999999954,-52.196643999999935],[-60.688958999999954,-52.196643999999935]]],[[[-59.837747999999976,-51.97595599999994],[-59.837747999999976,-51.97595599999994]]],[[[-64.32890499999996,-54.84843699999993],[-64.32890499999996,-54.84843699999993]]],[[[-61.072689999999966,-51.797526999999945],[-61.072689999999966,-51.797526999999945]]],[[[-58.50620299999997,-51.91638899999998],[-58.50620299999997,-51.91638899999998]]],[[[-60.382199999999955,-51.757045999999946],[-60.382199999999955,-51.757045999999946]]],[[[-61.30071299999997,-51.77714499999996],[-61.30071299999997,-51.77714499999996]]],[[[-59.91048099999995,-51.37247099999996],[-59.91048099999995,-51.37247099999996]]],[[[-35.85398829199994,-54.745994862999964],[-35.85398829199994,-54.745994862999964]]],[[[-61.166560999999945,-51.850322999999946],[-61.166560999999945,-51.850322999999946]]],[[[-64.17055499999998,-54.87759699999998],[-64.17055499999998,-54.87759699999998]]],[[[-60.04084999999998,-51.69827899999996],[-60.04084999999998,-51.69827899999996]]],[[[-64.32817699999998,-54.84436899999997],[-64.32817699999998,-54.84436899999997]]],[[[-58.86307199999993,-51.90462299999996],[-58.86307199999993,-51.90462299999996]]],[[[-60.786093999999935,-52.130146999999965],[-60.786093999999935,-52.130146999999965]]],[[[-60.271064999999965,-51.75813599999998],[-60.271064999999965,-51.75813599999998]]],[[[-58.38366899999994,-52.00662399999993],[-58.38366899999994,-52.00662399999993]]],[[[-60.51438499999995,-51.78507099999996],[-60.51438499999995,-51.78507099999996]]],[[[-60.95351699999998,-51.84109999999998],[-60.95351699999998,-51.84109999999998]]],[[[-59.72105699999997,-52.36500399999994],[-59.72105699999997,-52.36500399999994]]],[[[-59.88741299999998,-51.398109999999974],[-59.88741299999998,-51.398109999999974]]],[[[-59.67521399999998,-52.015285999999946],[-59.67521399999998,-52.015285999999946]]],[[[-59.63565999999997,-52.20444799999996],[-59.63565999999997,-52.20444799999996]]],[[[-36.493547225999976,-54.18312115599997],[-36.493547225999976,-54.18312115599997]]],[[[-58.56713399999995,-51.946046999999965],[-58.56713399999995,-51.946046999999965]]],[[[-59.91250099999996,-51.36785699999996],[-59.91250099999996,-51.36785699999996]]],[[[-60.877805999999964,-51.86484599999994],[-60.877805999999964,-51.86484599999994]]],[[[-60.98631299999994,-52.025716999999986],[-60.98631299999994,-52.025716999999986]]],[[[-60.258423999999934,-51.75699199999997],[-60.258423999999934,-51.75699199999997]]],[[[-59.376472999999976,-52.16204299999998],[-59.376472999999976,-52.16204299999998]]],[[[-58.972868999999946,-52.14409999999998],[-58.972868999999946,-52.14409999999998]]],[[[-60.25923099999994,-51.158109999999965],[-60.25923099999994,-51.158109999999965]]],[[[-36.422829269999966,-54.59679769199994],[-36.422829269999966,-54.59679769199994]]],[[[-59.154470999999944,-51.53579399999995],[-59.154470999999944,-51.53579399999995]]],[[[-38.23573686799995,-53.998639407999974],[-38.23573686799995,-53.998639407999974]]],[[[-57.69152399999996,-51.675592999999935],[-57.69152399999996,-51.675592999999935]]],[[[-61.15080299999994,-51.82482699999997],[-61.15080299999994,-51.82482699999997]]],[[[-60.790741999999966,-51.120465999999965],[-60.790741999999966,-51.120465999999965]]],[[[-58.26221399999997,-51.86668199999997],[-58.26221399999997,-51.86668199999997]]],[[[-37.60337732199997,-54.18729997999998],[-37.60337732199997,-54.18729997999998]]],[[[-36.40232757399997,-54.24018961599995],[-36.40232757399997,-54.24018961599995]]],[[[-36.75346201299993,-54.63154288599998],[-36.75346201299993,-54.63154288599998]]],[[[-59.722024999999974,-51.36390299999994],[-59.722024999999974,-51.36390299999994]]],[[[-64.44466499999999,-54.879370999999935],[-64.44466499999999,-54.879370999999935]]],[[[-58.48499799999996,-51.98556199999996],[-58.48499799999996,-51.98556199999996]]],[[[-59.18731799999995,-51.59510599999993],[-59.18731799999995,-51.59510599999993]]],[[[-38.00557856299997,-54.034521343999984],[-38.00557856299997,-54.034521343999984]]],[[[-58.87238299999996,-51.89342399999998],[-58.87238299999996,-51.89342399999998]]],[[[-59.538152999999966,-51.92039099999994],[-59.538152999999966,-51.92039099999994]]],[[[-60.26689899999997,-51.156969999999944],[-60.26689899999997,-51.156969999999944]]],[[[-60.44657399999994,-51.344180999999935],[-60.44657399999994,-51.344180999999935]]],[[[-59.015642999999955,-52.13216199999994],[-59.015642999999955,-52.13216199999994]]],[[[-60.90220499999998,-51.170068999999955],[-60.90220499999998,-51.170068999999955]]],[[[-61.48298017299999,-64.00014060899997],[-61.48298017299999,-64.00014060899997]]],[[[-58.26827999999995,-51.85932199999996],[-58.26827999999995,-51.85932199999996]]],[[[-59.757019999999955,-52.025559999999984],[-59.757019999999955,-52.025559999999984]]],[[[-58.867313999999965,-52.20696499999997],[-58.867313999999965,-52.20696499999997]]],[[[-60.08018199999998,-51.94808299999994],[-60.08018199999998,-51.94808299999994]]],[[[-36.85173687599996,-54.083659559999944],[-36.85173687599996,-54.083659559999944]]],[[[-58.87765299999995,-52.20270599999998],[-58.87765299999995,-52.20270599999998]]],[[[-37.25297567999996,-54.02950017399996],[-37.25297567999996,-54.02950017399996]]],[[[-36.32615831299995,-54.72560786499997],[-36.32615831299995,-54.72560786499997]]],[[[-58.86047099999996,-52.210482999999954],[-58.86047099999996,-52.210482999999954]]],[[[-68.20423899999997,-54.871365999999966],[-68.20423899999997,-54.871365999999966]]],[[[-58.994763999999975,-52.18834899999996],[-58.994763999999975,-52.18834899999996]]],[[[-58.201078999999936,-51.869707999999946],[-58.201078999999936,-51.869707999999946]]],[[[-36.318493141999966,-54.748603482999954],[-36.318493141999966,-54.748603482999954]]],[[[-36.98547536199993,-54.364843459999975],[-36.98547536199993,-54.364843459999975]]],[[[-58.69356299999998,-51.941566999999964],[-58.69356299999998,-51.941566999999964]]],[[[-58.830651999999986,-52.19063199999994],[-58.830651999999986,-52.19063199999994]]],[[[-58.166841999999974,-51.80001499999997],[-58.166841999999974,-51.80001499999997]]],[[[-68.25778999999994,-54.87386699999996],[-68.25778999999994,-54.87386699999996]]],[[[-59.14942999999994,-51.60350599999998],[-59.14942999999994,-51.60350599999998]]],[[[-58.96054299999997,-51.842412999999965],[-58.96054299999997,-51.842412999999965]]],[[[-64.61271399999998,-54.91705899999994],[-64.61271399999998,-54.91705899999994]]],[[[-64.27854899999994,-54.82650199999995],[-64.27854899999994,-54.82650199999995]]],[[[-59.011356999999975,-51.72569699999997],[-59.011356999999975,-51.72569699999997]]],[[[-60.50531099999995,-52.227885999999955],[-60.50531099999995,-52.227885999999955]]],[[[-38.15411181899998,-54.004331579999985],[-38.15411181899998,-54.004331579999985]]],[[[-58.23649199999994,-51.848863999999935],[-58.23649199999994,-51.848863999999935]]],[[[-37.65023644099995,-54.065620629999955],[-37.65023644099995,-54.065620629999955]]],[[[-59.69465799999995,-51.32818199999997],[-59.69465799999995,-51.32818199999997]]],[[[-58.09914599999996,-51.797260999999935],[-58.09914599999996,-51.797260999999935]]],[[[-59.68175299999996,-51.388998999999956],[-59.68175299999996,-51.388998999999956]]],[[[-58.45817699999998,-51.97638699999993],[-58.45817699999998,-51.97638699999993]]],[[[-37.88504528999994,-54.06040798899994],[-37.88504528999994,-54.06040798899994]]],[[[-64.55789199999998,-54.79308699999996],[-64.55789199999998,-54.79308699999996]]],[[[-58.802963999999974,-51.903895999999975],[-58.802963999999974,-51.903895999999975]]],[[[-64.24399999999997,-54.831177999999966],[-64.24399999999997,-54.831177999999966]]],[[[-59.183587999999986,-52.02771299999995],[-59.183587999999986,-52.02771299999995]]],[[[-59.741312999999934,-52.31047599999994],[-59.741312999999934,-52.31047599999994]]],[[[-36.758015532999934,-54.47220684499996],[-36.758015532999934,-54.47220684499996]]],[[[-60.220185999999956,-51.75099099999994],[-60.220185999999956,-51.75099099999994]]],[[[-58.05054199999995,-51.793541999999945],[-58.05054199999995,-51.793541999999945]]],[[[-36.50416766199993,-54.18400374099997],[-36.50416766199993,-54.18400374099997]]],[[[-59.80605399999996,-51.392273999999986],[-59.80605399999996,-51.392273999999986]]],[[[-61.23392999999999,-51.72225299999997],[-61.23392999999999,-51.72225299999997]]],[[[-38.043973447999974,-54.066866293999965],[-38.043973447999974,-54.066866293999965]]],[[[-60.798179999999945,-51.11783899999995],[-60.798179999999945,-51.11783899999995]]],[[[-59.01913099999996,-51.741191999999955],[-59.01913099999996,-51.741191999999955]]],[[[-64.43003099999999,-54.76696999999996],[-64.43003099999999,-54.76696999999996]]],[[[-59.13169199999999,-51.620586999999944],[-59.13169199999999,-51.620586999999944]]],[[[-60.11001999999996,-51.68058599999995],[-60.11001999999996,-51.68058599999995]]],[[[-64.02765999999997,-54.803714999999954],[-64.02765999999997,-54.803714999999954]]],[[[-68.25768799999997,-54.83489199999997],[-68.25768799999997,-54.83489199999997]]],[[[-38.01003583299996,-53.999189703999946],[-38.01003583299996,-53.999189703999946]]],[[[-60.686834999999974,-52.20365399999997],[-60.686834999999974,-52.20365399999997]]],[[[-36.276587864999954,-54.77899709299999],[-36.276587864999954,-54.77899709299999]]],[[[-36.75712220499997,-54.63068023799997],[-36.75712220499997,-54.63068023799997]]],[[[-64.35614099999998,-54.84339199999994],[-64.35614099999998,-54.84339199999994]]],[[[-36.15462015799994,-54.84841390999998],[-36.15462015799994,-54.84841390999998]]],[[[-58.92128399999996,-52.12746099999998],[-58.92128399999996,-52.12746099999998]]],[[[-37.62496784199993,-54.18963278899997],[-37.62496784199993,-54.18963278899997]]],[[[-58.32142699999997,-51.39193899999998],[-58.32142699999997,-51.39193899999998]]],[[[-59.83412299999998,-52.150016999999934],[-59.83412299999998,-52.150016999999934]]],[[[-67.35598699999997,-54.88423899999998],[-67.35598699999997,-54.88423899999998]]],[[[-37.314879248999944,-54.02263780699997],[-37.314879248999944,-54.02263780699997]]],[[[-59.69736899999998,-51.43792899999994],[-59.69736899999998,-51.43792899999994]]],[[[-60.89810499999999,-51.82433099999997],[-60.89810499999999,-51.82433099999997]]],[[[-37.691624487999945,-54.17720801799993],[-37.691624487999945,-54.17720801799993]]],[[[-36.41465784099995,-54.61906088899997],[-36.41465784099995,-54.61906088899997]]],[[[-60.393261999999936,-51.79850499999998],[-60.393261999999936,-51.79850499999998]]],[[[-38.22825363399994,-54.00313162499998],[-38.22825363399994,-54.00313162499998]]],[[[-59.00302899999997,-52.19933999999995],[-59.00302899999997,-52.19933999999995]]],[[[-58.18928699999998,-51.854247999999984],[-58.18928699999998,-51.854247999999984]]],[[[-60.39534699999996,-51.76734899999997],[-60.39534699999996,-51.76734899999997]]],[[[-36.857108437999955,-54.08006227299995],[-36.857108437999955,-54.08006227299995]]],[[[-64.36381199999994,-54.831294999999955],[-64.36381199999994,-54.831294999999955]]],[[[-59.25483299999996,-52.007702999999935],[-59.25483299999996,-52.007702999999935]]],[[[-61.042172999999934,-51.79050399999994],[-61.042172999999934,-51.79050399999994]]],[[[-68.19798999999995,-54.87313799999998],[-68.19798999999995,-54.87313799999998]]],[[[-58.878754999999956,-51.894300999999984],[-58.878754999999956,-51.894300999999984]]],[[[-60.61493399999995,-52.249075999999945],[-60.61493399999995,-52.249075999999945]]],[[[-61.295672999999965,-51.79872999999998],[-61.295672999999965,-51.79872999999998]]],[[[-59.82492199999996,-52.15599999999995],[-59.82492199999996,-52.15599999999995]]],[[[-60.27372399999996,-52.10619399999996],[-60.27372399999996,-52.10619399999996]]],[[[-36.39718746099993,-54.23817589299995],[-36.39718746099993,-54.23817589299995]]],[[[-66.54755399999993,-55.06350699999996],[-66.54755399999993,-55.06350699999996]]],[[[-60.10592399999996,-51.496287999999936],[-60.10592399999996,-51.496287999999936]]],[[[-60.63735499999996,-51.23090399999995],[-60.63735499999996,-51.23090399999995]]],[[[-59.050746999999944,-51.48883999999998],[-59.050746999999944,-51.48883999999998]]],[[[-36.802294519999975,-54.462087563999944],[-36.802294519999975,-54.462087563999944]]],[[[-36.33450218699994,-54.25570195499995],[-36.33450218699994,-54.25570195499995]]],[[[-36.740553707999936,-54.48040559399993],[-36.740553707999936,-54.48040559399993]]],[[[-36.15773056199998,-54.84883557599994],[-36.15773056199998,-54.84883557599994]]],[[[-37.50139215899998,-54.13220765999995],[-37.50139215899998,-54.13220765999995]]],[[[-60.17963099999997,-51.405753999999945],[-60.17963099999997,-51.405753999999945]]],[[[-37.02740348399993,-54.35504590499994],[-37.02740348399993,-54.35504590499994]]],[[[-58.23036999999994,-51.85454299999998],[-58.23036999999994,-51.85454299999998]]],[[[-60.52040999999997,-51.32535199999995],[-60.52040999999997,-51.32535199999995]]],[[[-59.05774399999996,-52.07958499999995],[-59.05774399999996,-52.07958499999995]]],[[[-58.32844699999998,-51.83085999999997],[-58.32844699999998,-51.83085999999997]]],[[[-68.18495199999995,-54.85486599999996],[-68.18495199999995,-54.85486599999996]]],[[[-64.42795399999994,-54.75996199999997],[-64.42795399999994,-54.75996199999997]]],[[[-59.251131999999984,-51.44448999999997],[-59.251131999999984,-51.44448999999997]]],[[[-64.45842899999997,-54.87639599999994],[-64.45842899999997,-54.87639599999994]]],[[[-60.11498599999999,-51.68340999999998],[-60.11498599999999,-51.68340999999998]]],[[[-59.82553799999994,-51.33188999999993],[-59.82553799999994,-51.33188999999993]]],[[[-64.39531899999997,-54.748748999999975],[-64.39531899999997,-54.748748999999975]]],[[[-37.309129300999984,-54.00856684699994],[-37.309129300999984,-54.00856684699994]]],[[[-60.979172999999946,-52.02285899999998],[-60.979172999999946,-52.02285899999998]]],[[[-59.372311999999965,-52.356870999999956],[-59.372311999999965,-52.356870999999956]]],[[[-57.95506999999998,-51.365530999999976],[-57.95506999999998,-51.365530999999976]]],[[[-38.024111672999936,-53.99707095699995],[-38.024111672999936,-53.99707095699995]]],[[[-60.543008999999984,-51.30464899999998],[-60.543008999999984,-51.30464899999998]]],[[[-60.33158499999996,-51.79729499999996],[-60.33158499999996,-51.79729499999996]]],[[[-60.88558199999994,-51.282362999999975],[-60.88558199999994,-51.282362999999975]]],[[[-36.26558962099995,-54.79589345299996],[-36.26558962099995,-54.79589345299996]]],[[[-58.53611399999994,-51.47437199999996],[-58.53611399999994,-51.47437199999996]]],[[[-60.08331399999997,-51.95586499999996],[-60.08331399999997,-51.95586499999996]]],[[[-59.825129999999945,-51.352844999999945],[-59.825129999999945,-51.352844999999945]]],[[[-58.93592099999995,-51.84825099999995],[-58.93592099999995,-51.84825099999995]]],[[[-36.26690121199994,-54.78546155499998],[-36.26690121199994,-54.78546155499998]]],[[[-59.86940099999998,-51.398492999999974],[-59.86940099999998,-51.398492999999974]]],[[[-64.09637699999996,-54.74273299999999],[-64.09637699999996,-54.74273299999999]]],[[[-58.76563999999996,-51.955052999999964],[-58.76563999999996,-51.955052999999964]]],[[[-58.433907999999974,-51.95124499999997],[-58.433907999999974,-51.95124499999997]]],[[[-58.10774999999995,-51.53603799999996],[-58.10774999999995,-51.53603799999996]]],[[[-37.02194091599995,-54.49912056599993],[-37.02194091599995,-54.49912056599993]]],[[[-58.40643199999994,-52.017113999999935],[-58.40643199999994,-52.017113999999935]]],[[[-36.334216081999955,-54.25187857999998],[-36.334216081999955,-54.25187857999998]]],[[[-64.60671699999995,-54.913299999999936],[-64.60671699999995,-54.913299999999936]]],[[[-59.771747999999945,-51.36783399999996],[-59.771747999999945,-51.36783399999996]]],[[[-37.01944297699998,-54.49857858399997],[-37.01944297699998,-54.49857858399997]]],[[[-58.097744999999975,-51.78880499999997],[-58.097744999999975,-51.78880499999997]]],[[[-38.14940576099997,-54.00500208799997],[-38.14940576099997,-54.00500208799997]]],[[[-37.71963454199994,-54.11334100399995],[-37.71963454199994,-54.11334100399995]]],[[[-61.069241999999974,-51.054809999999975],[-61.069241999999974,-51.054809999999975]]],[[[-59.00857799999994,-51.74912199999994],[-59.00857799999994,-51.74912199999994]]],[[[-58.08320599999996,-51.79195999999996],[-58.08320599999996,-51.79195999999996]]],[[[-36.99361155899993,-54.49558382999999],[-36.99361155899993,-54.49558382999999]]],[[[-58.198095999999964,-51.86573899999996],[-58.198095999999964,-51.86573899999996]]],[[[-58.46012099999996,-52.10438099999993],[-58.46012099999996,-52.10438099999993]]],[[[-38.297633357999985,-53.99253409399995],[-38.297633357999985,-53.99253409399995]]],[[[-61.07113599999997,-51.05594199999996],[-61.07113599999997,-51.05594199999996]]],[[[-58.526700999999946,-52.00845799999996],[-58.526700999999946,-52.00845799999996]]],[[[-60.04781099999997,-51.69846499999994],[-60.04781099999997,-51.69846499999994]]],[[[-38.06208109399995,-54.002266401999975],[-38.06208109399995,-54.002266401999975]]],[[[-60.696151999999984,-52.19446899999997],[-60.696151999999984,-52.19446899999997]]],[[[-61.21972499999998,-51.87087199999996],[-61.21972499999998,-51.87087199999996]]],[[[-59.362153999999975,-52.20790199999993],[-59.362153999999975,-52.20790199999993]]],[[[-58.44755399999997,-51.95015499999994],[-58.44755399999997,-51.95015499999994]]],[[[-60.57050899999996,-51.97946899999994],[-60.57050899999996,-51.97946899999994]]],[[[-58.331613999999945,-51.44844599999993],[-58.331613999999945,-51.44844599999993]]],[[[-37.02041744799993,-54.50179052599998],[-37.02041744799993,-54.50179052599998]]],[[[-38.14099189899997,-54.009457890999954],[-38.14099189899997,-54.009457890999954]]],[[[-58.065075999999976,-51.54428399999995],[-58.065075999999976,-51.54428399999995]]],[[[-37.05612925999998,-54.33892752699995],[-37.05612925999998,-54.33892752699995]]],[[[-64.17449299999998,-54.836368999999934],[-64.17449299999998,-54.836368999999934]]],[[[-37.690358626999966,-54.17517471399998],[-37.690358626999966,-54.17517471399998]]],[[[-61.21935899999994,-51.844847999999956],[-61.21935899999994,-51.844847999999956]]],[[[-59.03531899999996,-51.68991299999993],[-59.03531899999996,-51.68991299999993]]],[[[-60.102097999999955,-51.40719799999994],[-60.102097999999955,-51.40719799999994]]],[[[-61.15546899999998,-51.868206999999984],[-61.15546899999998,-51.868206999999984]]],[[[-61.263263999999936,-51.00856599999997],[-61.263263999999936,-51.00856599999997]]],[[[-37.01735153899995,-54.12597183099996],[-37.01735153899995,-54.12597183099996]]],[[[-36.25899263699995,-54.80342930099994],[-36.25899263699995,-54.80342930099994]]],[[[-37.10954702699996,-54.32465246999993],[-37.10954702699996,-54.32465246999993]]],[[[-36.285133050999946,-54.76366640599997],[-36.285133050999946,-54.76366640599997]]],[[[-37.68931167299996,-54.17735842199994],[-37.68931167299996,-54.17735842199994]]],[[[-60.591980999999976,-51.97549899999996],[-60.591980999999976,-51.97549899999996]]],[[[-61.02144099999998,-51.85541699999993],[-61.02144099999998,-51.85541699999993]]],[[[-37.96061582899995,-54.009343971999954],[-37.96061582899995,-54.009343971999954]]],[[[-59.03652499999998,-51.81284499999998],[-59.03652499999998,-51.81284499999998]]],[[[-36.852117163999935,-54.08142872099995],[-36.852117163999935,-54.08142872099995]]],[[[-36.28054401299994,-54.784375516999944],[-36.28054401299994,-54.784375516999944]]],[[[-60.50571699999995,-52.233311999999955],[-60.50571699999995,-52.233311999999955]]],[[[-60.08537899999993,-51.416792999999984],[-60.08537899999993,-51.416792999999984]]],[[[-37.49102589199998,-53.96409922699996],[-37.49102589199998,-53.96409922699996]]],[[[-58.958807999999976,-51.84143799999998],[-58.958807999999976,-51.84143799999998]]],[[[-68.08518199999997,-54.87303199999997],[-68.08518199999997,-54.87303199999997]]],[[[-38.156987743999935,-54.00831255899993],[-38.156987743999935,-54.00831255899993]]],[[[-37.966745970999966,-54.013021400999946],[-37.966745970999966,-54.013021400999946]]],[[[-60.08709899999997,-51.40606199999996],[-60.08709899999997,-51.40606199999996]]],[[[-60.523102999999935,-51.32473399999998],[-60.523102999999935,-51.32473399999998]]],[[[-61.191745999999966,-51.830960999999945],[-61.191745999999966,-51.830960999999945]]],[[[-59.694122999999934,-52.31919899999997],[-59.694122999999934,-52.31919899999997]]],[[[-59.37417999999997,-52.168297999999936],[-59.37417999999997,-52.168297999999936]]],[[[-60.14453499999996,-51.480970999999954],[-60.14453499999996,-51.480970999999954]]],[[[-60.64598599999994,-52.21249099999994],[-60.64598599999994,-52.21249099999994]]],[[[-37.64679517199994,-54.065461950999975],[-37.64679517199994,-54.065461950999975]]],[[[-58.35161199999993,-51.89697399999994],[-58.35161199999993,-51.89697399999994]]],[[[-59.03025999999994,-51.78009099999997],[-59.03025999999994,-51.78009099999997]]],[[[-60.66477899999995,-52.19658399999997],[-60.66477899999995,-52.19658399999997]]],[[[-36.30521638799996,-54.75921972799995],[-36.30521638799996,-54.75921972799995]]],[[[-60.553624999999954,-51.47326999999996],[-60.553624999999954,-51.47326999999996]]],[[[-58.39193799999998,-51.92285799999996],[-58.39193799999998,-51.92285799999996]]],[[[-37.884656647999975,-54.06196125599996],[-37.884656647999975,-54.06196125599996]]],[[[-58.23090799999994,-51.56688499999996],[-58.23090799999994,-51.56688499999996]]],[[[-37.029012645999956,-54.35391261399997],[-37.029012645999956,-54.35391261399997]]],[[[-60.735892999999976,-52.19691799999998],[-60.735892999999976,-52.19691799999998]]],[[[-60.13625099999996,-51.44254999999998],[-60.13625099999996,-51.44254999999998]]],[[[-37.95680420399998,-54.00914007099993],[-37.95680420399998,-54.00914007099993]]],[[[-61.28652099999994,-51.73459799999995],[-61.28652099999994,-51.73459799999995]]],[[[-36.96007985899996,-54.36046130999995],[-36.96007985899996,-54.36046130999995]]],[[[-59.13135099999994,-51.616224999999986],[-59.13135099999994,-51.616224999999986]]],[[[-64.37860899999998,-54.745631999999944],[-64.37860899999998,-54.745631999999944]]],[[[-59.057144999999934,-51.190072999999984],[-59.057144999999934,-51.190072999999984]]],[[[-59.33827999999994,-52.29066499999993],[-59.33827999999994,-52.29066499999993]]],[[[-61.03213499999998,-52.00702199999995],[-61.03213499999998,-52.00702199999995]]],[[[-60.33058599999998,-51.80137599999995],[-60.33058599999998,-51.80137599999995]]],[[[-64.19200399999994,-54.843399999999974],[-64.19200399999994,-54.843399999999974]]],[[[-36.155162668999935,-54.84835664499997],[-36.155162668999935,-54.84835664499997]]],[[[-60.465746999999965,-51.84555599999993],[-60.465746999999965,-51.84555599999993]]],[[[-58.54355099999998,-52.06436899999994],[-58.54355099999998,-52.06436899999994]]],[[[-38.296497682999984,-53.99220460099997],[-38.296497682999984,-53.99220460099997]]],[[[-60.46917899999994,-52.217686999999955],[-60.46917899999994,-52.217686999999955]]],[[[-38.16499755099994,-53.99731854699996],[-38.16499755099994,-53.99731854699996]]],[[[-59.26802799999996,-52.255000999999936],[-59.26802799999996,-52.255000999999936]]],[[[-59.724219999999946,-52.013714999999934],[-59.724219999999946,-52.013714999999934]]],[[[-38.27682740399996,-53.99724435699994],[-38.27682740399996,-53.99724435699994]]],[[[-36.494191789999945,-54.18718812199995],[-36.494191789999945,-54.18718812199995]]],[[[-59.82599299999998,-52.00968599999993],[-59.82599299999998,-52.00968599999993]]],[[[-38.29896077099994,-53.99226963299998],[-38.29896077099994,-53.99226963299998]]],[[[-37.90865231199996,-53.99858797699994],[-37.90865231199996,-53.99858797699994]]],[[[-59.987558999999976,-51.38513399999994],[-59.987558999999976,-51.38513399999994]]],[[[-59.06302199999993,-52.25507899999997],[-59.06302199999993,-52.25507899999997]]],[[[-38.14855011399993,-54.00549099199998],[-38.14855011399993,-54.00549099199998]]],[[[-61.114179999999976,-51.94136099999997],[-61.114179999999976,-51.94136099999997]]],[[[-57.76201299999997,-51.67378099999996],[-57.76201299999997,-51.67378099999996]]],[[[-38.269279842999936,-54.019250443999965],[-38.269279842999936,-54.019250443999965]]],[[[-37.011468785999966,-54.49799673999996],[-37.011468785999966,-54.49799673999996]]],[[[-58.23623599999996,-51.852187999999956],[-58.23623599999996,-51.852187999999956]]],[[[-58.95794299999994,-51.82482599999997],[-58.95794299999994,-51.82482599999997]]],[[[-60.68405699999994,-52.20297399999998],[-60.68405699999994,-52.20297399999998]]],[[[-64.02604399999996,-54.75170799999995],[-64.02604399999996,-54.75170799999995]]],[[[-59.82660299999998,-51.35287699999998],[-59.82660299999998,-51.35287699999998]]],[[[-37.01581959299995,-54.499032891999946],[-37.01581959299995,-54.499032891999946]]],[[[-37.92035599099995,-53.991306290999944],[-37.92035599099995,-53.991306290999944]]],[[[-64.25900499999995,-54.80343099999993],[-64.25900499999995,-54.80343099999993]]],[[[-58.11264699999998,-51.57442299999997],[-58.11264699999998,-51.57442299999997]]],[[[-63.80926299999999,-54.717435999999964],[-63.80926299999999,-54.717435999999964]]],[[[-61.205082999999945,-51.79557699999998],[-61.205082999999945,-51.79557699999998]]],[[[-58.09184499999998,-51.54744499999998],[-58.09184499999998,-51.54744499999998]]],[[[-36.278306715999975,-54.77818898199996],[-36.278306715999975,-54.77818898199996]]],[[[-38.15358892499995,-54.005211619999955],[-38.15358892499995,-54.005211619999955]]],[[[-60.29887899999994,-51.59888399999994],[-60.29887899999994,-51.59888399999994]]],[[[-64.42349099999996,-54.75703899999996],[-64.42349099999996,-54.75703899999996]]],[[[-57.85135299999996,-51.738482999999974],[-57.85135299999996,-51.738482999999974]]],[[[-60.09979299999998,-51.67427399999997],[-60.09979299999998,-51.67427399999997]]],[[[-37.63362124199995,-54.06227707599999],[-37.63362124199995,-54.06227707599999]]],[[[-60.21859399999994,-51.783950999999945],[-60.21859399999994,-51.783950999999945]]],[[[-36.25948526999997,-54.801591508999934],[-36.25948526999997,-54.801591508999934]]],[[[-60.27253699999994,-52.108892999999966],[-60.27253699999994,-52.108892999999966]]],[[[-60.05459199999996,-51.69692999999995],[-60.05459199999996,-51.69692999999995]]],[[[-61.283481999999935,-51.81663999999995],[-61.283481999999935,-51.81663999999995]]],[[[-36.85473164199993,-54.082181641999966],[-36.85473164199993,-54.082181641999966]]],[[[-60.275495999999976,-52.03102199999995],[-60.275495999999976,-52.03102199999995]]],[[[-64.26088299999998,-54.66906499999993],[-64.26088299999998,-54.66906499999993]]],[[[-58.32430599999998,-51.82701599999996],[-58.32430599999998,-51.82701599999996]]],[[[-64.36191099999996,-54.83542699999998],[-64.36191099999996,-54.83542699999998]]],[[[-61.07386799999995,-51.051268999999934],[-61.07386799999995,-51.051268999999934]]],[[[-58.26882899999998,-51.867534999999975],[-58.26882899999998,-51.867534999999975]]],[[[-58.94724699999995,-52.10145199999994],[-58.94724699999995,-52.10145199999994]]],[[[-58.09791899999993,-51.53508499999998],[-58.09791899999993,-51.53508499999998]]],[[[-60.678898999999944,-52.199438999999984],[-60.678898999999944,-52.199438999999984]]],[[[-60.65499299999993,-52.202364999999986],[-60.65499299999993,-52.202364999999986]]],[[[-59.39939799999996,-52.204312999999956],[-59.39939799999996,-52.204312999999956]]],[[[-36.27935617999998,-54.77820533999994],[-36.27935617999998,-54.77820533999994]]],[[[-59.487405999999964,-51.826394999999934],[-59.487405999999964,-51.826394999999934]]],[[[-38.02552054999995,-54.06355547399994],[-38.02552054999995,-54.06355547399994]]],[[[-59.02729399999998,-51.77631399999996],[-59.02729399999998,-51.77631399999996]]],[[[-58.29447899999997,-51.870300999999984],[-58.29447899999997,-51.870300999999984]]],[[[-60.784265999999946,-51.12277599999993],[-60.784265999999946,-51.12277599999993]]],[[[-38.030050649999964,-54.063974118999965],[-38.030050649999964,-54.063974118999965]]],[[[-59.492290999999966,-51.82891699999993],[-59.492290999999966,-51.82891699999993]]],[[[-38.15411181899998,-54.00297656399994],[-38.15411181899998,-54.00297656399994]]],[[[-59.04433799999998,-51.75206199999997],[-59.04433799999998,-51.75206199999997]]],[[[-37.03367505499995,-54.354154790999985],[-37.03367505499995,-54.354154790999985]]],[[[-60.50556899999998,-52.23040999999995],[-60.50556899999998,-52.23040999999995]]],[[[-58.47991499999995,-51.983049999999935],[-58.47991499999995,-51.983049999999935]]],[[[-38.17617394399997,-53.994826467999985],[-38.17617394399997,-53.994826467999985]]],[[[-37.02902507299996,-54.35384381999995],[-37.02902507299996,-54.35384381999995]]],[[[-58.23963399999997,-51.846209999999985],[-58.23963399999997,-51.846209999999985]]],[[[-58.42162499999995,-51.554175999999984],[-58.42162499999995,-51.554175999999984]]],[[[-59.83776999999998,-52.14696299999997],[-59.83776999999998,-52.14696299999997]]],[[[-58.24359399999997,-51.800100999999984],[-58.24359399999997,-51.800100999999984]]],[[[-60.295248999999956,-52.00994799999995],[-60.295248999999956,-52.00994799999995]]],[[[-57.892015999999956,-51.385944999999936],[-57.892015999999956,-51.385944999999936]]],[[[-64.16726399999993,-54.87688499999996],[-64.16726399999993,-54.87688499999996]]],[[[-58.13791399999997,-51.54637199999996],[-58.13791399999997,-51.54637199999996]]],[[[-59.79651899999993,-51.35874699999994],[-59.79651899999993,-51.35874699999994]]],[[[-59.68290399999995,-51.787631999999974],[-59.68290399999995,-51.787631999999974]]],[[[-60.64238199999994,-52.21300899999994],[-60.64238199999994,-52.21300899999994]]],[[[-37.25669774499994,-54.031275920999974],[-37.25669774499994,-54.031275920999974]]],[[[-58.22879999999998,-51.84917799999994],[-58.22879999999998,-51.84917799999994]]],[[[-38.26236664099997,-54.02156830399997],[-38.26236664099997,-54.02156830399997]]],[[[-60.24738499999995,-51.65546899999998],[-60.24738499999995,-51.65546899999998]]],[[[-58.54540899999995,-52.01205199999998],[-58.54540899999995,-52.01205199999998]]],[[[-37.49964037099994,-53.970696903999965],[-37.49964037099994,-53.970696903999965]]],[[[-60.08222699999993,-51.97300299999995],[-60.08222699999993,-51.97300299999995]]],[[[-37.650300423999965,-54.070367433999934],[-37.650300423999965,-54.070367433999934]]],[[[-58.14299699999998,-51.783330999999976],[-58.14299699999998,-51.783330999999976]]],[[[-61.12037799999996,-51.06993399999993],[-61.12037799999996,-51.06993399999993]]],[[[-60.13837499999994,-51.68634999999995],[-60.13837499999994,-51.68634999999995]]],[[[-58.987236999999936,-52.17919999999998],[-58.987236999999936,-52.17919999999998]]],[[[-38.260590123999975,-54.02337913499997],[-38.260590123999975,-54.02337913499997]]],[[[-37.65962231499998,-54.066931145999945],[-37.65962231499998,-54.066931145999945]]],[[[-58.96020699999997,-51.81935199999998],[-58.96020699999997,-51.81935199999998]]],[[[-36.26210579299993,-54.80459266899993],[-36.26210579299993,-54.80459266899993]]],[[[-60.183216999999956,-51.670240999999976],[-60.183216999999956,-51.670240999999976]]],[[[-37.01811165799995,-54.50041970299998],[-37.01811165799995,-54.50041970299998]]],[[[-38.174354463999975,-53.996019682999986],[-38.174354463999975,-53.996019682999986]]],[[[-64.35061999999994,-54.84400999999997],[-64.35061999999994,-54.84400999999997]]],[[[-36.414905027999964,-54.61831773999995],[-36.414905027999964,-54.61831773999995]]],[[[-36.41419198899996,-54.61832324599993],[-36.41419198899996,-54.61832324599993]]],[[[-37.50562576599998,-54.132619707999936],[-37.50562576599998,-54.132619707999936]]],[[[-36.98291434999993,-54.47589972999998],[-36.98291434999993,-54.47589972999998]]],[[[-58.395700999999974,-52.00557299999997],[-58.395700999999974,-52.00557299999997]]],[[[-60.05909799999995,-51.69310199999995],[-60.05909799999995,-51.69310199999995]]],[[[-58.39003299999996,-52.01265299999994],[-58.39003299999996,-52.01265299999994]]],[[[-60.41416799999996,-51.77200799999997],[-60.41416799999996,-51.77200799999997]]],[[[-36.736076407999974,-54.62857159899994],[-36.736076407999974,-54.62857159899994]]],[[[-60.11767199999997,-51.68043199999994],[-60.11767199999997,-51.68043199999994]]],[[[-57.918052999999986,-51.66433499999994],[-57.918052999999986,-51.66433499999994]]],[[[-36.25904053199997,-54.80309014399995],[-36.25904053199997,-54.80309014399995]]],[[[-36.27626451499998,-54.77844744899994],[-36.27626451499998,-54.77844744899994]]],[[[-58.34932199999997,-51.437622999999974],[-58.34932199999997,-51.437622999999974]]],[[[-36.98363228599993,-54.36430329499996],[-36.98363228599993,-54.36430329499996]]],[[[-58.956732999999986,-51.821414999999945],[-58.956732999999986,-51.821414999999945]]],[[[-61.22169399999996,-51.79016699999994],[-61.22169399999996,-51.79016699999994]]],[[[-60.21772599999997,-51.786546999999985],[-60.21772599999997,-51.786546999999985]]],[[[-59.29546499999998,-52.32922099999996],[-59.29546499999998,-52.32922099999996]]],[[[-61.07225099999994,-51.05725199999995],[-61.07225099999994,-51.05725199999995]]],[[[-61.22172999999998,-51.79081099999996],[-61.22172999999998,-51.79081099999996]]],[[[-60.06232799999998,-51.69231999999994],[-60.06232799999998,-51.69231999999994]]],[[[-59.01927399999994,-51.78412599999996],[-59.01927399999994,-51.78412599999996]]],[[[-60.21803399999993,-51.78550199999995],[-60.21803399999993,-51.78550199999995]]],[[[-37.01496864499995,-54.498841605999985],[-37.01496864499995,-54.498841605999985]]],[[[-58.422267999999974,-51.550977999999986],[-58.422267999999974,-51.550977999999986]]],[[[-37.96753713499993,-54.011121952999986],[-37.96753713499993,-54.011121952999986]]],[[[-37.65216330699997,-54.07049578799996],[-37.65216330699997,-54.07049578799996]]],[[[-58.98719599999998,-52.18605899999994],[-58.98719599999998,-52.18605899999994]]],[[[-60.09746999999999,-51.68204099999997],[-60.09746999999999,-51.68204099999997]]],[[[-61.26030899999995,-51.00993599999998],[-61.26030899999995,-51.00993599999998]]],[[[-60.11233699999997,-51.68329799999998],[-60.11233699999997,-51.68329799999998]]],[[[-59.03803799999997,-51.68874499999998],[-59.03803799999997,-51.68874499999998]]],[[[-59.02098199999995,-51.78498199999996],[-59.02098199999995,-51.78498199999996]]],[[[-59.724219999999946,-52.013714999999934],[-59.724219999999946,-52.013714999999934]]],[[[-59.66083499999996,-52.02863199999996],[-59.66083499999996,-52.02863199999996]]],[[[-37.65239165899993,-54.070848404999936],[-37.65239165899993,-54.070848404999936]]],[[[-61.48308567199996,-63.99996804299997],[-61.48308567199996,-63.99996804299997]]]]}},{"type":"Feature","properties":{"gid":"70","name":"Entre Ríos","in1":"30","source":"IGN"},"geometry":{"type":"MultiPolygon","coordinates":[[[[-58.58534208999998,-30.15901767699995],[-58.369324078999966,-30.26473434999997],[-58.28555022099994,-30.244631330999937],[-58.20738967999995,-30.288076760999957],[-58.14228192999997,-30.40523756899995],[-58.07257494099997,-30.425186588999964],[-58.06912584999998,-30.54490814999997],[-58.03352197099997,-30.59769529999994],[-57.82152293399997,-30.719402509999952],[-57.79739717099994,-30.78270737799994],[-57.82446469299998,-30.91163506999993],[-57.91487360199994,-30.920569503999957],[-57.86173617399999,-31.043471317999945],[-57.91668108499994,-31.12259327199996],[-57.91322922299997,-31.21324791899997],[-57.996936010999946,-31.36051392099995],[-57.97934843199994,-31.388398688999928],[-58.082394068999974,-31.457827067999972],[-57.98062756199994,-31.58104782199996],[-58.038136221999935,-31.759063925999953],[-58.08613856699998,-31.821158082999943],[-58.20680331899996,-31.871645299999955],[-58.13828241999994,-32.00183967799995],[-58.183326346999934,-32.15919991199996],[-58.099863883999944,-32.26001971599993],[-58.122925202999966,-32.33999936899994],[-58.18334332799998,-32.37667923899994],[-58.20456938799998,-32.46200284299994],[-58.16055950899994,-32.570774067999935],[-58.08417970099998,-33.00012278199995],[-58.17596324599998,-33.07689299799995],[-58.36181818599994,-33.120989168999984],[-58.40434921599996,-33.18006018799997],[-58.390455750999934,-33.27911773099993],[-58.43171372699999,-33.36332907399998],[-58.43390445099993,-33.49915933099993],[-58.49468990599996,-33.58654499399995],[-58.43436934799996,-33.72188675299998],[-58.423536224999964,-33.91666609099997],[-58.34498854399993,-34.03839716199997],[-58.46319580099998,-34.001892089999956],[-58.65499723199997,-34.035253876999946],[-58.76373859499995,-33.945310253999935],[-58.85487194899997,-33.94721382199998],[-58.992880681999964,-33.84180370399997],[-59.13067626999998,-33.84771728499993],[-59.17358398399995,-33.80700683499998],[-59.242309569999975,-33.807495116999974],[-59.25427246099997,-33.72229003899997],[-59.43701171899994,-33.729003905999946],[-59.51673682599994,-33.63083360599995],[-59.617417769999975,-33.69374060599995],[-59.65890962199995,-33.62003680099997],[-59.78763846199996,-33.60364826399996],[-59.833948721999946,-33.52125942599997],[-60.04484035599995,-33.44752702899996],[-60.16961669899996,-33.348999022999976],[-60.20068359399994,-33.29217529299996],[-60.29782863199995,-33.24228418399997],[-60.30306344699994,-33.18351149799997],[-60.424178008999945,-33.17399365299997],[-60.60120990499996,-33.00600371099995],[-60.67620849599996,-32.89959716699997],[-60.658874511999954,-32.83117675799997],[-60.71600341799996,-32.77362060499996],[-60.776184081999986,-32.50701904299996],[-60.72381591699997,-32.456115721999936],[-60.718993222999984,-32.334043934999954],[-60.679018277999944,-32.31952922299996],[-60.700381850999975,-32.14976901999995],[-60.65808105499997,-32.050720214999956],[-60.723514197999975,-31.977600682999935],[-60.65289306599993,-31.897094726999967],[-60.67578124999994,-31.811706542999957],[-60.640946902999985,-31.791764780999983],[-60.627621921999946,-31.733230041999946],[-60.467590331999986,-31.698303222999982],[-60.33066519399995,-31.608546287999957],[-60.332806708999954,-31.547156194999957],[-60.24400123899994,-31.530395330999966],[-60.21235440799995,-31.467815508999934],[-60.14349365199996,-31.44360351499995],[-60.086791991999974,-31.346984862999932],[-60.105590819999975,-31.289916990999984],[-60.01342773399995,-31.250671386999954],[-59.963378905999946,-31.119873046999942],[-59.90283811299997,-31.084826929999963],[-59.81817626999998,-30.94250488299997],[-59.734848168999974,-30.876624095999944],[-59.69939420099996,-30.76907246099995],[-59.63269042999997,-30.71130371099997],[-59.678405761999954,-30.64691162099996],[-59.64585632899997,-30.59703743299997],[-59.65140272299993,-30.510979816999964],[-59.72344090499996,-30.41169680699994],[-59.67139019499996,-30.376302323999937],[-59.67167210699995,-30.338662072999966],[-59.58776876999997,-30.434821907999947],[-59.55773506999998,-30.332649599999968],[-59.490211820999946,-30.344330746999958],[-59.41964704999998,-30.315735550999932],[-59.229703375999975,-30.364174530999946],[-59.06425133899995,-30.230817868999964],[-58.965201509999986,-30.21833996999993],[-58.878855629999975,-30.246661509999967],[-58.74835723899997,-30.21388423999997],[-58.68166493999996,-30.163581438999984],[-58.58534208999998,-30.15901767699995]]],[[[-58.11034542099998,-32.971331163999935],[-58.11455008299998,-33.02469832999998],[-58.08891003499997,-32.95785105999994],[-58.11034542099998,-32.971331163999935]]],[[[-58.114037923999945,-33.02106228599996],[-58.11574038799995,-32.990353538999955],[-58.114037923999945,-33.02106228599996]]],[[[-58.11495452999998,-32.974192278999965],[-58.112484784999936,-32.93115844099998],[-58.11495452999998,-32.974192278999965]]],[[[-58.114383277999934,-32.99014098099997],[-58.11197555899997,-32.97166736699995],[-58.114383277999934,-32.99014098099997]]],[[[-58.125537519999966,-33.02881158799994],[-58.125537519999966,-33.02881158799994]]],[[[-58.12447705599993,-33.00466520799995],[-58.12447705599993,-33.00466520799995]]]]}},{"type":"Feature","properties":{"gid":"71","name":"Corrientes","in1":"18","source":"IGN"},"geometry":{"type":"MultiPolygon","coordinates":[[[[-57.97098928599996,-27.27498610799995],[-57.87355125899995,-27.27296608499995],[-57.79495041399997,-27.34148566899995],[-57.69701339499994,-27.326883950999957],[-57.507517640999936,-27.444200528999943],[-57.32651056399993,-27.409839175999934],[-57.22540888499998,-27.470378189999963],[-56.97992679699996,-27.49338955099995],[-56.94223269099996,-27.558314792999965],[-56.845095784999955,-27.606400356999927],[-56.685996612999986,-27.57694413699994],[-56.72035796799997,-27.466896306999956],[-56.603549692999934,-27.431416682999952],[-56.55673488999997,-27.456781054999965],[-56.487046401999976,-27.56367739899997],[-56.37527033899994,-27.60185103499998],[-56.29241677599998,-27.49154905299997],[-56.28718124499994,-27.410932027999934],[-56.237570767999955,-27.402392519999978],[-56.15192153299995,-27.328739261999942],[-56.04100958699996,-27.310846958999946],[-56.028001968999945,-27.374294782999982],[-56.054611620999935,-27.450946160999933],[-55.82553668999998,-27.791655840999965],[-55.84630304999996,-27.832436219999977],[-55.824391779999985,-27.948446840999964],[-55.74942657699995,-28.02709989999994],[-55.75802504899997,-28.060809749999976],[-55.71671760099997,-28.06126779999994],[-55.71242029899997,-28.088317509999968],[-55.62023666699997,-28.137543989999983],[-55.63225291799995,-28.176785251999945],[-55.782542485999954,-28.253936575999944],[-55.669942075999984,-28.33076275999997],[-55.691695160999984,-28.41760543999993],[-55.717500289999975,-28.42215756199994],[-55.75744973399998,-28.36858829399995],[-55.87830294599996,-28.361161659999937],[-55.90302982299994,-28.408103962999974],[-55.882361826999954,-28.477707257999953],[-56.00864606299996,-28.505998674999944],[-56.00760211299996,-28.604951911999933],[-56.11857260199997,-28.68168136099996],[-56.185515657999986,-28.770001063999928],[-56.29436967399994,-28.797708780999983],[-56.30194884699995,-28.901110977999963],[-56.40991491699998,-28.977647757999932],[-56.419525189999945,-29.07898100099993],[-56.59150306999999,-29.12430982799998],[-56.70394449999998,-29.362244030999932],[-56.76746189199997,-29.382560860999945],[-56.813833957999975,-29.481990404999976],[-56.95736886299994,-29.589695108999933],[-56.97052146499993,-29.641533266999943],[-57.11952610499998,-29.763675361999958],[-57.22994901399994,-29.77916386199996],[-57.28946518999999,-29.825349390999975],[-57.32783349299996,-29.883263798999963],[-57.33677519599996,-29.990385067999966],[-57.40854102999998,-30.03202437699997],[-57.474243237999985,-30.119768411999928],[-57.64507153499994,-30.182408375999955],[-57.615222623999955,-30.254466112999978],[-57.64292035699998,-30.341904994999936],[-57.88959027899995,-30.51075617999993],[-57.887269336999964,-30.587569737999956],[-57.84647410599996,-30.620711487999984],[-57.80948674499996,-30.730202479999946],[-58.033320909999986,-30.59792729999998],[-58.06912584999998,-30.54490814999997],[-58.07257494099997,-30.425186588999964],[-58.14228192999997,-30.40523756899995],[-58.20738967999995,-30.288076760999957],[-58.28555022099994,-30.244631330999937],[-58.369324078999966,-30.26473434999997],[-58.576498810999965,-30.160041492999937],[-58.68166493999996,-30.163581438999984],[-58.74835723899997,-30.21388423999997],[-58.878855629999975,-30.246661509999967],[-58.965201509999986,-30.21833996999993],[-59.06425133899995,-30.230817868999964],[-59.229703375999975,-30.364174530999946],[-59.41964704999998,-30.315735550999932],[-59.490211820999946,-30.344330746999958],[-59.55773506999998,-30.332649599999968],[-59.60125152299997,-30.431059085999948],[-59.71201325399994,-30.276240944999984],[-59.636584341999935,-30.237455731999944],[-59.566390242999944,-30.008075694999945],[-59.604699564999976,-29.902665574999958],[-59.65966511299996,-29.843179050999936],[-59.61754865399996,-29.775840305999964],[-59.59018485299998,-29.56977898699995],[-59.57995317099994,-29.459847889999935],[-59.60428319099998,-29.39474316299993],[-59.51978798499994,-29.343189025999948],[-59.50063342499993,-29.243517511999983],[-59.40781438999994,-29.22137577899997],[-59.34676599699998,-29.11435015799998],[-59.257536210999945,-29.089603764999936],[-59.19971530899994,-29.031544915999973],[-59.210898775999965,-28.977531151999983],[-59.15807474099995,-28.877355846999933],[-59.16045420299997,-28.794788551999943],[-59.07860074599995,-28.667487388999973],[-59.105012762999934,-28.633936990999928],[-59.100007983999944,-28.576399183999968],[-59.04885748399994,-28.493310847999965],[-59.08597707499996,-28.435965838999948],[-59.10786811599996,-28.222766134999972],[-59.06241250099998,-28.12810873999996],[-58.94511298599997,-28.133774296999945],[-58.85973429699993,-28.05031769599998],[-58.82926155999996,-27.961873392999962],[-58.84549734199999,-27.891629445999968],[-58.80970753099996,-27.78340707999996],[-58.818775210999945,-27.681178080999928],[-58.88274647099996,-27.60852289099995],[-58.88140232899997,-27.497892071999956],[-58.78101216599998,-27.38177796599996],[-58.66878652599996,-27.359091760999945],[-58.49701621799994,-27.27136020499995],[-58.372854477999965,-27.290794362999975],[-58.24674423999994,-27.261516048999965],[-57.97098928599996,-27.27498610799995]]],[[[-57.903348800999936,-27.273820169999965],[-57.862389302999986,-27.294361541999933],[-57.903348800999936,-27.273820169999965]]],[[[-57.90671583799997,-27.29055065299997],[-57.90671583799997,-27.29055065299997]]],[[[-57.952913610999985,-27.276010826999936],[-57.92392848399999,-27.275241835999964],[-57.952913610999985,-27.276010826999936]]],[[[-57.94227835099997,-27.268918077999956],[-57.92147939899996,-27.26698074099994],[-57.94227835099997,-27.268918077999956]]],[[[-57.92187711999998,-27.272628769999983],[-57.92187711999998,-27.272628769999983]]],[[[-56.914825966999956,-27.42353991599998],[-56.72939991499993,-27.50196140199995],[-56.737973325999974,-27.55057727899998],[-56.840421256999946,-27.596180553999943],[-56.97010545999996,-27.49273225999997],[-57.03206553899997,-27.48064810699998],[-56.914825966999956,-27.42353991599998]]],[[[-57.56661128099995,-27.385117799999932],[-57.40419200699995,-27.41659982599998],[-57.49218662599998,-27.438700799999935],[-57.59341454499997,-27.392452464999963],[-57.56661128099995,-27.385117799999932]]],[[[-56.70525741599994,-27.563306807999936],[-56.73423523799994,-27.591427705999934],[-56.783896554999956,-27.58269205499994],[-56.71693229099998,-27.519936264999956],[-56.70525741599994,-27.563306807999936]]],[[[-56.95693547399998,-27.51605276999993],[-56.87598824699995,-27.583573034999972],[-56.95693547399998,-27.51605276999993]]],[[[-57.82594994899995,-27.30260225799998],[-57.768948370999965,-27.321108881999976],[-57.82594994899995,-27.30260225799998]]],[[[-56.699594917999946,-27.57815884499996],[-56.69331594799996,-27.54506274199997],[-56.699594917999946,-27.57815884499996]]],[[[-57.75254725999997,-27.320162986999946],[-57.79808787999997,-27.32502118499997],[-57.75254725999997,-27.320162986999946]]],[[[-58.22304590099998,-27.256236040999966],[-58.17048374099994,-27.269216598999947],[-58.22304590099998,-27.256236040999966]]],[[[-58.30364333199998,-27.262458137999943],[-58.335557585999936,-27.27342325099994],[-58.30364333199998,-27.262458137999943]]],[[[-58.15020297299998,-27.257993805999945],[-58.17800171799996,-27.259267018999935],[-58.15020297299998,-27.257993805999945]]],[[[-56.357069603999946,-27.51788476699994],[-56.371200070999976,-27.53853332799997],[-56.357069603999946,-27.51788476699994]]],[[[-56.944729146999975,-27.53583986999996],[-56.930017308999936,-27.55710457699996],[-56.944729146999975,-27.53583986999996]]],[[[-58.22467386399995,-27.254899929999965],[-58.18383893699996,-27.26183425299996],[-58.22467386399995,-27.254899929999965]]],[[[-57.82147001599998,-27.31831021599993],[-57.838821748999976,-27.297833303999937],[-57.82147001599998,-27.31831021599993]]],[[[-56.928489473999946,-27.530361881999966],[-56.907881490999955,-27.53864507199995],[-56.928489473999946,-27.530361881999966]]],[[[-57.44887144499995,-27.432220576999953],[-57.47295059299995,-27.43856437499994],[-57.44887144499995,-27.432220576999953]]],[[[-58.29162198399996,-27.266431187999956],[-58.31213828999995,-27.271690114999956],[-58.29162198399996,-27.266431187999956]]],[[[-57.81460101299996,-27.32068312699994],[-57.78412952999997,-27.322537367999928],[-57.81460101299996,-27.32068312699994]]],[[[-57.22151070399997,-27.46420330199993],[-57.23929830999998,-27.45665514899997],[-57.22151070399997,-27.46420330199993]]],[[[-56.92108741699997,-27.563079253999945],[-56.899074191999944,-27.573136816999977],[-56.92108741699997,-27.563079253999945]]],[[[-58.42327057299997,-27.27015371699997],[-58.42327057299997,-27.27015371699997]]],[[[-58.332672027999934,-27.26626707099996],[-58.332672027999934,-27.26626707099996]]],[[[-56.93879318199998,-27.52483940099995],[-56.95481542799996,-27.51489638099997],[-56.93879318199998,-27.52483940099995]]],[[[-56.32932937999993,-27.501224772999933],[-56.32932937999993,-27.501224772999933]]],[[[-56.77472043599994,-27.576272347999975],[-56.75617951799995,-27.569443473999968],[-56.77472043599994,-27.576272347999975]]],[[[-58.232783240999936,-27.259818417999952],[-58.232783240999936,-27.259818417999952]]],[[[-58.08589263599998,-27.262053764999962],[-58.08589263599998,-27.262053764999962]]],[[[-56.75400948099997,-27.570280167999954],[-56.77222454699995,-27.576442725999982],[-56.75400948099997,-27.570280167999954]]],[[[-57.81778349699994,-27.324951216999978],[-57.81778349699994,-27.324951216999978]]],[[[-56.71626995499997,-27.579283730999975],[-56.73299415199995,-27.592678131999946],[-56.71626995499997,-27.579283730999975]]],[[[-57.78402407599998,-27.330417471999965],[-57.78402407599998,-27.330417471999965]]],[[[-58.19732329399994,-27.26923755499996],[-58.19732329399994,-27.26923755499996]]],[[[-56.73183896599994,-27.53299367099993],[-56.73183896599994,-27.53299367099993]]],[[[-56.759078930999976,-27.59104711599997],[-56.759078930999976,-27.59104711599997]]],[[[-56.93977090399994,-27.535489454999947],[-56.93977090399994,-27.535489454999947]]],[[[-56.70136251699995,-27.55254982499997],[-56.70136251699995,-27.55254982499997]]],[[[-57.54305155199995,-27.424431439999978],[-57.54305155199995,-27.424431439999978]]],[[[-56.730763785999955,-27.542449112999975],[-56.730763785999955,-27.542449112999975]]],[[[-56.87427775599997,-27.582496617999936],[-56.87427775599997,-27.582496617999936]]],[[[-58.329728760999956,-27.26372778299998],[-58.329728760999956,-27.26372778299998]]],[[[-58.29342906399995,-27.25628484999993],[-58.29342906399995,-27.25628484999993]]],[[[-58.61195118399996,-27.31685183099995],[-58.61195118399996,-27.31685183099995]]],[[[-56.861615221999955,-27.592127837999953],[-56.861615221999955,-27.592127837999953]]],[[[-57.444128690999946,-27.42941314099994],[-57.444128690999946,-27.42941314099994]]],[[[-58.165502344999936,-27.27415907699998],[-58.165502344999936,-27.27415907699998]]],[[[-58.357731215999934,-27.27491973399998],[-58.357731215999934,-27.27491973399998]]],[[[-58.19209682999997,-27.277710269999943],[-58.19209682999997,-27.277710269999943]]],[[[-57.481253856999956,-27.437476757999946],[-57.481253856999956,-27.437476757999946]]],[[[-56.78162474299995,-27.57299177799996],[-56.78162474299995,-27.57299177799996]]],[[[-56.71033551599999,-27.581329895999943],[-56.71033551599999,-27.581329895999943]]],[[[-57.541050619999965,-27.42953051199993],[-57.541050619999965,-27.42953051199993]]],[[[-56.90363718599997,-27.541573296999957],[-56.90363718599997,-27.541573296999957]]],[[[-56.76592674799997,-27.569867372999965],[-56.76592674799997,-27.569867372999965]]],[[[-58.42059697999997,-27.28097821399996],[-58.42059697999997,-27.28097821399996]]],[[[-56.94521549199993,-27.53074570299998],[-56.94521549199993,-27.53074570299998]]],[[[-56.739174522999974,-27.562096543999928],[-56.739174522999974,-27.562096543999928]]],[[[-57.56312802499997,-27.41046066699994],[-57.56312802499997,-27.41046066699994]]],[[[-58.437705653999956,-27.267720806999932],[-58.437705653999956,-27.267720806999932]]],[[[-57.610777644999985,-27.38332528099994],[-57.610777644999985,-27.38332528099994]]],[[[-58.457403615999965,-27.27295270199994],[-58.457403615999965,-27.27295270199994]]],[[[-56.68981683599998,-27.56979505499993],[-56.68981683599998,-27.56979505499993]]],[[[-56.93127006399993,-27.52749586799996],[-56.93127006399993,-27.52749586799996]]],[[[-58.26290844999994,-27.259688567999945],[-58.26290844999994,-27.259688567999945]]],[[[-57.476975152999955,-27.439655780999942],[-57.476975152999955,-27.439655780999942]]]]}},{"type":"Feature","properties":{"gid":"72","name":"Mendoza","in1":"50","source":"IGN"},"geometry":{"type":"MultiPolygon","coordinates":[[[[-69.12403518499997,-32.00290723599994],[-69.01314909199994,-32.115937464999945],[-68.91761523299994,-32.11464642599998],[-68.91761382299995,-32.33793951799993],[-68.66565485699994,-32.33707191199994],[-68.46120864099998,-32.23805209799997],[-68.46120763499994,-32.13918908699998],[-68.31279583599996,-32.139190173999964],[-68.30106338499996,-32.139190259999964],[-68.24793190099996,-32.09154514599993],[-68.15149080599997,-32.11918601799994],[-68.05290497799996,-32.071037624999974],[-67.95758625499997,-32.09232221399998],[-67.91651903199994,-32.17517235599996],[-67.84861597399998,-32.22293283099998],[-67.59692643799997,-32.24627685499996],[-67.52239733299996,-32.22116752799997],[-67.47291104799996,-32.30668614999996],[-67.33189140899998,-32.350550296999984],[-67.28925532999995,-32.44306566999995],[-67.29733643999998,-32.53613163999995],[-67.26280742399996,-32.553145368999935],[-67.25687146899998,-32.62553029999998],[-67.16633449999995,-32.75871632899998],[-67.17798080999995,-32.82034989899995],[-67.23235004999998,-32.88499866899997],[-67.17928566999996,-33.00350862999994],[-67.19798929299998,-33.04417064099994],[-67.17420950999997,-33.07717428899997],[-67.18017696999993,-33.252241340999944],[-67.13543375999996,-33.46456069899995],[-66.99847081999997,-33.63272705899993],[-67.00481728199998,-33.66730685799996],[-66.88325556999996,-33.76870931999997],[-66.87325638099998,-33.832945569999936],[-66.66659385999998,-33.95736833999996],[-66.73373838099997,-34.13696394999994],[-66.71133706999996,-34.14733916999995],[-66.71888339999998,-34.21193300999994],[-66.78425978999996,-34.23255772099998],[-66.80119446999998,-34.25836503099998],[-66.77611925999997,-34.29861439999996],[-66.81189005999994,-34.34510383999998],[-66.76417585099995,-34.37905476999998],[-66.79531189999994,-34.411366699999974],[-66.75437156899994,-34.44312453099997],[-66.75720470999994,-34.56659825999998],[-66.70306363999998,-34.61978043999994],[-66.69011009899998,-34.69073143999998],[-66.64061329099997,-34.717475579999984],[-66.64966744999998,-34.75833071699998],[-66.56116171099995,-34.832748299999935],[-66.55474435999997,-34.91051478999998],[-66.52491555899996,-34.943596888999934],[-66.54091673099998,-35.014867719999984],[-66.47811403999998,-35.13967362899996],[-66.48415585999999,-35.24080732899995],[-66.51951071999997,-35.27429053999998],[-66.49556448899995,-35.31053609099996],[-66.52515323899996,-35.54019725999996],[-66.57023591799998,-35.58116432099996],[-66.54767338999994,-35.63877404999994],[-66.62224128299994,-35.84835687299994],[-66.63784831099997,-36.00059325899997],[-68.29641030199997,-35.997621719999984],[-68.29613164999995,-36.172546670999964],[-68.25018310199994,-36.17248535099998],[-68.26128407799996,-37.57525055799994],[-68.43666349399996,-37.54456433099995],[-68.50490752899998,-37.454092910999975],[-68.69657999799995,-37.44234374299998],[-68.76608739399995,-37.36648458999997],[-68.86516844799996,-37.401251266999964],[-69.02604058699995,-37.364793100999975],[-69.06413051699997,-37.22364668499995],[-69.26831822599996,-37.144500954999955],[-69.52957314999998,-37.17443591299997],[-69.75446803999995,-37.07005702199996],[-69.77881214099995,-36.96320576099998],[-69.75965228399997,-36.87151955899998],[-69.92187697199995,-36.79471214599994],[-69.94753011899996,-36.72160700699993],[-70.01216469199994,-36.69552643399993],[-70.12257020799996,-36.57104769099993],[-70.20158786699994,-36.45390636299993],[-70.22535430699998,-36.32711963899993],[-70.33894858599996,-36.33692420799997],[-70.35906095299998,-36.30937426599996],[-70.39737794999996,-36.11948908499994],[-70.42547356099993,-36.09533625499995],[-70.36995264199999,-36.039646226999935],[-70.37815095299999,-35.98996903699998],[-70.42295386899997,-35.97154906199995],[-70.36477253599998,-35.92419521499994],[-70.42399367199994,-35.91466002799996],[-70.42196554899994,-35.87658585499997],[-70.31196374899997,-35.813163575999965],[-70.37874162599996,-35.78785123799997],[-70.35830018299998,-35.74964267499996],[-70.42379762299998,-35.64106470699994],[-70.38469625799996,-35.60511049599995],[-70.41355905599994,-35.52849454899996],[-70.36827059699993,-35.51950323999995],[-70.44652906099998,-35.46322768999994],[-70.43189274799994,-35.318291504999934],[-70.50334875499993,-35.32042540599997],[-70.58331441099995,-35.270165264999946],[-70.53604999999999,-35.19910277799994],[-70.37502015999996,-35.17022201799995],[-70.36378498999994,-35.00602051899995],[-70.33367386599997,-34.98992545599998],[-70.33113445099997,-34.93647845199996],[-70.24819531899993,-34.79886821599996],[-70.30908285699996,-34.76949844899997],[-70.30626344099994,-34.747333881999964],[-70.21586403799995,-34.683427232999975],[-70.21698441999996,-34.61073745599998],[-70.12943089599997,-34.48561417199994],[-70.01229932699994,-34.411949909999976],[-70.03084114699993,-34.28772523999993],[-69.97243757099994,-34.250006585999984],[-69.90988417399996,-34.29212003599997],[-69.89698035599997,-34.265862683999956],[-69.80719853399995,-34.24835104099998],[-69.79671542199998,-34.210481124999944],[-69.87329201699998,-34.13107342899997],[-69.83407266199998,-34.08820288299995],[-69.85402544499993,-34.05626681199993],[-69.82141742599998,-34.015193496999984],[-69.85421086499997,-33.96370752299998],[-69.90618426299994,-33.96330167799994],[-69.85552109499997,-33.892096210999966],[-69.89914682599994,-33.847078076999935],[-69.90467331699995,-33.771287135999955],[-69.86460304899998,-33.71678228899998],[-69.88485477899997,-33.68322537299997],[-69.87217983599999,-33.53946893999995],[-69.83484796099998,-33.51565884599995],[-69.81951688399994,-33.43008997399994],[-69.79556760899999,-33.42138114599993],[-69.81550965399998,-33.389874722999934],[-69.77968091999998,-33.385235963999946],[-69.76906471699994,-33.34321277899994],[-69.79988695499998,-33.28785972099996],[-69.90432769899996,-33.27290055499998],[-69.91663379199997,-33.244252382999946],[-70.00090817299997,-33.32287496999993],[-70.03825895699998,-33.27039684299996],[-70.02590954499993,-33.23651159599996],[-70.06439789599995,-33.20511202299997],[-70.05173278299998,-33.134545327999945],[-70.09374048699993,-33.050967442999934],[-70.02100220599993,-33.00850706099993],[-69.98938236799995,-32.89895752299998],[-70.10822842899995,-32.80113841799994],[-70.14758098199997,-32.72843000699993],[-70.16324581399994,-32.59826420699994],[-70.12620140999996,-32.57415370199993],[-70.06544922299997,-32.62552768799998],[-70.00275042599998,-32.528921572999934],[-69.84686344399995,-32.57049936499993],[-69.77876088199997,-32.54240867599998],[-69.70496088699997,-32.49644193199998],[-69.68921159399997,-32.430175780999946],[-69.73315749899996,-32.39055591899995],[-69.72887446999994,-32.33083144899996],[-69.63030658499997,-32.26209295399997],[-69.59623270299994,-32.140907004999974],[-69.53114126399998,-32.14095046299997],[-69.41573740699994,-32.06653282199994],[-69.31420047399996,-32.09110869799997],[-69.24450944599994,-32.016113280999946],[-69.12403518499997,-32.00290723599994]]]]}},{"type":"Feature","properties":{"gid":"73","name":"San Juan","in1":"70","source":"IGN"},"geometry":{"type":"MultiPolygon","coordinates":[[[[-69.61058639299995,-28.413903868999967],[-69.46960154199996,-28.41502728599994],[-69.38677441499993,-28.45110051699993],[-69.31617244999995,-28.411605690999977],[-69.20264622099995,-28.595962377999967],[-69.20958461399994,-28.682414260999963],[-69.16197120999993,-28.76113535299993],[-68.90870552899997,-28.859320370999967],[-68.95606639099998,-28.949475802999928],[-68.90850830099998,-29.044921874999943],[-68.91188986299994,-29.128583610999954],[-68.93499755899995,-29.16638183599997],[-68.96902969499996,-29.14543869399995],[-69.00123862099997,-29.186642458999984],[-68.95757551399998,-29.31715589299995],[-68.98493931499996,-29.326420497999948],[-68.97458865999994,-29.36415024699994],[-69.00219040699994,-29.39972318699995],[-68.97488316899995,-29.457052906999934],[-69.03371826399996,-29.53297300199995],[-69.01596490799994,-29.650038647999963],[-68.93830187999998,-29.65158913099998],[-68.93478961199997,-29.62012932899995],[-68.88435306699995,-29.592580545999965],[-68.86311091399995,-29.635051875999977],[-68.46771240199996,-29.644287108999947],[-68.25848388699995,-29.74688720699993],[-68.25384993399996,-29.780734374999952],[-68.19900335899996,-29.781091293999964],[-68.15879046899994,-29.885430656999972],[-68.05433213299995,-29.900302287999978],[-67.89829897999994,-30.074300370999936],[-67.59087262399999,-30.298148160999972],[-67.57801157099993,-30.40417707399996],[-67.49480188799998,-30.536332201999983],[-67.41009307699994,-30.627465557999983],[-67.28279191599995,-30.695280194999953],[-67.12884079199995,-30.895630807999964],[-67.08206977599997,-30.91609627799994],[-67.11644055899995,-31.016001467999956],[-67.06676549599996,-31.08317208699998],[-67.10122905699995,-31.382985602999952],[-66.95196618799997,-31.633297797999944],[-66.86818408399995,-31.633297797999944],[-66.80242919899996,-31.811828612999932],[-66.66178829699999,-31.920536027999958],[-67.13672870499994,-31.833804675999943],[-67.24153625099996,-31.880804981999972],[-67.37924421599996,-31.86811593899995],[-67.38018573699998,-32.223756495999964],[-67.27800789399998,-32.29232398999994],[-67.26379929899997,-32.38185943099995],[-67.31788398399993,-32.38204170599994],[-67.33238141399994,-32.35010253399997],[-67.47291104799996,-32.30668614999996],[-67.52239733299996,-32.22116752799997],[-67.59692643799997,-32.24627685499996],[-67.84861597399998,-32.22293283099998],[-67.91651903199994,-32.17517235599996],[-67.95758625499997,-32.09232221399998],[-68.05290497799996,-32.071037624999974],[-68.15149080599997,-32.11918601799994],[-68.24793190099996,-32.09154514599993],[-68.30106338499996,-32.139190259999964],[-68.31279583599996,-32.139190173999964],[-68.46120763499994,-32.13918908699998],[-68.46120864099998,-32.23805209799997],[-68.66565485699994,-32.33707191199994],[-68.91761382299995,-32.33793951799993],[-68.91761523299994,-32.11464642599998],[-69.01314909199994,-32.115937464999945],[-69.11746015099999,-32.001869591999935],[-69.18399374499995,-31.99938476699998],[-69.24450944599994,-32.016113280999946],[-69.31420047399996,-32.09110869799997],[-69.41573740699994,-32.06653282199994],[-69.53114126399998,-32.14095046299997],[-69.59623270299994,-32.140907004999974],[-69.63030658499997,-32.26209295399997],[-69.72887446999994,-32.33083144899996],[-69.73315749899996,-32.39055591899995],[-69.68921159399997,-32.430175780999946],[-69.70496088699997,-32.49644193199998],[-69.83317209699999,-32.56780844499997],[-70.00275042599998,-32.528921572999934],[-70.06304472499994,-32.623919271999966],[-70.08960075099998,-32.62243438899998],[-70.14874645899994,-32.46566463599993],[-70.23664895199994,-32.429292343999975],[-70.21818363199998,-32.33273322399998],[-70.32305093799994,-32.26704894799997],[-70.30387705099997,-32.136321890999966],[-70.34165534899995,-32.10864376999996],[-70.33518908299999,-32.07043580499993],[-70.38823329699994,-32.04389640599993],[-70.36155351099995,-32.025247460999935],[-70.28902759299996,-32.05203199199997],[-70.20931642299996,-31.96041078899998],[-70.28005333399994,-31.88408586199995],[-70.37685649699995,-31.884822007999958],[-70.46044249699997,-31.843865536999942],[-70.46817202699998,-31.69847675699998],[-70.51294307199998,-31.689776852999955],[-70.50675275499998,-31.652266881999935],[-70.56738439399999,-31.600134380999975],[-70.56020697199995,-31.419958532999942],[-70.52744848799995,-31.366951857999936],[-70.54715711699998,-31.314852817999963],[-70.49722329999997,-31.12209417899993],[-70.45583766799996,-31.084302459999947],[-70.40137795899994,-31.167071564999958],[-70.32165114799994,-31.043493892999948],[-70.26909918099994,-31.04309315699993],[-70.32282095099998,-30.92802609299997],[-70.27973857999996,-30.830690526999945],[-70.28797002799996,-30.78668908999998],[-70.24609444399994,-30.72852222199998],[-70.24664013099994,-30.634207139999944],[-70.17938830999998,-30.51231482099996],[-70.19481472899997,-30.491629993999936],[-70.11750054599997,-30.43212581599994],[-70.15466854499994,-30.346666453999944],[-70.06320575299998,-30.394364442999972],[-69.95534154299997,-30.385504535999928],[-69.89184565599999,-30.350590212999975],[-69.88503545999998,-30.218582950999973],[-69.83504532099994,-30.219943700999977],[-69.81938416199995,-30.188724673999957],[-69.81743967099999,-30.12794129699995],[-69.93609297399996,-30.12007792199995],[-69.96531987599997,-30.085450427999945],[-69.89801724399996,-29.95784062299998],[-69.87655153199995,-29.86163881599998],[-69.91484767999998,-29.79270625199996],[-69.87867088799999,-29.72580849299993],[-69.93952621799997,-29.65441885499996],[-69.94743442399994,-29.490448137999977],[-69.98186933299996,-29.452232804999937],[-69.96631283499994,-29.414223163999964],[-70.02127562099997,-29.384400142999937],[-70.02092793399999,-29.329782318999946],[-69.93815533699996,-29.249920621999934],[-69.95268884699993,-29.189165129999935],[-69.87612141299996,-29.138899179999953],[-69.78828454899997,-29.133139857999936],[-69.79364548699994,-29.051054609999937],[-69.75440822999997,-28.98423904699996],[-69.76570177899998,-28.89879326099998],[-69.69290212299995,-28.77089587699993],[-69.72924915399994,-28.737451680999982],[-69.73014595399997,-28.67829053199995],[-69.64978229499997,-28.53825272299997],[-69.68050278299995,-28.47061304799996],[-69.63259501199997,-28.429911322999942],[-69.64887052499995,-28.39615152999994],[-69.61058639299995,-28.413903868999967]]]]}},{"type":"Feature","properties":{"gid":"74","name":"Neuquén","in1":"58","source":"IGN"},"geometry":{"type":"MultiPolygon","coordinates":[[[[-70.39340668199998,-36.15624123699996],[-70.34392298599994,-36.33333332999996],[-70.22535430699998,-36.32711963899993],[-70.20158786699994,-36.45390636299993],[-70.12257020799996,-36.57104769099993],[-70.01216469199994,-36.69552643399993],[-69.94753011899996,-36.72160700699993],[-69.92187697199995,-36.79471214599994],[-69.75965228399997,-36.87151955899998],[-69.77625660099994,-36.99122391299994],[-69.75563372299996,-37.068640819999985],[-69.71154104699997,-37.10148297899997],[-69.52957314999998,-37.17443591299997],[-69.26831822599996,-37.144500954999955],[-69.06413051699997,-37.22364668499995],[-69.02604058699995,-37.364793100999975],[-68.86516844799996,-37.401251266999964],[-68.76608739399995,-37.36648458999997],[-68.69657999799995,-37.44234374299998],[-68.50490752899998,-37.454092910999975],[-68.43666349399996,-37.54456433099995],[-68.25425276999994,-37.571931208999956],[-68.25627814099994,-38.67954757199993],[-68.12060830099995,-38.747279582999965],[-68.09404894299996,-38.85864884499995],[-67.99808848299995,-38.995763539999984],[-68.30159195799996,-38.975430236999955],[-68.56173623999996,-39.07648478999994],[-68.66080290199994,-39.172343575999946],[-68.66315151399994,-39.214954098999954],[-68.80239062699997,-39.28490917199997],[-68.82396098799995,-39.37492582099998],[-68.91250405799997,-39.417871859999934],[-68.99987792999997,-39.515197753999985],[-69.11279296899994,-39.514709471999936],[-69.27709960799996,-39.596374511999954],[-69.27227783199999,-39.629028319999975],[-69.34896232499995,-39.71209513699995],[-69.50699653699996,-39.81542319099998],[-69.69705598399997,-39.84644541399996],[-69.93175359199995,-39.94358289899998],[-70.00537211199998,-40.04743376499994],[-69.95027805499996,-40.17898487999997],[-69.99203470599997,-40.17996776599995],[-70.05882286099995,-40.248955197999976],[-70.06268631299997,-40.374640246999945],[-70.17494235399994,-40.427609546999975],[-70.17056874199994,-40.48300863199995],[-70.42492675799997,-40.53631591699997],[-70.54248046899994,-40.50360107299997],[-70.65391707699996,-40.59133711399994],[-70.85540771499996,-40.59338378899997],[-70.97650146499996,-40.64868163999995],[-71.02972412099996,-40.72442626999998],[-71.09367529799994,-40.72671471899997],[-71.12079056999994,-40.75821976699996],[-71.11933427899999,-40.804063321999934],[-71.04683654999997,-40.87121588499997],[-71.03202253999996,-40.93314543899993],[-71.14164804499995,-41.05597585399994],[-71.30621337899998,-41.100097655999946],[-71.55059814499998,-41.02319335899995],[-71.86070292699998,-41.03073179199998],[-71.90926998599997,-40.97246672299997],[-71.85670769199999,-40.959570044999964],[-71.85864743399998,-40.88116945799993],[-71.92787737099997,-40.833030307999934],[-71.92097693399995,-40.785845596999934],[-71.96525986799998,-40.727283040999964],[-71.84400136999994,-40.627563848999955],[-71.82459255099997,-40.57777062599996],[-71.85681989899996,-40.59211820499996],[-71.89050914999996,-40.555517641999984],[-71.84304958599995,-40.525128053999936],[-71.82487050399999,-40.42124078599994],[-71.79353487699996,-40.407303043999946],[-71.74147166399996,-40.43677899299996],[-71.65709470799999,-40.36439546299994],[-71.68581480199998,-40.29348752599998],[-71.71677967799997,-40.278756750999946],[-71.74775217299998,-40.30659835499995],[-71.82341903299994,-40.23257332399993],[-71.79831571899996,-40.18741115399996],[-71.82877473499997,-40.173215599999935],[-71.79903685099998,-40.13720386299997],[-71.83132071799997,-40.104445246999944],[-71.81401943799995,-40.08033363499993],[-71.67432388099996,-40.104445246999944],[-71.68886051299995,-40.033079311999984],[-71.59252449699994,-39.91172284399994],[-71.61275743899995,-39.87504663899995],[-71.69128332299994,-39.841812507999975],[-71.66672755799993,-39.807568678999985],[-71.71284781999998,-39.72445356299994],[-71.66988374199997,-39.68246414099997],[-71.71730246999994,-39.64919952499997],[-71.69834366299995,-39.58684018599996],[-71.67418287399994,-39.56361167399996],[-71.60974663399998,-39.62839214799993],[-71.50164735499999,-39.63724346299995],[-71.46120873999996,-39.58319934699995],[-71.47030682699994,-39.55236454499993],[-71.50364718499998,-39.55962573599993],[-71.53388748599997,-39.52912278399998],[-71.47323763799994,-39.49369128899997],[-71.44734699599996,-39.450670972999944],[-71.45683360599998,-39.37000933699994],[-71.39966665699995,-39.35030268899993],[-71.37415872499997,-39.28290652599998],[-71.42146214599995,-39.151223895999976],[-71.39636780399996,-39.04574353399994],[-71.44168728299996,-38.98123893799993],[-71.43390831499994,-38.92907511499993],[-71.29555545699998,-38.87298750999997],[-71.23801311599993,-38.80244271599997],[-71.18519917799995,-38.81521490799997],[-71.09541518499998,-38.75492098299998],[-70.92622898599996,-38.762877644999946],[-70.88363476999996,-38.701638627999955],[-70.90456373899997,-38.66690024199994],[-70.82702137899997,-38.59594536099996],[-70.84248393699994,-38.53819947799997],[-70.98394770199997,-38.430146614999956],[-70.99806018699996,-38.29116565999993],[-71.03204486399994,-38.249738983999976],[-70.99585182799996,-38.171450867999965],[-71.04334568099995,-38.122682709999935],[-70.98937406299996,-38.11019757399998],[-70.98913689099999,-38.08680431499994],[-71.05545443699998,-38.043586318999985],[-71.06259861499996,-37.970212738999976],[-71.11390670099996,-37.952056949999985],[-71.09866430999995,-37.90160799399996],[-71.13890509999999,-37.85990832799996],[-71.18299435099993,-37.858429917999956],[-71.12643753699996,-37.820729737999955],[-71.21111084199998,-37.697462616999985],[-71.20630747699994,-37.647682722999946],[-71.12798519799998,-37.58755667799994],[-71.15153012399998,-37.53928693199998],[-71.11817959799998,-37.468945305999966],[-71.15356694199994,-37.40066667199994],[-71.19732594399994,-37.38385732699993],[-71.22104166699995,-37.27510555599997],[-71.18798775399995,-37.27590616899994],[-71.17041944399995,-37.22539166699994],[-71.11534443099998,-37.20775238699997],[-71.13530430099996,-37.14775443599996],[-71.09229126099996,-37.11465407099996],[-71.16730289399999,-36.99698536799997],[-71.22239582599997,-36.97824551999997],[-71.10596005299993,-36.97088600999996],[-71.08801333699995,-36.93801934399994],[-71.14400538499996,-36.92934144999998],[-71.11911550999997,-36.869184391999966],[-71.18001067599994,-36.841420840999945],[-71.13193604499997,-36.814670940999974],[-71.11325489699993,-36.67944458599993],[-71.06487093699997,-36.71465109099995],[-71.00920582599997,-36.69123719399994],[-71.05717573599998,-36.61866203999995],[-71.03691663199999,-36.47554571699993],[-70.95811729699994,-36.50364678899996],[-70.89388425699997,-36.47127180799998],[-70.88377547399995,-36.396241215999964],[-70.71297907199994,-36.42776764699994],[-70.67927587599996,-36.389966466999965],[-70.71242763199996,-36.34496835199997],[-70.68484837299997,-36.30474662199998],[-70.70620296199996,-36.27258514799996],[-70.63211464099999,-36.23901102399998],[-70.57090859299996,-36.175553107999974],[-70.57642656299998,-36.13804804399996],[-70.44923076699996,-36.17315932499997],[-70.41507498799996,-36.10990832599998],[-70.39340668199998,-36.15624123699996]]]]}},{"type":"Feature","properties":{"gid":"75","name":"La Rioja","in1":"46","source":"IGN"},"geometry":{"type":"MultiPolygon","coordinates":[[[[-68.52135617899995,-27.817916969999942],[-68.51098725999998,-27.846993689999977],[-68.44028070099995,-27.87365590099995],[-68.46121995699997,-28.002860630999976],[-68.44242221599995,-28.024275779999982],[-68.39661759099994,-28.004169332999936],[-68.33581542999997,-28.037597655999946],[-68.28619384799998,-28.02648925799997],[-68.27470612999997,-28.09506010299998],[-68.24615259899997,-28.071146520999946],[-68.14121837099998,-28.10184156899993],[-68.10731105099995,-28.17346334299998],[-68.02236429599998,-28.12468439299994],[-67.91437497899994,-28.113699679999968],[-67.93244244099998,-28.174782308999966],[-67.84156838999996,-28.31652852899998],[-67.84542354999996,-28.374595669999962],[-67.69146433599997,-28.31183363699995],[-67.37530535799993,-28.38452616899997],[-67.15544316299997,-28.384407195999984],[-67.07466046799993,-28.270193069999948],[-67.01624469899997,-28.254250680999974],[-66.57080960699994,-28.28863389099996],[-66.51402807899996,-28.465431988999967],[-66.53092501999998,-28.531453650999936],[-66.49627299099996,-28.531338910999978],[-66.49621653299994,-28.622293807999938],[-66.35151298899996,-28.72094586999998],[-66.41130131999995,-28.81476755999995],[-66.40015413999998,-28.860725799999955],[-66.09972399999998,-28.944417160999933],[-65.81737384899998,-29.17885597099996],[-65.81618544999998,-29.269846778999977],[-65.74833990099995,-29.26968607899994],[-65.71725829299999,-29.328611509999973],[-65.71924729899996,-29.40993619099993],[-65.42298521799995,-30.119602481999948],[-65.52524493899995,-30.490815509999948],[-65.77145966099994,-31.044159168999954],[-65.77039684999994,-31.88900437999996],[-65.89027578099996,-31.910631228999932],[-65.97902576899997,-31.889162832999943],[-66.06924302999994,-31.936466518999964],[-66.07925424999996,-31.971929129999978],[-66.13912400899994,-31.940982418999965],[-66.16018993999995,-31.962789009999938],[-66.29903148999995,-31.931308739999963],[-66.33745978999997,-31.94320604899997],[-66.34944037099996,-31.99839764899997],[-66.72266680599995,-31.883820944999968],[-66.80432128899997,-31.808776854999962],[-66.86818408399995,-31.633297797999944],[-66.95196618799997,-31.633297797999944],[-67.10122905699995,-31.382985602999952],[-67.06676549599996,-31.08317208699998],[-67.11644055899995,-31.016001467999956],[-67.08206977599997,-30.91609627799994],[-67.12884079199995,-30.895630807999964],[-67.28279191599995,-30.695280194999953],[-67.41009307699994,-30.627465557999983],[-67.49480188799998,-30.536332201999983],[-67.57801157099993,-30.40417707399996],[-67.59087262399999,-30.298148160999972],[-67.89829897999994,-30.074300370999936],[-68.05433213299995,-29.900302287999978],[-68.15879046899994,-29.885430656999972],[-68.19900335899996,-29.781091293999964],[-68.25384993399996,-29.780734374999952],[-68.25848388699995,-29.74688720699993],[-68.44128417999997,-29.650512694999975],[-68.86311091399995,-29.635051875999977],[-68.88435306699995,-29.592580545999965],[-68.93478961199997,-29.62012932899995],[-68.93830187999998,-29.65158913099998],[-69.01596490799994,-29.650038647999963],[-69.03371826399996,-29.53297300199995],[-68.97488316899995,-29.457052906999934],[-69.00219040699994,-29.39972318699995],[-68.97458865999994,-29.36415024699994],[-68.98493931499996,-29.326420497999948],[-68.95757551399998,-29.31715589299995],[-69.00123862099997,-29.186642458999984],[-68.96902969499996,-29.14543869399995],[-68.93499755899995,-29.16638183599997],[-68.91188986299994,-29.128583610999954],[-68.90850830099998,-29.044921874999943],[-68.95606639099998,-28.949475802999928],[-68.90870552899997,-28.859320370999967],[-69.16197120999993,-28.76113535299993],[-69.20958461399994,-28.682414260999963],[-69.20264622099995,-28.595962377999967],[-69.31617244999995,-28.411605690999977],[-69.42995913199996,-28.45099197199994],[-69.46960154199996,-28.41502728599994],[-69.60571289099994,-28.419006347999982],[-69.63497275599997,-28.384080168999958],[-69.59701156899996,-28.39206136799993],[-69.58276008099995,-28.35244169799995],[-69.52357414599999,-28.329656280999927],[-69.45626769899997,-28.183596662999946],[-69.39138190099999,-28.22644322499997],[-69.38178314299995,-28.18178792499998],[-69.30739429999994,-28.128853541999945],[-69.23706446199998,-27.966534200999945],[-69.17330382399996,-27.971427953999978],[-69.12301873799998,-27.901461470999948],[-69.09515867899995,-27.79659464499997],[-68.79901122999996,-27.75567626999998],[-68.72359547999997,-27.789048829999956],[-68.71934100999994,-27.81515074999993],[-68.62579559599993,-27.791916778999962],[-68.58269893999994,-27.819863218999956],[-68.54532617999996,-27.707115339999973],[-68.52135617899995,-27.817916969999942]]]]}},{"type":"Feature","properties":{"gid":"76","name":"Catamarca","in1":"10","source":"IGN"},"geometry":{"type":"MultiPolygon","coordinates":[[[[-68.58766644099995,-27.81785568999993],[-68.62579559599993,-27.791916778999962],[-68.71934100999994,-27.81515074999993],[-68.72359547999997,-27.789048829999956],[-68.79901122999996,-27.75567626999998],[-69.09526471199996,-27.789366622999978],[-69.08962146399995,-27.72144678199993],[-69.04437328199998,-27.697399529999927],[-69.05426656299994,-27.61924837999993],[-68.97524182299998,-27.559699600999977],[-68.98771806699995,-27.52410975899994],[-68.94152927199997,-27.518901434999975],[-68.98090999299995,-27.432129816999975],[-68.93534611299998,-27.444836461999955],[-68.93045036999996,-27.409389568999927],[-68.88752228999994,-27.39831228999998],[-68.87042055999996,-27.317527224999935],[-68.80877325899996,-27.301343473999964],[-68.86846930099995,-27.262352049999947],[-68.84391488599994,-27.160690255999953],[-68.80693859599995,-27.152833028999964],[-68.77790089199993,-27.098816555999974],[-68.67041556599997,-27.098549573999946],[-68.63132705799995,-27.163134662999937],[-68.57501179799993,-27.176882036999928],[-68.55683337199997,-27.114653827999973],[-68.48149008599995,-27.12841132899996],[-68.48392803899998,-27.057679296999936],[-68.45063835499997,-27.095015195999963],[-68.34705042099995,-27.03305368799994],[-68.29412534799997,-27.038098728999955],[-68.31901220799995,-26.98170963299998],[-68.26288356199996,-26.919141508999928],[-68.58769230299998,-26.492037768999978],[-68.55728132399997,-26.286682457999973],[-68.38104837699996,-26.17800035399995],[-68.47727446799996,-25.70117596199998],[-68.54497663699993,-25.63296491699998],[-68.51467580599996,-25.574371044999964],[-68.58908995599995,-25.448312931999965],[-68.59003136899997,-25.414190761999976],[-68.52378111199994,-25.378826127999957],[-68.54793158099994,-25.262411890999942],[-68.50911186599996,-25.232271440999966],[-68.50702824899997,-25.168328446999965],[-67.86460073999996,-25.238400143999968],[-66.87926595599998,-25.241731389999927],[-66.55819123599997,-25.300653718999968],[-66.59979826599994,-25.362251086999947],[-66.53709946899994,-25.37248276899993],[-66.51854821699999,-25.440329891999966],[-66.56390194099998,-25.621761980999963],[-66.60645822299995,-25.62866950199998],[-66.64857721299995,-25.71203184899997],[-66.84717909599993,-25.71701010299995],[-66.87356626599995,-25.766185348999954],[-66.84756582199998,-25.796267599999965],[-66.84663374199994,-25.970069421999938],[-66.77881340399995,-26.04813569099997],[-66.66220088799997,-26.075732371999948],[-66.65934888099997,-26.107205491999935],[-66.58418918299998,-26.15983016599995],[-66.53987674699994,-26.35316249899995],[-66.46102200099995,-26.36409428199994],[-66.38202389799994,-26.41679934299998],[-66.29295777999994,-26.229305745999966],[-66.21617546899995,-26.139473168999928],[-66.17052368099996,-26.133993216999954],[-66.09922496099995,-26.216567701999963],[-66.11912966299997,-26.376966967999977],[-66.15577336199993,-26.397311359999946],[-66.17647467199998,-26.469409026999983],[-66.17123985899997,-26.631212371999936],[-66.04218983799996,-26.600372424999932],[-65.83016143199995,-26.744222176999983],[-65.90047450299994,-26.863790088999963],[-65.85778963299998,-26.929196342999944],[-66.13958189899995,-27.26182825999996],[-65.97197386799996,-27.332926131999955],[-65.97118480899996,-27.524442798999928],[-65.93003202899996,-27.646509140999967],[-65.86548656099995,-27.68900843299997],[-65.83225787799995,-27.85092137999993],[-65.79882224099998,-27.786764867999977],[-65.75323549099994,-27.769969593999974],[-65.70391372599994,-27.808093763999977],[-65.66626619099998,-27.973235046999946],[-65.61748724199998,-27.97168839699998],[-65.57632827999998,-28.014122719999932],[-65.49844727199996,-27.92277188299994],[-65.37088445999996,-27.846144769999967],[-65.17079821899995,-27.946464539999965],[-65.11239141999994,-28.186654129999965],[-65.09708862999997,-28.470938028999967],[-65.12589062699993,-28.611467689999984],[-65.18461650299997,-28.600569931999928],[-65.18749451899998,-28.62357604999994],[-65.13652164899997,-28.64688019099998],[-65.12683540099994,-28.716219096999964],[-65.01662655999996,-28.737805341999945],[-64.90112789699998,-28.84131189599998],[-64.85449046099995,-29.19739822799994],[-64.78120306299996,-29.265450810999937],[-64.82474719999993,-29.273778925999977],[-64.84273503099996,-29.31586507299994],[-64.78596949299998,-29.40549701799995],[-64.82593692999995,-29.473653645999946],[-64.82462822799994,-29.574304841999947],[-64.96405219199994,-29.596091497999964],[-64.93793209899997,-29.847511122999947],[-65.15827018299996,-30.047266870999977],[-65.42298521799995,-30.119602481999948],[-65.71924729899996,-29.40993619099993],[-65.71725829299999,-29.328611509999973],[-65.74833990099995,-29.26968607899994],[-65.81618544999998,-29.269846778999977],[-65.81737384899998,-29.17885597099996],[-66.09972399999998,-28.944417160999933],[-66.40015413999998,-28.860725799999955],[-66.41130131999995,-28.81476755999995],[-66.35151298899996,-28.72094586999998],[-66.49621653299994,-28.622293807999938],[-66.49627299099996,-28.531338910999978],[-66.53092501999998,-28.531453650999936],[-66.51402807899996,-28.465431988999967],[-66.57080960699994,-28.28863389099996],[-67.01624469899997,-28.254250680999974],[-67.07466046799993,-28.270193069999948],[-67.15544316299997,-28.384407195999984],[-67.37530535799993,-28.38452616899997],[-67.69146433599997,-28.31183363699995],[-67.84542354999996,-28.374595669999962],[-67.84156838999996,-28.31652852899998],[-67.93244244099998,-28.174782308999966],[-67.91437497899994,-28.113699679999968],[-68.02236429599998,-28.12468439299994],[-68.10731105099995,-28.17346334299998],[-68.14121837099998,-28.10184156899993],[-68.24615259899997,-28.071146520999946],[-68.27470612999997,-28.09506010299998],[-68.28619384799998,-28.02648925799997],[-68.45669897999994,-28.015590746999976],[-68.44028070099995,-27.87365590099995],[-68.51407709899996,-27.84255706999994],[-68.54532617999996,-27.707115339999973],[-68.58766644099995,-27.81785568999993]]]]}},{"type":"Feature","properties":{"gid":"77","name":"Santa Cruz","in1":"78","source":"IGN"},"geometry":{"type":"MultiPolygon","coordinates":[[[[-72.69932716999995,-48.89748864099994],[-72.68841597599999,-48.86477597199996],[-72.63956733599997,-48.86616258399994],[-72.53051882199998,-48.793330922999985],[-72.58574968199997,-48.48731597699998],[-72.44159170199998,-48.51408681799995],[-72.37350637999998,-48.449822651999966],[-72.40640748499999,-48.41607535099996],[-72.34775952099994,-48.39019930699993],[-72.38069046699997,-48.350127816999986],[-72.27798131199995,-48.36261296699996],[-72.22673723999998,-48.32197177299997],[-72.31669910699998,-48.23401023799994],[-72.29973744399996,-48.15847975199995],[-72.36102185099998,-48.07331921999997],[-72.44445300899997,-48.06431769399995],[-72.42498670899994,-47.968844485999966],[-72.52811493899998,-47.937187233999964],[-72.46812872899994,-47.81274142999996],[-72.52304664299999,-47.740857905999974],[-72.44207362899994,-47.745378889999984],[-72.42096780099996,-47.66171704299995],[-72.30933660799997,-47.590670813999964],[-72.32751465699994,-47.57234397899998],[-72.29142997699995,-47.51200136999995],[-72.34135102899995,-47.455417781999984],[-72.24479253999993,-47.405782235999936],[-72.19755788599997,-47.41680390399995],[-72.12831558599999,-47.32871626399998],[-72.04735684899998,-47.34029948999995],[-71.99785139499994,-47.29663862299998],[-72.01889019899994,-47.198264122999944],[-71.86436409399994,-47.23010086199997],[-71.89481671499993,-47.21091849499993],[-71.85051654899996,-47.16360972799998],[-71.86021051899996,-47.130860292999955],[-71.95441173899997,-47.07621607599998],[-71.88082613099994,-47.010916419999944],[-71.95770346399996,-46.97451175499998],[-71.97070297499994,-46.90535969699994],[-71.93115643099998,-46.86793936099997],[-71.95538085499999,-46.815182909999976],[-71.83401734699999,-46.79703143299997],[-71.64354885899996,-46.681274164999934],[-71.66957231199996,-46.52855121299996],[-71.75697385199999,-46.34554494399998],[-71.72722507799995,-46.272107769999934],[-71.78009665799993,-46.197226124999986],[-71.86010185499998,-46.19387137299998],[-71.86492083099995,-46.156724665999946],[-71.90042593399994,-46.16393745299996],[-71.91519960299996,-46.139611987999956],[-71.71530677599998,-46.08928984199997],[-71.64601405099995,-45.99991230999996],[-67.59570509499997,-45.99987169499997],[-67.62724486799993,-46.08363269399996],[-67.61366766399993,-46.23144005299997],[-67.44027871999998,-46.54854130399997],[-67.35532244299998,-46.618840098999954],[-67.12162772699998,-46.70744137299994],[-67.07561370999997,-46.77402820999998],[-66.95092043499994,-46.846982483999966],[-66.79193436899993,-46.999144255999965],[-66.63050697499995,-47.04578645099997],[-66.49777587999995,-47.03827687199998],[-66.19769610499998,-47.08740203299993],[-65.94069183099998,-47.07218121599993],[-65.86738063699994,-47.09209730599997],[-65.84162535099995,-47.139381954999976],[-65.73550614899995,-47.202156893999984],[-65.75772079599994,-47.222058706999974],[-65.71784578999996,-47.33216112699995],[-65.73980345599995,-47.51023522899993],[-65.83864150699998,-47.74681551799995],[-66.00531005899995,-47.73077392499994],[-66.28198242099995,-47.87139892599998],[-65.97808837899998,-47.76269531299994],[-65.88085998599996,-47.76268811099993],[-65.85818848199995,-47.87277625399997],[-65.76823057899998,-47.907354580999936],[-65.79039952199997,-47.93803287199995],[-65.76508681499996,-47.950139569999976],[-65.83101692099996,-47.96538715599996],[-65.84680702399999,-47.93907507599994],[-65.92417281899998,-47.93968897599996],[-65.95145571899997,-47.97640881999996],[-65.92411571199995,-47.99024300499997],[-65.93186799599994,-48.017211815999985],[-65.98036738799993,-48.05074339399994],[-65.89643427999994,-48.103029668999966],[-66.12106491699996,-48.12358821299995],[-66.15992627399999,-48.19046058499998],[-66.22825487599994,-48.20129664999996],[-66.33755779699999,-48.27716338499994],[-66.36017897599999,-48.31471734699994],[-66.34300319399995,-48.36880439999993],[-66.44803914599999,-48.35231283199994],[-66.49435297499997,-48.41747199099996],[-66.75319074299995,-48.473165655999935],[-66.83105155299995,-48.52303635099997],[-66.87526193899998,-48.593382736999956],[-66.99058251599996,-48.61344159299995],[-67.12969611799997,-48.68514300199996],[-67.21992527899994,-48.83799957599996],[-67.41308992399996,-48.91271465099993],[-67.55362089099998,-49.01660191899998],[-67.63561711699998,-49.13823996599996],[-67.61389160199997,-49.18518066299998],[-67.66461181499994,-49.20349121099997],[-67.68890380899995,-49.26177978499993],[-67.74139404299996,-49.275329588999966],[-67.71569824199997,-49.31781005899995],[-67.79760742199994,-49.32800292999997],[-67.77209472699997,-49.38067626999998],[-67.83752441399997,-49.38677978399994],[-67.81860351599994,-49.405517576999955],[-67.71380615199996,-49.38592529299996],[-67.66809081999997,-49.25518798799993],[-67.61275485899995,-49.250272722999966],[-67.60360345199996,-49.29567283899996],[-67.68757938999994,-49.48192752999995],[-67.72966729599995,-49.77590041899998],[-67.85517181799997,-49.96318521699993],[-68.14149711999994,-50.10375187599993],[-68.33878774999994,-50.122140350999985],[-68.53192138699995,-49.93359374999994],[-68.63739013699995,-49.77758788999995],[-68.57141113299997,-49.93682861299993],[-68.65911865199996,-49.96490478399994],[-68.87451171899994,-49.96582031299994],[-68.93280029299996,-49.99999999999994],[-68.85906982399996,-49.96917724599996],[-68.67291259799998,-49.99328613299997],[-68.58068847699997,-49.964416503999985],[-68.50927734399994,-50.01977539099994],[-68.49029540999999,-50.088012694999975],[-68.35490621899999,-50.15130540399997],[-68.88000597099995,-50.335618453999984],[-69.07930962499995,-50.56533161799996],[-69.14102808399997,-50.727244422999945],[-69.13201893599995,-50.89958649999994],[-69.22520552999998,-50.97489203899994],[-69.24011230499997,-50.957824706999986],[-69.32122802599997,-50.988403319999975],[-69.39611816399997,-51.07971191399997],[-69.46490478499999,-51.11260986199994],[-69.20550537099996,-50.975280761999954],[-69.16612827199998,-50.98088828099998],[-68.95290653199999,-51.52801061599996],[-68.95853395799998,-51.571994952999944],[-69.03729247999996,-51.56072997999996],[-69.13470458999996,-51.60321044899996],[-69.34411620999998,-51.551574706999986],[-69.61779785099998,-51.626892089999956],[-69.33520507699996,-51.585510253999985],[-69.10339355499997,-51.63427734299995],[-69.11730956999997,-51.655090331999986],[-69.01409912099996,-51.60638427699996],[-68.96132919399997,-51.62389000099995],[-68.70844959599998,-51.98124697299994],[-68.35253011599997,-52.32255190199999],[-68.43259588699993,-52.39768965999997],[-68.41862777799997,-52.33247777799994],[-68.83799722199996,-52.27773611099997],[-68.98687777799995,-52.203580554999974],[-69.19001118899996,-52.150102199999935],[-69.48596413599995,-52.15143850599998],[-69.99549999999994,-52.00071666599996],[-71.92149963499998,-51.99998425899997],[-72.02907295699998,-51.96768265099996],[-71.93207422999996,-51.91992686999998],[-71.95101473899996,-51.87162381199994],[-72.12174921599996,-51.74402947699997],[-72.29711165099997,-51.69940276699998],[-72.28330495899996,-51.63852879799998],[-72.31914638399996,-51.62546362399996],[-72.32702222199998,-51.58733888799998],[-72.44251940599997,-51.58448921799993],[-72.40518447299996,-51.513390922999974],[-72.34466074099998,-51.52073786599993],[-72.35090920599998,-51.48453555699996],[-72.32405277799995,-51.47495555599994],[-72.33826355999997,-51.42482893099998],[-72.30896763599998,-51.366446475999965],[-72.37170480599997,-51.33626193199996],[-72.25948736199996,-51.25404362299997],[-72.30360214999996,-51.20173917699998],[-72.34875755099995,-51.203609953999944],[-72.40905983499994,-51.107489544999964],[-72.37618055599995,-51.07998333299997],[-72.37553055599994,-51.058747221999965],[-72.37416944399996,-51.02320833199997],[-72.26566518699997,-51.035227694999946],[-72.24806429799997,-50.87503362299998],[-72.35032655199996,-50.74021939099998],[-72.28624766699994,-50.65964608199994],[-72.33804615399998,-50.65046175899994],[-72.35918855699998,-50.61612122899999],[-72.40778904799998,-50.63640613299998],[-72.49037823599997,-50.60029781399993],[-72.54843708499999,-50.620547026999986],[-72.59469499599999,-50.68165872399993],[-72.72974487499994,-50.61495172399998],[-72.89143781599995,-50.670176158999936],[-72.95469935599994,-50.740959174999944],[-73.06970214799998,-50.78887939499998],[-73.09692382799994,-50.773376464999956],[-73.26751708999996,-50.82397460799996],[-73.28491210899995,-50.787902831999986],[-73.25598144499997,-50.750122069999975],[-73.28601074199997,-50.739501952999944],[-73.17272949199997,-50.67669677599997],[-73.27081298799999,-50.64880370999998],[-73.28869628899997,-50.58599853499993],[-73.38641357399996,-50.51641845599994],[-73.36450195299994,-50.48791503899997],[-73.43261718799994,-50.483093260999965],[-73.40368652299998,-50.45080566399997],[-73.48638915999999,-50.382080076999955],[-73.48071289099994,-50.32568359399994],[-73.56542968799994,-50.27069091699997],[-73.55517578099995,-50.184387206999986],[-73.52081298799999,-50.15307617199994],[-73.54150390599995,-50.11901855499997],[-73.48291015599995,-50.05407714699993],[-73.56658935499996,-50.020385741999974],[-73.50518798799999,-49.96649169799997],[-73.55261230499997,-49.92388915999993],[-73.43878173799999,-49.75781249999994],[-73.50909423799999,-49.705200193999985],[-73.46368408199999,-49.61889648299996],[-73.54968261699997,-49.53808593799994],[-73.53961181599993,-49.49822997899997],[-73.46380615199996,-49.48248290999993],[-73.49041747899997,-49.42871093699995],[-73.42620849599996,-49.39190673799993],[-73.41058349599996,-49.31939697299998],[-73.49670410199997,-49.26831054699994],[-73.47308349599996,-49.20330810399997],[-73.04559326199995,-49.27368164099994],[-73.13318885799998,-49.26717525999993],[-73.14543118499995,-49.19015210699996],[-73.00491449499998,-49.06345056699996],[-72.98962883699994,-48.990220275999945],[-72.92308007199995,-48.93558785099998],[-72.79458917799997,-48.96808176999997],[-72.74814209899995,-48.91028942099996],[-72.69932716999995,-48.89748864099994]]],[[[-65.99021148699995,-47.76167678699994],[-66.05480956999997,-47.78642272899998],[-65.99021148699995,-47.76167678699994]]],[[[-69.41580963099995,-51.08957672099996],[-69.45420837399996,-51.107574462999935],[-69.41580963099995,-51.08957672099996]]],[[[-67.69103240999993,-49.269168853999986],[-67.73364257799994,-49.27687454199997],[-67.69103240999993,-49.269168853999986]]],[[[-67.69034576399997,-49.295410155999946],[-67.69034576399997,-49.295410155999946]]],[[[-65.71410369899996,-47.909584044999974],[-65.71410369899996,-47.909584044999974]]],[[[-66.15526580699998,-47.81534194899996],[-66.15526580699998,-47.81534194899996]]],[[[-65.93426513699995,-47.76215743999995],[-65.93426513699995,-47.76215743999995]]],[[[-66.06521606399997,-47.78159332299998],[-66.06521606399997,-47.78159332299998]]],[[[-66.16945648199999,-47.81887435799996],[-66.16945648199999,-47.81887435799996]]],[[[-67.04581451399997,-48.75511550899995],[-67.04581451399997,-48.75511550899995]]],[[[-66.05680084199997,-47.77422332699996],[-66.05680084199997,-47.77422332699996]]],[[[-65.89647674599996,-48.07657623299997],[-65.89647674599996,-48.07657623299997]]],[[[-65.74011993399995,-47.92042922899998],[-65.74011993399995,-47.92042922899998]]],[[[-67.13771820099998,-48.73834991499996],[-67.13771820099998,-48.73834991499996]]],[[[-65.96763610799997,-47.75248718299997],[-65.96763610799997,-47.75248718299997]]],[[[-65.88860320999999,-48.083339689999946],[-65.88860320999999,-48.083339689999946]]],[[[-65.86453247099996,-47.96060943599997],[-65.86453247099996,-47.96060943599997]]],[[[-65.90379333399994,-48.00659942599998],[-65.90379333399994,-48.00659942599998]]],[[[-65.98416900599995,-48.11070251499996],[-65.98416900599995,-48.11070251499996]]],[[[-65.89422607399996,-48.11558532699996],[-65.89422607399996,-48.11558532699996]]],[[[-67.05786132799994,-48.74988937399996],[-67.05786132799994,-48.74988937399996]]],[[[-65.99207305899995,-48.114208220999956],[-65.99207305899995,-48.114208220999956]]],[[[-65.75595855699999,-47.913219451999964],[-65.75595855699999,-47.913219451999964]]],[[[-66.22116088899998,-48.24693679699993],[-66.22116088899998,-48.24693679699993]]],[[[-65.76081085199996,-47.953948974999946],[-65.76081085199996,-47.953948974999946]]],[[[-66.10604858399995,-48.12554168699995],[-66.10604858399995,-48.12554168699995]]],[[[-66.32528686499995,-48.36027145299994],[-66.32528686499995,-48.36027145299994]]],[[[-65.89071655299995,-48.088180540999986],[-65.89071655299995,-48.088180540999986]]],[[[-67.14345550499996,-48.744956968999986],[-67.14345550499996,-48.744956968999986]]],[[[-65.87065887499995,-47.95012283199998],[-65.87065887499995,-47.95012283199998]]],[[[-65.88765716599994,-48.00120162899998],[-65.88765716599994,-48.00120162899998]]],[[[-65.87012481699998,-47.95606613199993],[-65.87012481699998,-47.95606613199993]]],[[[-66.08391570999999,-48.13044357299998],[-66.08391570999999,-48.13044357299998]]],[[[-65.87007141099997,-47.95970916699997],[-65.87007141099997,-47.95970916699997]]],[[[-66.10859680199997,-48.14204406599998],[-66.10859680199997,-48.14204406599998]]],[[[-65.92495727399995,-48.00726318399995],[-65.92495727399995,-48.00726318399995]]]]}}]}